[1785844498.951][INFO]: Starting ChromeDriver 151.0.7922.71 (ef35003457e93c278f911a334b06e4a5f8967e06-refs/branch-heads/7922_47@{#11}) on port 42377
[1785844498.951][INFO]: Please see https://chromedriver.chromium.org/security-considerations for suggestions on keeping ChromeDriver safe.
[1785844498.981][INFO]: ChromeDriver was started successfully on port 42377
[1785844499.020][INFO]: [a90c3b2f4a48d5352240843ed6bac79e] COMMAND InitSession {
   "capabilities": {
      "alwaysMatch": {
         "browserName": "chrome",
         "browserVersion": null,
         "goog:chromeOptions": {
            "args": [ "--user-data-dir=/home/gnaveenpaul123/.config/fraud_profile", "--profile-directory=Default", "--start-maximized" ],
            "binary": "/usr/bin/chromium",
            "extensions": [  ]
         },
         "pageLoadStrategy": "normal"
      },
      "firstMatch": [ {
      } ]
   }
}
[1785844499.026][INFO]: Populating Preferences file: {
   "accessibility": {
      "captions": {
         "headless_caption_enabled": false
      }
   },
   "account_tracker_service_last_update": "13430304116665012",
   "alternate_error_pages": {
      "enabled": false
   },
   "announcement_notification_service_first_run_time": "13430077408270636",
   "apps": {
      "shortcuts_arch": "",
      "shortcuts_version": 0
   },
   "autocomplete": {
      "retention_policy_last_version": 151
   },
   "autofill": {
      "ai_last_version_deduped": 151,
      "autofill_ai": {
         "opt_in_status": {
         }
      },
      "credit_card_enabled": false,
      "last_version_deduped": 151,
      "profile_enabled": false
   },
   "bookmark": {
      "storage_computation_last_update": "13430304116646944"
   },
   "bookmark_bar": {
      "show_on_all_tabs": true
   },
   "browser": {
      "check_default_browser": false,
      "has_seen_welcome_page": true,
      "show_home_button": true,
      "window_placement": {
         "bottom": 759,
         "left": 0,
         "maximized": false,
         "right": 1408,
         "top": 0,
         "work_area_bottom": 785,
         "work_area_left": 0,
         "work_area_right": 1396,
         "work_area_top": 0
      }
   },
   "commerce_daily_metrics_last_update_time": "13430304116654585",
   "credentials_enable_autosignin": false,
   "credentials_enable_service": false,
   "default_apps": "noinstall",
   "default_apps_install_state": 2,
   "dns_prefetching": {
      "enabled": false
   },
   "domain_diversity": {
      "last_reporting_timestamp": "13430304116655800",
      "last_reporting_timestamp_v4": "13430304116656089"
   },
   "dual_layer_user_pref_store": {
      "user_selected_sync_types": [  ]
   },
   "enterprise_profile_guid": "589543de-d588-48ce-a10a-208bbdb26acc",
   "extensions": {
      "alerts": {
         "initialized": true
      },
      "chrome_url_overrides": {
      },
      "install": {
         "initiallist": [  ],
         "initialprovidername": ""
      },
      "last_chrome_version": "151.0.7922.71",
      "settings": {
         "mhjfbmdgcfjbbpaeojofohoefgiehjai": {
            "account_extension_type": 0,
            "active_permissions": {
               "api": [ "contentSettings", "fileSystem", "fileSystem.write", "metricsPrivate", "tabs", "resourcesPrivate", "pdfViewerPrivate" ],
               "explicit_host": [ "chrome://resources/*", "chrome://webui-test/*" ],
               "manifest_permissions": [  ],
               "scriptable_host": [  ]
            },
            "commands": {
            },
            "content_settings": [  ],
            "creation_flags": 1,
            "disable_reasons": [  ],
            "events": [  ],
            "first_install_time": "13430077408678519",
            "from_webstore": false,
            "incognito_content_settings": [  ],
            "incognito_preferences": {
            },
            "last_loaded_browser_version": "151.0.7922.71",
            "last_update_time": "13430077408678519",
            "location": 5,
            "manifest": {
               "content_security_policy": "script-src 'self' blob: filesystem: chrome://resources chrome://webui-test; object-src * blob: externalfile: file: filesystem: data:",
               "description": "",
               "incognito": "split",
               "key": "MIGfMA0GCSqGSIb3DQEBAQUAA4GNADCBiQKBgQDN6hM0rsDYGbzQPQfOygqlRtQgKUXMfnSjhIBL7LnReAVBEd7ZmKtyN2qmSasMl4HZpMhVe2rPWVVwBDl6iyNE/Kok6E6v6V3vCLGsOpQAuuNVye/3QxzIldzG/jQAdWZiyXReRVapOhZtLjGfywCvlWq7Sl/e3sbc0vWybSDI2QIDAQAB",
               "manifest_version": 2,
               "mime_types": [ "application/pdf" ],
               "mime_types_handler": "index.html",
               "name": "Chromium PDF Viewer",
               "offline_enabled": true,
               "permissions": [ "chrome://resources/", "chrome://webui-test/", "contentSettings", "metricsPrivate", "pdfViewerPrivate", "resourcesPrivate", "tabs", {
                  "fileSystem": [ "write" ]
               } ],
               "version": "1",
               "web_accessible_resources": [ "pdf_embedder.css" ]
            },
            "path": "/usr/lib/chromium/resources/pdf",
            "preferences": {
            },
            "regular_only_preferences": {
            },
            "was_installed_by_default": false,
            "was_installed_by_oem": false
         }
      }
   },
   "gaia_cookie": {
      "changed_time": 1785603814.762896,
      "hash": "2jmj7l5rSw0yVb/vlWAYkK/YBwk=",
      "last_list_accounts_binary_data": "",
      "periodic_report_time_2": "13430304115694364"
   },
   "gcm": {
      "product_category_for_subtypes": "org.chromium.linux"
   },
   "google": {
      "services": {
         "signin_scoped_device_id": "7ceeeb2f-8cd2-4e43-bc71-50ac857cc560"
      }
   },
   "hide_web_store_icon": true,
   "homepage": "https://www.debian.org",
   "homepage_is_newtabpage": true,
   "import_bookmarks": false,
   "in_product_help": {
      "new_badge": {
         "Compose": {
            "feature_enabled_time": "13430077408712318",
            "show_count": 0,
            "used_count": 0
         },
         "ComposeNudge": {
            "feature_enabled_time": "13430077408712365",
            "show_count": 0,
            "used_count": 0
         },
         "ComposeProactiveNudge": {
            "feature_enabled_time": "13430077408712376",
            "show_count": 0,
            "used_count": 0
         },
         "GlicAppMenuNewBadge": {
            "feature_enabled_time": "13430077408712410",
            "show_count": 0,
            "used_count": 0
         },
         "GlicKeyboardShortcutNewBadge": {
            "feature_enabled_time": "13430077408712396",
            "show_count": 0,
            "used_count": 0
         },
         "LensOverlay": {
            "feature_enabled_time": "13430077408712428",
            "show_count": 0,
            "used_count": 0
         }
      },
      "recent_session_enabled_time": "13430077408715318",
      "recent_session_start_times": [ "13430304115778201", "13430077408715318" ],
      "session_last_active_time": "13430311603281631",
      "session_number": 3,
      "session_start_time": "13430304115778201"
   },
   "intl": {
      "selected_languages": "en-US,en"
   },
   "invalidation": {
      "per_sender_registered_for_invalidation": {
         "1013309121859": {
         },
         "947318989803": {
         }
      }
   },
   "management": {
      "profile": {
         "last_log_time": "13430304115668908"
      }
   },
   "media": {
      "engagement": {
         "schema_version": 5
      }
   },
   "media_router": {
      "receiver_id_hash_token": "R4CfwpnXLZ4pCLD5HeJSLFBMEMbfXR4WdeZGqwoJG+/o7jPeusl7/rtjtFkSUggF3pI5aYDOhTTa1nLyGK6dlw=="
   },
   "net": {
      "network_prediction_options": 2
   },
   "ntp": {
      "num_personal_suggestions": 1
   },
   "optimization_guide": {
      "hintsfetcher": {
         "hosts_successfully_fetched": {
         }
      },
      "previous_optimization_types_with_filter": {
         "A2A_MERCHANT_ALLOWLIST": true,
         "AMERICAN_EXPRESS_CREDIT_CARD_FLIGHT_BENEFITS": true,
         "AMERICAN_EXPRESS_CREDIT_CARD_SUBSCRIPTION_BENEFITS": true,
         "AUTOFILL_ABLATION_SITES_LIST1": true,
         "AUTOFILL_ABLATION_SITES_LIST2": true,
         "AUTOFILL_ABLATION_SITES_LIST3": true,
         "AUTOFILL_ABLATION_SITES_LIST4": true,
         "AUTOFILL_ABLATION_SITES_LIST5": true,
         "AUTOFILL_ACTOR_IFRAME_ORIGIN_ALLOWLIST": true,
         "BMO_CREDIT_CARD_AIR_MILES_PARTNER_BENEFITS": true,
         "BMO_CREDIT_CARD_ALCOHOL_STORE_BENEFITS": true,
         "BMO_CREDIT_CARD_DINING_BENEFITS": true,
         "BMO_CREDIT_CARD_DRUGSTORE_BENEFITS": true,
         "BMO_CREDIT_CARD_ENTERTAINMENT_BENEFITS": true,
         "BMO_CREDIT_CARD_GROCERY_BENEFITS": true,
         "BMO_CREDIT_CARD_OFFICE_SUPPLY_BENEFITS": true,
         "BMO_CREDIT_CARD_RECURRING_BILL_BENEFITS": true,
         "BMO_CREDIT_CARD_TRANSIT_BENEFITS": true,
         "BMO_CREDIT_CARD_TRAVEL_BENEFITS": true,
         "BMO_CREDIT_CARD_WHOLESALE_CLUB_BENEFITS": true,
         "BUY_NOW_PAY_LATER_ALLOWLIST_AFFIRM": true,
         "BUY_NOW_PAY_LATER_ALLOWLIST_AFFIRM_ANDROID": true,
         "BUY_NOW_PAY_LATER_ALLOWLIST_KLARNA": true,
         "BUY_NOW_PAY_LATER_ALLOWLIST_KLARNA_ANDROID": true,
         "BUY_NOW_PAY_LATER_ALLOWLIST_ZIP": true,
         "BUY_NOW_PAY_LATER_ALLOWLIST_ZIP_ANDROID": true,
         "BUY_NOW_PAY_LATER_BLOCKLIST_AFFIRM": true,
         "BUY_NOW_PAY_LATER_BLOCKLIST_AFFIRM_ANDROID": true,
         "BUY_NOW_PAY_LATER_BLOCKLIST_KLARNA": true,
         "BUY_NOW_PAY_LATER_BLOCKLIST_KLARNA_ANDROID": true,
         "BUY_NOW_PAY_LATER_BLOCKLIST_ZIP": true,
         "BUY_NOW_PAY_LATER_BLOCKLIST_ZIP_ANDROID": true,
         "CAPITAL_ONE_CREDIT_CARD_BENEFITS_BLOCKED": true,
         "CAPITAL_ONE_CREDIT_CARD_DINING_BENEFITS": true,
         "CAPITAL_ONE_CREDIT_CARD_ENTERTAINMENT_BENEFITS": true,
         "CAPITAL_ONE_CREDIT_CARD_GROCERY_BENEFITS": true,
         "CAPITAL_ONE_CREDIT_CARD_STREAMING_BENEFITS": true,
         "CURINOS_CREDIT_CARD_CAR_RENTAL_BENEFITS": true,
         "CURINOS_CREDIT_CARD_FLIGHT_BENEFITS": true,
         "CURINOS_CREDIT_CARD_HOTEL_BENEFITS": true,
         "DIGITAL_CREDENTIALS_LOW_FRICTION": true,
         "EWALLET_MERCHANT_ALLOWLIST": true,
         "GLIC_ACTION_PAGE_BLOCK": true,
         "HISTORY_CLUSTERS": true,
         "HISTORY_EMBEDDINGS": true,
         "IBAN_AUTOFILL_BLOCKED": true,
         "LENS_OVERLAY_EDU_ACTION_CHIP_ALLOWLIST": true,
         "LENS_OVERLAY_EDU_ACTION_CHIP_BLOCKLIST": true,
         "NTP_NEXT_DEEP_DIVE_ACTION_CHIP_ALLOWLIST": true,
         "NTP_NEXT_DEEP_DIVE_ACTION_CHIP_BLOCKLIST": true,
         "OMNIBOX_AUTOFILL_IFRAME_ALLOWLIST": true,
         "PIX_MERCHANT_ORIGINS_ALLOWLIST": true,
         "PIX_PAYMENT_MERCHANT_ALLOWLIST": true,
         "PIX_PSP_ALLOWLIST": true,
         "SHARED_CREDIT_CARD_DINING_BENEFITS": true,
         "SHARED_CREDIT_CARD_ENTERTAINMENT_BENEFITS": true,
         "SHARED_CREDIT_CARD_FLAT_RATE_BENEFITS_BLOCKLIST": true,
         "SHARED_CREDIT_CARD_FLIGHT_BENEFITS": true,
         "SHARED_CREDIT_CARD_GROCERY_BENEFITS": true,
         "SHARED_CREDIT_CARD_STREAMING_BENEFITS": true,
         "SHARED_CREDIT_CARD_SUBSCRIPTION_BENEFITS": true,
         "SHOPPING_PAGE_PREDICTOR": true,
         "TEXT_CLASSIFIER_ENTITY_DETECTION": true,
         "VCN_MERCHANT_OPT_OUT_DISCOVER": true,
         "VCN_MERCHANT_OPT_OUT_MASTERCARD": true,
         "VCN_MERCHANT_OPT_OUT_VISA": true,
         "WALLETABLE_PASS_DETECTION_ALLOWLIST": true,
         "WALLETABLE_PASS_DETECTION_BOARDING_PASS_ALLOWLIST": true,
         "WALLETABLE_PASS_DETECTION_EVENT_PASS_ALLOWLIST": true,
         "WALLETABLE_PASS_DETECTION_LOYALTY_ALLOWLIST": true,
         "WALLETABLE_PASS_DETECTION_TRANSIT_TICKET_ALLOWLIST": true
      },
      "previously_registered_optimization_types": {
         "ABOUT_THIS_SITE": true,
         "AUTOFILL_ACTOR_IFRAME_ORIGIN_ALLOWLIST": true,
         "DIGITAL_CREDENTIALS_LOW_FRICTION": true,
         "GLIC_ACTION_PAGE_BLOCK": true,
         "HISTORY_CLUSTERS": true,
         "LENS_OVERLAY_EDU_ACTION_CHIP_ALLOWLIST": true,
         "LENS_OVERLAY_EDU_ACTION_CHIP_BLOCKLIST": true,
         "LOADING_PREDICTOR": true,
         "MERCHANT_TRUST_SIGNALS_V2": true,
         "PRICE_INSIGHTS": true,
         "PRICE_TRACKING": true,
         "SAVED_TAB_GROUP": true,
         "SHOPPING_DISCOUNTS": true,
         "SHOPPING_PAGE_TYPES": true,
         "V8_COMPILE_HINTS": true
      }
   },
   "password_manager": {
      "account_store_backup_password_cleaning_last_timestamp": "13430077469330036",
      "account_store_migrated_to_os_crypt_async": true,
      "profile_store_backup_password_cleaning_last_timestamp": "13430077469309772",
      "profile_store_migrated_to_os_crypt_async": true,
      "relaunch_chrome_bubble_dismissed_counter": 0
   },
   "payments": {
      "can_make_payment_enabled": false
   },
   "pinned_tabs": [  ],
   "privacy_sandbox": {
      "first_party_sets_data_access_allowed_initialized": true,
      "first_party_sets_enabled": false
   },
   "profile": {
      "avatar_index": 26,
      "background_password_check": {
         "check_fri_weight": 9,
         "check_interval": "864000000000",
         "check_mon_weight": 4,
         "check_sat_weight": 4,
         "check_sun_weight": 4,
         "check_thu_weight": 9,
         "check_tue_weight": 9,
         "check_wed_weight": 9,
         "next_check_time": "13430262950053408"
      },
      "content_settings": {
         "exceptions": {
            "abusive_notification_permissions": {
            },
            "access_to_get_all_screens_media_in_session": {
            },
            "anti_abuse": {
            },
            "app_banner": {
               "https://duckduckgo.com:443,*": {
                  "last_modified": "13430077442567619",
                  "setting": {
                     "https://duckduckgo.com/": {
                        "next_install_text_animation": {
                           "delay": "86400000000",
                           "last_shown": "13430077442556785"
                        }
                     },
                     "https://duckduckgo.com/?t=crhs": {
                        "couldShowBannerEvents": 1.3430077442567564e+16
                     }
                  }
               },
               "https://www.reddit.com:443,*": {
                  "last_modified": "13430305277495493",
                  "setting": {
                     "https://www.reddit.com/": {
                        "couldShowBannerEvents": 1.3430077470193632e+16,
                        "next_install_text_animation": {
                           "delay": "172800000000",
                           "last_shown": "13430305277495451"
                        }
                     }
                  }
               }
            },
            "ar": {
            },
            "are_suspicious_notifications_allowlisted_by_user": {
            },
            "auto_picture_in_picture": {
            },
            "auto_select_certificate": {
            },
            "automatic_downloads": {
            },
            "automatic_fullscreen": {
            },
            "autoplay": {
            },
            "background_sync": {
            },
            "bluetooth_chooser_data": {
            },
            "bluetooth_guard": {
            },
            "bluetooth_scanning": {
            },
            "camera_pan_tilt_zoom": {
            },
            "captured_surface_control": {
            },
            "client_hints": {
            },
            "clipboard": {
            },
            "controlled_frame": {
            },
            "cookie_controls_metadata": {
               "https://[*.]duckduckgo.com,*": {
                  "last_modified": "13430077436224112",
                  "setting": {
                  }
               },
               "https://[*.]reddit.com,*": {
                  "last_modified": "13430311908096626",
                  "setting": {
                  }
               }
            },
            "cookies": {
            },
            "direct_sockets": {
            },
            "direct_sockets_private_network_access": {
            },
            "display_media_system_audio": {
            },
            "disruptive_notification_permissions": {
            },
            "durable_storage": {
            },
            "fedcm_idp_registration": {
            },
            "fedcm_idp_signin": {
               "https://accounts.google.com:443,*": {
                  "last_modified": "13430077414763309",
                  "setting": {
                     "chosen-objects": [ {
                        "idp-origin": "https://accounts.google.com",
                        "idp-signin-status": false
                     } ]
                  }
               }
            },
            "fedcm_share": {
            },
            "file_system_access_chooser_data": {
            },
            "file_system_access_extended_permission": {
            },
            "file_system_access_restore_permission": {
            },
            "file_system_last_picked_directory": {
            },
            "file_system_read_guard": {
            },
            "file_system_write_guard": {
            },
            "formfill_metadata": {
            },
            "geolocation": {
            },
            "geolocation_with_options": {
            },
            "hand_tracking": {
            },
            "has_migrated_local_network_access": true,
            "hid_chooser_data": {
            },
            "hid_guard": {
            },
            "http_allowed": {
            },
            "https_enforced": {
            },
            "idle_detection": {
            },
            "images": {
            },
            "important_site_info": {
            },
            "initialized_translations": {
            },
            "inline_cue_menu": {
            },
            "intent_picker_auto_display": {
            },
            "javascript": {
            },
            "javascript_jit": {
            },
            "javascript_optimizer": {
            },
            "keyboard_lock": {
            },
            "legacy_cookie_access": {
            },
            "legacy_cookie_scope": {
            },
            "local_fonts": {
            },
            "local_network": {
            },
            "local_network_access": {
            },
            "loopback_network": {
            },
            "media_engagement": {
               "https://duckduckgo.com:443,*": {
                  "expiration": "13438087908100725",
                  "last_modified": "13430311908100735",
                  "lifetime": "7776000000000",
                  "setting": {
                     "hasHighScore": false,
                     "lastMediaPlaybackTime": 0.0,
                     "mediaPlaybacks": 0,
                     "visits": 7
                  }
               },
               "https://www.reddit.com:443,*": {
                  "expiration": "13438087942345388",
                  "last_modified": "13430311942345412",
                  "lifetime": "7776000000000",
                  "setting": {
                     "hasHighScore": false,
                     "lastMediaPlaybackTime": 0.0,
                     "mediaPlaybacks": 0,
                     "visits": 3
                  }
               }
            },
            "media_stream_camera": {
            },
            "media_stream_mic": {
            },
            "midi_sysex": {
            },
            "mixed_script": {
            },
            "nfc_devices": {
            },
            "notification_interactions": {
            },
            "notification_permission_review": {
            },
            "notifications": {
            },
            "ondevice_languages_downloaded": {
            },
            "password_protection": {
            },
            "payment_handler": {
            },
            "permission_actions_history": {
            },
            "permission_autoblocking_data": {
            },
            "permission_autorevocation_data": {
            },
            "pointer_lock": {
            },
            "popups": {
            },
            "protocol_handler": {
            },
            "reduced_accept_language": {
            },
            "safe_browsing_url_check_data": {
            },
            "sensors": {
            },
            "serial_chooser_data": {
            },
            "serial_guard": {
            },
            "site_engagement": {
               "chrome://newtab/,*": {
                  "last_modified": "13430311614546477",
                  "setting": {
                     "lastEngagementTime": 1.3430311614530688e+16,
                     "lastShortcutLaunchTime": 0.0,
                     "pointsAddedToday": 9.0,
                     "rawScore": 13.7813503758336
                  }
               },
               "https://duckduckgo.com:443,*": {
                  "last_modified": "13430304116396542",
                  "setting": {
                     "lastEngagementTime": 1.3430274928097588e+16,
                     "lastShortcutLaunchTime": 0.0,
                     "pointsAddedToday": 0.0,
                     "rawScore": 2.1
                  }
               },
               "https://www.reddit.com:443,*": {
                  "last_modified": "13430311908112772",
                  "setting": {
                     "lastEngagementTime": 1.3430311908102288e+16,
                     "lastShortcutLaunchTime": 0.0,
                     "pointsAddedToday": 4.5,
                     "rawScore": 8.1563267579904
                  }
               }
            },
            "sound": {
            },
            "speaker_selection": {
            },
            "ssl_cert_decisions": {
            },
            "storage_access": {
            },
            "storage_access_header_origin_trial": {
            },
            "sub_apps_without_prompts": {
            },
            "subresource_filter": {
            },
            "subresource_filter_data": {
            },
            "suspicious_notification_ids": {
            },
            "suspicious_notification_show_original": {
            },
            "top_level_storage_access": {
            },
            "unused_site_permissions": {
            },
            "usb_chooser_data": {
            },
            "usb_guard": {
            },
            "vr": {
            },
            "web_app_installation": {
            },
            "webid_api": {
            },
            "webid_auto_reauthn": {
            },
            "window_placement": {
            }
         },
         "pref_version": 1
      },
      "created_by_version": "151.0.7922.71",
      "creation_time": "13430077403884959",
      "default_content_setting_values": {
         "has_migrated_local_network_access": true,
         "payment_handler": 2
      },
      "exit_type": "Normal",
      "family_member_role": "not_in_family",
      "last_engagement_time": "13430311908102288",
      "last_time_obsolete_http_credentials_removed": 1785603869.318659,
      "last_time_password_store_metrics_reported": 1785831405.539383,
      "managed": {
         "locally_parent_approved_extensions": {
         },
         "locally_parent_approved_extensions_migration_state": 1
      },
      "managed_user_id": "",
      "name": "Your Chromium",
      "password_hash_data_list": [  ],
      "were_old_google_logins_removed": true
   },
   "profile_network_context_service": {
      "http_cache_finch_experiment_groups": "None None None None"
   },
   "protection": {
      "macs": {
         "account_values": {
            "browser": {
               "show_home_button": "F6B8688079AA4C4657C3FEDCF3311348C99CB4907EEC8560CC323E4F37D1EA41",
               "show_home_button_encrypted_hash": "djEwotRkFT2vHnhhCIA/V+DRZrZjLnP+b+0VwSGjql5xrXDmPtBAfaZbFURGViRnbnec"
            },
            "extensions": {
               "ui": {
                  "developer_mode": "C4B515ABCB16541C88B522387A89F47E24F150FF18A7256BF19EE2C0896D7555",
                  "developer_mode_encrypted_hash": "djEwnGn4HyLm571QCCeecs4XAyIbPpI4sjZ8ckF6sff8BGbQEywtWeDm4qpSwJqGYOvN"
               }
            },
            "homepage": "0F156BE8FFEDBF22CC2E394D6BD8DDD392F953D0F397958C64EFA57087182457",
            "homepage_encrypted_hash": "djEwez6wt5PtkfTxuN+U9KVU6gUa9/33imjLLrtlo3LT0Y1d/stHX2XjJEWHwpeLGZY1",
            "homepage_is_newtabpage": "BAF0DE42A6FEAC5EF6500592AEC92B79DC055C1E352B0F7BAC0BB6E72ECE67D3",
            "homepage_is_newtabpage_encrypted_hash": "djEwNuiyCSZBdqhV7ESdO8yuXbA1NHRVLQ2svfo+ZK5oaIry2f9Cx4rce+mIbAEw7G0P",
            "session": {
               "restore_on_startup": "81940185F7F78D0317AB3741FA4A283985C31DB3BF95D3A4DDD4CD78FC5021F1",
               "restore_on_startup_encrypted_hash": "djEwFEzg0id00W34Gz2o0K8gX+KMNet+dXfslTgHKA9xnZMI4OplF+GZvcpGWGX5hEYJ",
               "startup_urls": "B41DC391D323AEB2C5465D75AB79284F9F6620BEF161110DE35202261FF03449",
               "startup_urls_encrypted_hash": "djEwghL6jSVRi8mLaRGAB/JzS+xXBtxjeESAqUdFS7oORXVQ1jXID0VGOoaLWOgIcbzO"
            }
         },
         "browser": {
            "show_home_button": "9463DEC4C15E47646D05FD921E0E475249EA15DE77808C4664EF238C54D89FC7",
            "show_home_button_encrypted_hash": "djEw7yR6WqQt12q4/7WXKVhYqUw9ZLLch8Bn5pJ5lZv361SrK7Qk2jN+YH1DB60Z9nkS"
         },
         "default_search_provider_data": {
            "template_url_data": "575D258E47F940C6887685ABA99A5839CBFE4BA30863349DFE0D0C375AAB8816",
            "template_url_data_encrypted_hash": "djEwzkpvA9+swWTDV77WN7hWEwIE+/MvksCTQp4rKgJsLjCiagQhCIMUK3mxnliviILf"
         },
         "enterprise_signin": {
            "policy_recovery_token": "7D3124ECAF7E96407EB65EAF5A43B02C7EE5F2D4A9FA38A9F371F9E1B74D6383",
            "policy_recovery_token_encrypted_hash": "djEwntGC63MNa+3FPXvwkgoSZGXvXYrVoevkgw7qmK06Zwt7RdLbwPV3QCnGv8fsmfLO"
         },
         "extensions": {
            "install": {
               "initiallist": "C4198D2BD78E8583F28949527AFAF812E91E0FDC52A4073D194D2EED1E0B844E",
               "initiallist_encrypted_hash": "djEwQLcC8fv06YTLPrmJnEwK8hfzxuBeLFX/7h419dq6Bxw2Bh1da6JIBsX8BIBeRgwR",
               "initialprovidername": "1E3E28B22E03D48AE3BFCC34F139FE76DEB9E56C69EB2B915C214F54C06B52DB",
               "initialprovidername_encrypted_hash": "djEwPw+Rq9vRNBBUp3VEEukE/yiDjFPkTEkB3Q3LNMRIhucejkbloomj6KJVosUGfFgN"
            },
            "settings": {
               "mhjfbmdgcfjbbpaeojofohoefgiehjai": "B0ADB42C29BA6E67C367485AEF6C9E72F1ED577DCADAE5CBC718B5D4DB5D9872"
            },
            "settings_encrypted_hash": {
               "mhjfbmdgcfjbbpaeojofohoefgiehjai": "djEw9E5LZxUnyFMb8nCeUmcWIwYUj0r8k0Ga5rn20bxcJyNX2koMpU+tPejgtUQf8A1h"
            },
            "ui": {
               "developer_mode": "55A29C051727FCAC1BDA847CCDE40838B2068CFA589E88819EA9FB17E4BD7320",
               "developer_mode_encrypted_hash": "djEwuSLe9IdmBUATWBHHs7zsIrMSzx7pZ6JTHR8otknIBz+qN2MkhgBcyaDLS6rEKzM/"
            }
         },
         "google": {
            "services": {
               "account_id": "E5B4CD7C5FA271A47D07D462465AFD63DBF6A8CDFAFEF4839D13F8F552131486",
               "account_id_encrypted_hash": "djEws5EOag2fZGfyxpqHcku8joB6KwiFyWcmiFR/aVXfXX6OvP/bjwC8JQV6CzNTKMMu",
               "last_signed_in_username": "82DB8D884695C643C31778B7B50DBB376848E2F81B5A1AECDA34FD448CECD10D",
               "last_signed_in_username_encrypted_hash": "djEwxOmun3qSdHJMQzaJrU+kjwQLP+13cHAn1VOQvoQtqSk/p/pGFhbaSzbJpX4wwHgm",
               "last_username": "24FCEF9BF7DF12A2935BE143E58951E09DBAA1D3E0E24430C0FF93009F5D6AFD",
               "last_username_encrypted_hash": "djEwUrwWTlb71Rdn7Dja+dvU5v0mcEbu5mgSO71viEUKKH+f/HHPQ9PpahcBiBCBPv8C"
            }
         },
         "homepage": "612967A208F154218AEDE6D1D3C112663279440137971DED3749F688D094D9E2",
         "homepage_encrypted_hash": "djEwVHl5mtEClsWu8c45Grwtq7yvcZkHcSGf2qlmABOh+6shzMulkRyqGnkOch0qt8CR",
         "homepage_is_newtabpage": "547DD594A200A6C826A149309738E7FAD622F4D7B1B875CD6ECB2E96F2940E21",
         "homepage_is_newtabpage_encrypted_hash": "djEw0Iu/L56MWItg1h+BGnzTQCaqG2koj0Kt+TvQO2gRWyoo6ZuYgaOPhX8GDZNFCI4O",
         "media": {
            "storage_id_salt": "E1848263E6199A89D48A7FDF168364BF0F31246A18227F3D149D4088C7F4D667",
            "storage_id_salt_encrypted_hash": "djEwmus7A6SiHO78MEjfL8UH7gPMKzNqfXxuxeOCVs7oMQHvhcUctFVQ/H+biDlrSfmN"
         },
         "pinned_tabs": "699F1AC92729A024B80605AFC3C63BFB2A35B70C4214581BBE108F851528E9E8",
         "pinned_tabs_encrypted_hash": "djEwWWzDrSaMLtgsEw/+Gm0mxCsOZDVi9oV24mKKlydfO4BJ+oH89l9wazE660PTgWyL",
         "prefs": {
            "preference_reset_time": "95C909F3D0669D5931907B455F099C510E7770D9F0BA6FF13E4C76101B44F757",
            "preference_reset_time_encrypted_hash": "djEwyqoM/JGpKiFlXV3eoINFUv2ETBFL4NGU4ieOBHK8c6NFWgNZelQ+eaT90ssc6IS/"
         },
         "safebrowsing": {
            "incidents_sent": "569707D9A4676B72F48BE92B740BE3EF895419C8A646F1AE1BA70BD9C3B41845",
            "incidents_sent_encrypted_hash": "djEwMiMAX53T1art8hiNWR2KtJtvDx/Ug453nMjIrrEJhrKvzT9/gP0n1oArCPjd05vR"
         },
         "schedule_to_flush_to_disk": "810BD9679B30778EB4487262F2C04C5DE8AE40411DD2F8B9532E943F02AB2FE6",
         "schedule_to_flush_to_disk_encrypted_hash": "djEwNQvQWEOEbWAUG+rH8pbenPIRqzfqwIHGI1YFLrcm8w3irTMgml5mmTpcLogahviA",
         "search_provider_overrides": "359EACF4B741613E008062C66B6DAD80C68DDBC38DABA7455548A8BEE34C3FE7",
         "search_provider_overrides_encrypted_hash": "djEwxLDV6cQXF45t8X1gtiM0J6FMjEfgzGIaY583WfvBLRY4NGdcJcsCTUqfQ3RCsose",
         "session": {
            "restore_on_startup": "F9BD26F5D1AA6AB5258754888529CB2A82AE68D1703BCC2A97DEAEE5DDDA190E",
            "restore_on_startup_encrypted_hash": "djEw9KqVM3yzw2hBpRQs9cgmZz1EepB9mkNSYLmMWTe+s949xVxZNzKTFwIKzQYpLzqG",
            "startup_urls": "8BB8DBC1D7CA5C58F821C38254FB2B9C874F8EE9B9905B57DE48C731C6C91837",
            "startup_urls_encrypted_hash": "djEwQZx2i/wNzOqRtH3q8zoq3uvH2GfwPEM4MJtVt+cymnLfCjxp2xQeLnhTdFdNMrtB"
         }
      },
      "super_encrypted_hash": "djEwU0ho6cj+It0ohLmMW1l0JsJkjosNg1RDSxka4nD7MYofZ31clDDHO7Fi1IfuHq6y"
   },
   "safebrowsing": {
      "enabled": false,
      "event_timestamps": {
      },
      "metrics_last_log_time": "13430304115",
      "scout_reporting_enabled_when_deprecated": false
   },
   "safety_hub": {
      "unused_site_permissions_revocation": {
         "migration_completed": true
      }
   },
   "saved_tab_groups": {
      "did_enable_shared_tab_groups_in_last_session": false,
      "specifics_to_data_migration": true
   },
   "schedule_to_flush_to_disk": "13430311605238786",
   "search": {
      "suggest_enabled": false
   },
   "search_provider_overrides": [ {
      "enabled": true,
      "encoding": "UTF-8",
      "favicon_url": "https://duckduckgo.com/favicon.ico",
      "id": 2,
      "keyword": "duckduckgo.com",
      "name": "DuckDuckGo",
      "new_tab_url": "https://duckduckgo.com/chrome_newtab",
      "search_url": "https://duckduckgo.com/?q={searchTerms}",
      "suggest_url": "https://duckduckgo.com/ac/?q={searchTerms}&type=list"
   } ],
   "search_provider_overrides_version": 1,
   "segmentation_platform": {
      "client_result_prefs": "CuUCChFjcm9zc19kZXZpY2VfdXNlchLPAgrDAg0AAIA/ELGQpdOl2e0XGrACCqcCGqQCChkNAACAPxISTm9Dcm9zc0RldmljZVVzYWdlChgNAAAAQBIRQ3Jvc3NEZXZpY2VNb2JpbGUKGQ0AAEBAEhJDcm9zc0RldmljZURlc2t0b3AKGA0AAIBAEhFDcm9zc0RldmljZVRhYmxldAoiDQAAoEASG0Nyb3NzRGV2aWNlTW9iaWxlQW5kRGVza3RvcAohDQAAwEASGkNyb3NzRGV2aWNlTW9iaWxlQW5kVGFibGV0CiINAADgQBIbQ3Jvc3NEZXZpY2VEZXNrdG9wQW5kVGFibGV0CiANAAAAQRIZQ3Jvc3NEZXZpY2VBbGxEZXZpY2VUeXBlcwoXDQAAEEESEENyb3NzRGV2aWNlT3RoZXISEk5vQ3Jvc3NEZXZpY2VVc2FnZRIEEAcYBCACEPSRpdOl2e0XClIKDXNob3BwaW5nX3VzZXISQQo2DQAAAAAQxJak06XZ7RcaJAocChoNAAAAPxIMU2hvcHBpbmdVc2VyGgVPdGhlchIEEAIYBCADELuXpNOl2e0X",
      "device_switcher_util": {
         "result": {
            "labels": [ "NotSynced" ]
         }
      },
      "last_db_compaction_time": "13430188799000000",
      "uma_in_sql_start_time": "13430077408149415"
   },
   "sessions": {
      "event_log": [ {
         "crashed": false,
         "time": "13430077408107546",
         "type": 0
      }, {
         "did_schedule_command": true,
         "first_session_service": true,
         "tab_count": 1,
         "time": "13430077544003179",
         "type": 2,
         "window_count": 1
      }, {
         "crashed": false,
         "time": "13430077829164335",
         "type": 0
      }, {
         "did_schedule_command": true,
         "first_session_service": true,
         "tab_count": 1,
         "time": "13430079152955612",
         "type": 2,
         "window_count": 1
      }, {
         "crashed": false,
         "time": "13430304115718945",
         "type": 0
      }, {
         "did_schedule_command": true,
         "first_session_service": true,
         "tab_count": 1,
         "time": "13430304126885838",
         "type": 2,
         "window_count": 1
      }, {
         "crashed": false,
         "time": "13430304975647550",
         "type": 0
      }, {
         "did_schedule_command": true,
         "first_session_service": true,
         "tab_count": 1,
         "time": "13430305291849400",
         "type": 2,
         "window_count": 1
      }, {
         "crashed": false,
         "time": "13430306543092558",
         "type": 0
      }, {
         "did_schedule_command": true,
         "first_session_service": true,
         "tab_count": 1,
         "time": "13430306721139021",
         "type": 2,
         "window_count": 1
      }, {
         "crashed": false,
         "time": "13430311360937941",
         "type": 0
      }, {
         "did_schedule_command": true,
         "first_session_service": true,
         "tab_count": 1,
         "time": "13430311383024269",
         "type": 2,
         "window_count": 1
      }, {
         "crashed": false,
         "time": "13430311603192121",
         "type": 0
      }, {
         "did_schedule_command": true,
         "first_session_service": true,
         "tab_count": 1,
         "time": "13430311941448910",
         "type": 2,
         "window_count": 1
      } ],
      "session_data_status": 5
   },
   "settings": {
      "force_google_safesearch": false
   },
   "signin": {
      "accounts_metadata_dict": {
      },
      "allowed": false,
      "allowed_on_next_startup": false
   },
   "site_search_settings": {
      "overridden_keywords": [  ]
   },
   "spellcheck": {
      "dictionaries": [ "en-US" ],
      "dictionary": ""
   },
   "sync": {
      "data_type_status_for_sync_to_signin": {
         "account_setting": false,
         "ai_thread": false,
         "app_list": false,
         "app_settings": false,
         "apps": false,
         "arc_package": false,
         "autofill": false,
         "autofill_profiles": false,
         "autofill_valuable": false,
         "autofill_valuable_metadata": false,
         "autofill_wallet": false,
         "autofill_wallet_credential": false,
         "autofill_wallet_metadata": false,
         "autofill_wallet_offer": false,
         "autofill_wallet_usage": false,
         "bookmarks": false,
         "collaboration_group": false,
         "contact_info": false,
         "contextual_task": false,
         "cookies": false,
         "device_info": false,
         "dictionary": false,
         "extension_settings": false,
         "extensions": false,
         "gemini_thread": false,
         "history": false,
         "history_delete_directives": false,
         "incoming_password_sharing_invitation": false,
         "managed_user_settings": false,
         "nigori": false,
         "os_preferences": false,
         "os_priority_preferences": false,
         "outgoing_password_sharing_invitation": false,
         "passwords": false,
         "plus_address": false,
         "plus_address_setting": false,
         "preferences": false,
         "printers": false,
         "printers_authorization_servers": false,
         "priority_preferences": false,
         "product_comparison": false,
         "reading_list": false,
         "saved_tab_group": false,
         "search_engines": false,
         "security_events": false,
         "send_tab_to_self": false,
         "sessions": false,
         "shared_comment": false,
         "shared_tab_group_account_data": false,
         "shared_tab_group_data": false,
         "sharing_message": false,
         "skill": false,
         "themes": false,
         "themes_android": false,
         "themes_ios": false,
         "user_consent": false,
         "user_events": false,
         "web_apps": false,
         "webapks": false,
         "webauthn_credential": false,
         "wifi_configurations": false,
         "workspace_desk": false
      },
      "encryption_bootstrap_token_per_account_migration_done": true,
      "feature_status_for_sync_to_signin": 5
   },
   "syncing_theme_prefs_migrated_to_non_syncing": true,
   "toolbar": {
      "pinned_cast_migration_complete": true,
      "pinned_chrome_labs_migration_complete": true
   },
   "total_passwords_available_for_account": 0,
   "total_passwords_available_for_profile": 0,
   "web_apps": {
      "did_migrate_default_chrome_apps": [ "MigrateDefaultChromeAppToWebAppsGSuite", "MigrateDefaultChromeAppToWebAppsNonGSuite" ],
      "last_preinstall_synchronize_version": "151"
   }
}
[1785844499.031][INFO]: Populating Local State file: {
   "autofill": {
      "ablation_seed": "aH/+CVQWUiE="
   },
   "breadcrumbs": {
      "enabled": false,
      "enabled_time": "13430077406636859"
   },
   "browser": {
      "first_run_finished": true
   },
   "chrome_labs_activation_threshold": 1,
   "chrome_labs_new_badge_dict": {
   },
   "hardware_acceleration_mode_previous": true,
   "legacy": {
      "profile": {
         "name": {
            "migrated": true
         }
      }
   },
   "local": {
      "password_hash_data_list": [  ]
   },
   "management": {
      "platform": {
         "last_log_time": "13430304115668867"
      }
   },
   "network_time": {
      "network_time_mapping": {
         "local": 1.785830516912821e+12,
         "network": 1.785830517143e+12,
         "ticks": 55832862197.0,
         "uncertainty": 10087508.0
      }
   },
   "optimization_guide": {
      "model_execution": {
         "last_usage_by_feature": {
         }
      },
      "model_store_metadata": {
      },
      "on_device": {
         "last_version": "151.0.7922.71",
         "model_crash_count": 0,
         "performance_class": 7,
         "performance_class_version": "151.0.7922.71"
      },
      "predictionmodelfetcher": {
         "last_fetch_attempt": "13430311783957295"
      }
   },
   "os_crypt": {
      "portal": {
         "prev_desktop": "X-Generic",
         "prev_init_success": false
      }
   },
   "performance_intervention": {
      "last_daily_sample": "13430304116404361"
   },
   "policy": {
      "last_statistics_update": "13430304115384384"
   },
   "profile": {
      "info_cache": {
         "Default": {
            "active_time": 1785837763.362008,
            "ai_subscription_tier": 0,
            "avatar_icon": "chrome://theme/IDR_PROFILE_AVATAR_26",
            "background_apps": false,
            "default_avatar_fill_color": -2890755,
            "default_avatar_stroke_color": -16166200,
            "enterprise_label": "",
            "force_signin_profile_locked": false,
            "gaia_given_name": "",
            "gaia_id": "",
            "gaia_name": "",
            "hosted_domain": "",
            "is_consented_primary_account": false,
            "is_ephemeral": false,
            "is_glic_eligible": false,
            "is_managed": 0,
            "is_using_default_avatar": true,
            "is_using_default_name": false,
            "managed_user_id": "",
            "metrics_bucket_index": 1,
            "name": "Work",
            "profile_color_seed": -16033840,
            "profile_highlight_color": -2890755,
            "signin.with_credential_provider": false,
            "user_name": ""
         }
      },
      "last_active_profiles": [ "Default" ],
      "last_used": "Default",
      "metrics": {
         "next_bucket_index": 2
      },
      "profile_counts_reported": "13430304115454214",
      "profiles_order": [ "Default" ]
   },
   "session_id_generator_last_value": "1565282983",
   "signin": {
      "active_accounts_last_emitted": "13430304112988408"
   },
   "subresource_filter": {
      "ruleset_version": {
         "checksum": 1751974980,
         "content": "9.70.0",
         "format": 38
      }
   },
   "tab_stats": {
      "discards_external": 0,
      "discards_frozen": 0,
      "discards_proactive": 0,
      "discards_suggested": 0,
      "discards_urgent": 0,
      "last_daily_sample": "13430304115244798",
      "max_tabs_per_window": 1,
      "reloads_external": 0,
      "reloads_frozen": 0,
      "reloads_proactive": 0,
      "reloads_suggested": 0,
      "reloads_urgent": 0,
      "total_tab_count_max": 1,
      "window_count_max": 1
   },
   "toast": {
      "non_milestone_update_toast_version": "151.0.7922.71"
   },
   "ukm": {
      "persisted_logs": [  ]
   },
   "uninstall_metrics": {
      "installation_date2": "1785603803"
   },
   "updateclientdata": {
      "apps": {
         "bjbcblmdcnggnibecjikpoljcgkbgphl": {
            "cohort": "1:2t4f:",
            "cohortname": "Stable",
            "dlrc": 7155,
            "fp": "",
            "installdate": 7152,
            "max_pv": "0.0.0.0",
            "pf": "dc2b7640-2d34-494f-b792-7e7aa8e7628e",
            "pv": "20260723.1"
         },
         "efniojlnjndmcbiieegkicadnoecjjef": {
            "cohort": "1:18ql:",
            "cohortname": "Auto Stage3",
            "dlrc": 7155,
            "fp": "",
            "installdate": 7152,
            "max_pv": "0.0.0.0",
            "pf": "05e01863-4f75-4e2e-ad50-4014e38f5073",
            "pv": "1733"
         },
         "gcmjkmgdlgnkkcocmoeiminaijmmjnii": {
            "cohort": "1:bm1:",
            "cohortname": "Stable",
            "dlrc": 7155,
            "fp": "",
            "installdate": 7152,
            "max_pv": "0.0.0.0",
            "pf": "53666c88-ea94-4c9f-b5a9-f09c85182306",
            "pv": "9.70.0"
         },
         "ggkkehgbnfjpeggfpleeakpidbkibbmn": {
            "cohort": "1:ut9/1a0f:3qkr@0.025",
            "cohortname": "M108 and Above",
            "dlrc": 7155,
            "fp": "",
            "installdate": 7152,
            "max_pv": "0.0.0.0",
            "pf": "1b4e2a7d-4499-4810-b10e-2ead1db9c058",
            "pv": "2026.7.30.63"
         },
         "giekcmmlnklenlaomppkphknjmnnpneh": {
            "cohort": "1:j5l:",
            "cohortname": "Auto",
            "dlrc": 7155,
            "fp": "",
            "installdate": 7152,
            "max_pv": "0.0.0.0",
            "pf": "0eba2936-2ef6-4ee6-b4a4-20fc6008e5a3",
            "pv": "7"
         },
         "gonpemdgkjcecdgbnaabipppbmgfggbe": {
            "cohort": "1:z1x:",
            "cohortname": "Auto",
            "dlrc": 7155,
            "fp": "",
            "installdate": 7152,
            "max_pv": "0.0.0.0",
            "pf": "14c9c30b-f55f-445a-8010-93d07a7c4245",
            "pv": "2025.7.24.0"
         },
         "hajigopbbjhghbfimgkfmpenfkclmohk": {
            "cohort": "1:2tdl:",
            "cohortname": "Stable",
            "dlrc": 7155,
            "fp": "",
            "installdate": 7152,
            "max_pv": "0.0.0.0",
            "pf": "24374676-dd6b-4b00-af55-2be434e3b964",
            "pv": "4"
         },
         "hfnkpimlhhgieaddgfemjhofmfblmnib": {
            "cohort": "1:287f:",
            "cohortname": "Auto full",
            "dlrc": 7155,
            "fp": "",
            "installdate": 7152,
            "max_pv": "10687",
            "pf": "45443e97-5bc7-4b9e-9c59-5e31944b8eb4",
            "pv": "10693"
         },
         "jamhcnnkihinmdlkakkaopbjbbcngflc": {
            "cohort": "1:wvr:",
            "cohortname": "Auto",
            "dlrc": 7155,
            "fp": "",
            "installdate": 7152,
            "max_pv": "0.0.0.0",
            "pf": "c7f59a8b-755b-45d1-86a4-511d78f9c205",
            "pv": "120.0.6050.0"
         },
         "jflookgnkcckhobaglndicnbbgbonegd": {
            "cohort": "1:s7x:",
            "cohortname": "Auto",
            "dlrc": 7155,
            "fp": "",
            "installdate": 7152,
            "max_pv": "0.0.0.0",
            "pf": "f78fb033-c2ff-4ccc-9666-9e8f830eaf87",
            "pv": "3091"
         },
         "khaoiebndkojlmppeemjhbpbandiljpe": {
            "cohort": "1:cux:",
            "cohortname": "Auto",
            "dlrc": 7155,
            "fp": "",
            "installdate": 7152,
            "max_pv": "0.0.0.0",
            "pf": "5909bb83-9756-45fb-8664-ebc86ec773b1",
            "pv": "145.0.7584.0"
         },
         "kiabhabjdbkjdpjbpigfodbdjmbglcoo": {
            "cohort": "1:v3l:",
            "cohortname": "Auto",
            "dlrc": 7155,
            "fp": "",
            "installdate": 7152,
            "max_pv": "2026.3.23.1",
            "pf": "fe4c982f-2cc2-4b3d-8c93-4640d915b2ff",
            "pv": "2026.8.3.1"
         },
         "laoigpblnllgcgjnjnllmfolckpjlhki": {
            "cohort": "1:10zr:",
            "cohortname": "Auto",
            "dlrc": 7155,
            "fp": "",
            "installdate": 7152,
            "max_pv": "0.0.0.0",
            "pf": "987380c5-0b6e-4644-b27d-065d60272bd7",
            "pv": "1.1.0.3"
         },
         "llkgjffcdpffmhiakmfcdcblohccpfmo": {
            "cohort": "1::",
            "cohortname": "",
            "dlrc": 7155,
            "installdate": 7152,
            "pf": "4a01bbb9-f7c6-4019-a9a8-7e8054412bac"
         },
         "lmelglejhemejginpboagddgdfbepgmp": {
            "cohort": "1:lwl:3m9f@0.0",
            "cohortname": "Auto",
            "dlrc": 7155,
            "fp": "",
            "installdate": 7152,
            "max_pv": "719",
            "pf": "3c6e6bb0-261d-4f8a-8f9b-bfc64885ae6c",
            "pv": "720"
         },
         "niikhdgajlphfehepabhhblakbdgeefj": {
            "cohort": "1:1uh3:",
            "cohortname": "Auto Main Cohort.",
            "dlrc": 7155,
            "fp": "",
            "installdate": 7152,
            "max_pv": "0.0.0.0",
            "pf": "e053d8dd-a793-4f9f-b37a-e91f715d73eb",
            "pv": "2025.6.16.0"
         },
         "ninodabcejpeglfjbkhdplaoglpcbffj": {
            "cohort": "1:3bsf:",
            "cohortname": "Auto",
            "dlrc": 7155,
            "fp": "",
            "installdate": 7152,
            "max_pv": "0.0.0.0",
            "pf": "a91d6b63-9e1e-41e7-9272-b30301deae3c",
            "pv": "9.5220.3721"
         },
         "obedbbhbpmojnkanicioggnmelmoomoc": {
            "cohort": "1:s6f:3cr3@0.025",
            "cohortname": "Auto",
            "dlrc": 7155,
            "fp": "",
            "installdate": 7152,
            "max_pv": "0.0.0.0",
            "pf": "3fd25d9d-d4a8-4cf8-ae5b-ced86671df18",
            "pv": "20251024.824731831.14"
         },
         "ojhpjlocmbogdgmfpkhlaaeamibhnphh": {
            "cohort": "1:w0x:",
            "cohortname": "All users",
            "dlrc": 7155,
            "fp": "",
            "installdate": 7152,
            "max_pv": "0.0.0.0",
            "pf": "2b90563e-5f98-4742-9bd5-35d5466c1c90",
            "pv": "3"
         },
         "pficcddpglkpaaihklmahepgjmefdnom": {
            "cohort": "1:3exl:",
            "cohortname": "Auto",
            "dlrc": 7155,
            "fp": "",
            "installdate": 7152,
            "max_pv": "0.0.0.0",
            "pf": "a004358d-3ca6-43ed-8e9e-f45d88f9968d",
            "pv": "8.5419.4434"
         }
      }
   },
   "user_experience_metrics": {
      "consent_restructure_feature_state": false,
      "limited_entropy_randomization_source": "55ED2CA17A1533DFEA0E2E3D2B9479C5",
      "low_entropy_source3": 2343,
      "pseudo_low_entropy_source": 6537,
      "session_id": 6,
      "stability": {
         "browser_last_live_timestamp": "13430311942814478",
         "exited_cleanly": true,
         "stats_buildtime": "1785272936",
         "stats_version": "151.0.7922.71-64-devel"
      }
   },
   "variations_google_groups": {
      "Default": [  ]
   },
   "was": {
      "restarted": false
   }
}
[1785844499.033][INFO]: ChromeDriver supports communication with Chrome via pipes. This is more reliable and more secure.
[1785844499.033][INFO]: Use the --remote-debugging-pipe Chrome switch instead of the default --remote-debugging-port to enable this communication mode.
[1785844499.033][INFO]: Launching chrome: /usr/bin/chromium --allow-pre-commit-input --disable-background-networking --disable-background-timer-throttling --disable-backgrounding-occluded-windows --disable-client-side-phishing-detection --disable-default-apps --disable-features=IgnoreDuplicateNavs,Prewarm --disable-hang-monitor --disable-popup-blocking --disable-prompt-on-repost --disable-sync --enable-automation --enable-logging=stderr --log-level=0 --no-first-run --no-service-autorun --password-store=basic --profile-directory=Default --remote-debugging-port=0 --start-maximized --test-type=webdriver --use-mock-keychain --user-data-dir=/home/gnaveenpaul123/.config/fraud_profile

DevTools listening on ws://127.0.0.1:37347/devtools/browser/51b12bc2-d8c7-4ca8-89a4-7fd704609519
[1785844505.728][DEBUG]: DevTools HTTP Request: http://localhost:37347/json/version
[25479:25479:0804/172506.567463:WARNING:ui/ozone/platform/wayland/host/wayland_surface.cc:170] Server doesn't support zcr_alpha_compositing_v1.
[25479:25479:0804/172506.567557:WARNING:ui/ozone/platform/wayland/host/wayland_surface.cc:185] Server doesn't support overlay_prioritizer.
[25479:25479:0804/172506.567579:WARNING:ui/ozone/platform/wayland/host/wayland_surface.cc:200] Server doesn't support wp_content_type_v1
[25479:25479:0804/172506.567597:WARNING:ui/ozone/platform/wayland/host/wayland_surface.cc:214] Server doesn't support wp_color_management_surface_v1.
[25479:25479:0804/172506.593223:WARNING:ui/ozone/platform/wayland/host/wayland_connection.cc:408] text-input-v3 not available.
[25579:25579:0804/172509.759435:WARNING:ui/gl/angle_platform_impl.cc:52] renderergl_utils.cpp:2115 (GenerateCaps): Disabling GL_EXT_clip_cull_distance because only 8 clip distances, 0 cull distances and 0 combined clip/cull distances are supported by the driver.
[25579:25579:0804/172510.893028:WARNING:sandbox/policy/linux/sandbox_linux.cc:405] InitializeSandbox() called with multiple threads in process gpu-process.
[25479:25479:0804/172511.029606:WARNING:ui/ozone/platform/wayland/host/org_gnome_mutter_idle_monitor.cc:87] org.gnome.Mutter.IdleMonitor D-Bus service does not exist
[1785844511.592][DEBUG]: DevTools HTTP Response: {
   "Browser": "Chrome/151.0.7922.71",
   "Protocol-Version": "1.3",
   "User-Agent": "Mozilla/5.0 (X11; Linux x86_64) AppleWebKit/537.36 (KHTML, like Gecko) Chrome/151.0.0.0 Safari/537.36",
   "V8-Version": "15.1.206.10",
   "WebKit-Version": "537.36 (@ef35003457e93c278f911a334b06e4a5f8967e06)",
   "webSocketDebuggerUrl": "ws://localhost:37347/devtools/browser/51b12bc2-d8c7-4ca8-89a4-7fd704609519"
}

[1785844511.593][DEBUG]: DevTools HTTP Request: http://localhost:37347/json/list
[1785844512.063][DEBUG]: DevTools HTTP Response: [ {
   "description": "",
   "devtoolsFrontendUrl": "https://chrome-devtools-frontend.appspot.com/serve_rev/@ef35003457e93c278f911a334b06e4a5f8967e06/inspector.html?ws=localhost:37347/devtools/page/F1BCCB5B21A87D794D53A7AF1A5C5093",
   "id": "F1BCCB5B21A87D794D53A7AF1A5C5093",
   "title": "New Tab",
   "type": "page",
   "url": "chrome://newtab/",
   "webSocketDebuggerUrl": "ws://localhost:37347/devtools/page/F1BCCB5B21A87D794D53A7AF1A5C5093"
} ]

[1785844512.116][INFO]: resolved localhost to ["::1","127.0.0.1"]
[1785844512.153][DEBUG]: DevTools WebSocket Command: Target.getTargets (id=1) (session_id=) browser {
   "filter": [ {
      "exclude": true,
      "type": "browser"
   }, {
      "exclude": true,
      "type": "page"
   }, {
      "exclude": false
   } ]
}
[1785844512.224][DEBUG]: DevTools WebSocket Response: Target.getTargets (id=1) (session_id=) browser {
   "targetInfos": [ {
      "attached": false,
      "browserContextId": "848280274A9631CFC501307315014F8D",
      "canAccessOpener": false,
      "embedderData": {
         "tabActive": true,
         "tabPinned": false,
         "tabStripIndex": 0
      },
      "targetId": "F0C2BBDC2D0264998FD2C53B30B4B761",
      "title": "New Tab",
      "type": "tab",
      "url": "chrome://newtab/"
   } ]
}
[1785844512.228][DEBUG]: DevTools WebSocket Command: Target.attachToTarget (id=2) (session_id=) browser {
   "flatten": true,
   "targetId": "F0C2BBDC2D0264998FD2C53B30B4B761"
}
[25479:25479:0804/172512.244803:WARNING:ui/base/idle/idle_linux.cc:111] None of the known D-Bus ScreenSaver services could be used.
[1785844512.252][DEBUG]: DevTools WebSocket Event: Target.attachedToTarget (session_id=) browser {
   "sessionId": "C8BA4CD3740841A2D423B5F689B783A4",
   "targetInfo": {
      "attached": true,
      "browserContextId": "848280274A9631CFC501307315014F8D",
      "canAccessOpener": false,
      "embedderData": {
         "tabActive": true,
         "tabPinned": false,
         "tabStripIndex": 0
      },
      "targetId": "F0C2BBDC2D0264998FD2C53B30B4B761",
      "title": "New Tab",
      "type": "tab",
      "url": "chrome://newtab/"
   },
   "waitingForDebugger": false
}
[1785844512.259][DEBUG]: DevTools WebSocket Response: Target.attachToTarget (id=2) (session_id=) browser {
   "sessionId": "C8BA4CD3740841A2D423B5F689B783A4"
}
[1785844512.259][DEBUG]: DevTools WebSocket Command: Target.setAutoAttach (id=3) (session_id=C8BA4CD3740841A2D423B5F689B783A4) F0C2BBDC2D0264998FD2C53B30B4B761 {
   "autoAttach": true,
   "flatten": true,
   "waitForDebuggerOnStart": false
}
[1785844512.336][DEBUG]: DevTools WebSocket Event: Target.attachedToTarget (session_id=C8BA4CD3740841A2D423B5F689B783A4) F0C2BBDC2D0264998FD2C53B30B4B761 {
   "sessionId": "6B5F1EB51F18E17137D824F0EDF637C5",
   "targetInfo": {
      "attached": true,
      "browserContextId": "848280274A9631CFC501307315014F8D",
      "canAccessOpener": false,
      "targetId": "F1BCCB5B21A87D794D53A7AF1A5C5093",
      "title": "New Tab",
      "type": "page",
      "url": "chrome://newtab/"
   },
   "waitingForDebugger": false
}
[1785844512.336][DEBUG]: DevTools WebSocket Command: Page.enable (id=4) (session_id=6B5F1EB51F18E17137D824F0EDF637C5) F1BCCB5B21A87D794D53A7AF1A5C5093 {
}
[1785844512.338][DEBUG]: DevTools WebSocket Command: Page.addScriptToEvaluateOnNewDocument (id=5) (session_id=6B5F1EB51F18E17137D824F0EDF637C5) F1BCCB5B21A87D794D53A7AF1A5C5093 {
   "source": "(function () {window.cdc_adoQpoasnfa76pfcZLmcfl_Array = window.Array;window.cdc_adoQpoasnfa76pfcZLmcfl_Object = window.Object;window.cdc_adoQpoasnfa76pfcZLmcfl_Promise = window.Promise;window.cdc_a..."
}
[1785844512.340][DEBUG]: DevTools WebSocket Command: Runtime.evaluate (id=6) (session_id=6B5F1EB51F18E17137D824F0EDF637C5) F1BCCB5B21A87D794D53A7AF1A5C5093 {
   "expression": "(function () {window.cdc_adoQpoasnfa76pfcZLmcfl_Array = window.Array;window.cdc_adoQpoasnfa76pfcZLmcfl_Object = window.Object;window.cdc_adoQpoasnfa76pfcZLmcfl_Promise = window.Promise;window.cdc_a..."
}
[1785844512.342][DEBUG]: DevTools WebSocket Command: Log.enable (id=7) (session_id=6B5F1EB51F18E17137D824F0EDF637C5) F1BCCB5B21A87D794D53A7AF1A5C5093 {
}
[1785844512.343][DEBUG]: DevTools WebSocket Command: Target.setAutoAttach (id=8) (session_id=6B5F1EB51F18E17137D824F0EDF637C5) F1BCCB5B21A87D794D53A7AF1A5C5093 {
   "autoAttach": true,
   "flatten": true,
   "waitForDebuggerOnStart": false
}
[1785844512.344][DEBUG]: DevTools WebSocket Response: Target.setAutoAttach (id=3) (session_id=C8BA4CD3740841A2D423B5F689B783A4) F0C2BBDC2D0264998FD2C53B30B4B761 {
}
[1785844512.345][DEBUG]: DevTools WebSocket Event: Page.frameStartedNavigating (session_id=6B5F1EB51F18E17137D824F0EDF637C5) F1BCCB5B21A87D794D53A7AF1A5C5093 {
   "frameId": "F1BCCB5B21A87D794D53A7AF1A5C5093",
   "loaderId": "E4F7E9B19F018D1C2A5A202E01152486",
   "navigationType": "differentDocument",
   "url": "https://duckduckgo.com/chrome_newtab"
}
[1785844512.436][DEBUG]: DevTools WebSocket Response: Page.enable (id=4) (session_id=6B5F1EB51F18E17137D824F0EDF637C5) F1BCCB5B21A87D794D53A7AF1A5C5093 {
}
[1785844512.437][DEBUG]: DevTools WebSocket Response: Page.addScriptToEvaluateOnNewDocument (id=5) (session_id=6B5F1EB51F18E17137D824F0EDF637C5) F1BCCB5B21A87D794D53A7AF1A5C5093 {
   "identifier": "1"
}
[1785844513.590][DEBUG]: DevTools WebSocket Response: Runtime.evaluate (id=6) (session_id=6B5F1EB51F18E17137D824F0EDF637C5) F1BCCB5B21A87D794D53A7AF1A5C5093 {
   "result": {
      "type": "undefined"
   }
}
[1785844513.593][DEBUG]: DevTools WebSocket Response: Log.enable (id=7) (session_id=6B5F1EB51F18E17137D824F0EDF637C5) F1BCCB5B21A87D794D53A7AF1A5C5093 {
}
[1785844513.593][DEBUG]: DevTools WebSocket Response: Target.setAutoAttach (id=8) (session_id=6B5F1EB51F18E17137D824F0EDF637C5) F1BCCB5B21A87D794D53A7AF1A5C5093 {
}
[1785844513.593][DEBUG]: DevTools WebSocket Command: Runtime.enable (id=9) (session_id=6B5F1EB51F18E17137D824F0EDF637C5) F1BCCB5B21A87D794D53A7AF1A5C5093 {
}
[1785844514.049][DEBUG]: DevTools WebSocket Event: Runtime.executionContextCreated (session_id=6B5F1EB51F18E17137D824F0EDF637C5) F1BCCB5B21A87D794D53A7AF1A5C5093 {
   "context": {
      "auxData": {
         "frameId": "F1BCCB5B21A87D794D53A7AF1A5C5093",
         "isDefault": true,
         "type": "default"
      },
      "id": 1,
      "name": "",
      "origin": "://",
      "uniqueId": "8665734181764466789.4464137673575585143"
   }
}
[1785844514.057][DEBUG]: DevTools WebSocket Response: Runtime.enable (id=9) (session_id=6B5F1EB51F18E17137D824F0EDF637C5) F1BCCB5B21A87D794D53A7AF1A5C5093 {
}
[1785844514.057][DEBUG]: DevTools WebSocket Command: Runtime.enable (id=10) (session_id=6B5F1EB51F18E17137D824F0EDF637C5) F1BCCB5B21A87D794D53A7AF1A5C5093 {
}
[1785844514.120][DEBUG]: DevTools WebSocket Response: Runtime.enable (id=10) (session_id=6B5F1EB51F18E17137D824F0EDF637C5) F1BCCB5B21A87D794D53A7AF1A5C5093 {
}
[1785844514.443][INFO]: [a90c3b2f4a48d5352240843ed6bac79e] RESPONSE InitSession {
   "capabilities": {
      "acceptInsecureCerts": false,
      "browserName": "chrome",
      "browserVersion": "151.0.7922.71",
      "chrome": {
         "chromedriverVersion": "151.0.7922.71 (ef35003457e93c278f911a334b06e4a5f8967e06-refs/branch-heads/7922_47@{#11})",
         "userDataDir": "/home/gnaveenpaul123/.config/fraud_profile"
      },
      "fedcm:accounts": true,
      "goog:chromeOptions": {
         "debuggerAddress": "localhost:37347"
      },
      "goog:processID": 25479,
      "networkConnectionEnabled": false,
      "pageLoadStrategy": "normal",
      "platformName": "linux",
      "proxy": {
      },
      "setWindowRect": true,
      "strictFileInteractability": false,
      "timeouts": {
         "implicit": 0,
         "pageLoad": 300000,
         "script": 30000
      },
      "unhandledPromptBehavior": "dismiss and notify",
      "webauthn:extension:credBlob": true,
      "webauthn:extension:largeBlob": true,
      "webauthn:extension:minPinLength": true,
      "webauthn:extension:prf": true,
      "~~~": "..."
   },
   "sessionId": "a90c3b2f4a48d5352240843ed6bac79e"
}
[25479:25534:0804/172521.020102:ERROR:google_apis/gcm/engine/registration_request.cc:291] Registration response error message: DEPRECATED_ENDPOINT
[25479:25534:0804/172543.966272:ERROR:google_apis/gcm/engine/registration_request.cc:291] Registration response error message: DEPRECATED_ENDPOINT
[25479:25534:0804/172638.355126:ERROR:google_apis/gcm/engine/registration_request.cc:291] Registration response error message: DEPRECATED_ENDPOINT
[25479:25534:0804/172837.594936:ERROR:google_apis/gcm/engine/registration_request.cc:291] Registration response error message: DEPRECATED_ENDPOINT
[1785844904.321][INFO]: [a90c3b2f4a48d5352240843ed6bac79e] COMMAND Navigate {
   "url": "https://www.reddit.com/r/IsThisAScamIndia/comments/1v0vr5k/title_paid_1500_via_upi_seller_deleted_reddit/"
}
[1785844904.338][DEBUG]: DevTools WebSocket Event: Runtime.executionContextsCleared (session_id=6B5F1EB51F18E17137D824F0EDF637C5) F1BCCB5B21A87D794D53A7AF1A5C5093 {
}
[1785844904.338][DEBUG]: DevTools WebSocket Event: Page.frameNavigated (session_id=6B5F1EB51F18E17137D824F0EDF637C5) F1BCCB5B21A87D794D53A7AF1A5C5093 {
   "frame": {
      "adFrameStatus": {
         "adFrameType": "none"
      },
      "crossOriginIsolatedContextType": "NotIsolated",
      "domainAndRegistry": "duckduckgo.com",
      "gatedAPIFeatures": [  ],
      "id": "F1BCCB5B21A87D794D53A7AF1A5C5093",
      "loaderId": "E4F7E9B19F018D1C2A5A202E01152486",
      "mimeType": "text/html",
      "secureContextType": "Secure",
      "securityOrigin": "https://duckduckgo.com",
      "securityOriginDetails": {
         "isLocalhost": false
      },
      "url": "https://duckduckgo.com/chrome_newtab"
   },
   "type": "Navigation"
}
[1785844904.363][DEBUG]: DevTools WebSocket Event: Runtime.executionContextCreated (session_id=6B5F1EB51F18E17137D824F0EDF637C5) F1BCCB5B21A87D794D53A7AF1A5C5093 {
   "context": {
      "auxData": {
         "frameId": "F1BCCB5B21A87D794D53A7AF1A5C5093",
         "isDefault": true,
         "type": "default"
      },
      "id": 2,
      "name": "",
      "origin": "https://duckduckgo.com",
      "uniqueId": "-9134861687387456323.285451477513880559"
   }
}
[1785844904.363][DEBUG]: DevTools WebSocket Event: Page.frameResized (session_id=6B5F1EB51F18E17137D824F0EDF637C5) F1BCCB5B21A87D794D53A7AF1A5C5093 {
}
[1785844904.366][DEBUG]: DevTools WebSocket Event: Page.frameAttached (session_id=6B5F1EB51F18E17137D824F0EDF637C5) F1BCCB5B21A87D794D53A7AF1A5C5093 {
   "frameId": "59F1F46245656B06FABF3C40A1C10CF5",
   "parentFrameId": "F1BCCB5B21A87D794D53A7AF1A5C5093",
   "stack": {
      "callFrames": [ {
         "columnNumber": 140705,
         "functionName": "_initializePage",
         "lineNumber": 2,
         "scriptId": "9",
         "url": "https://duckduckgo.com/dist/d.80e25229c6dbe8cfc62a.js"
      }, {
         "columnNumber": 133053,
         "functionName": "ready",
         "lineNumber": 2,
         "scriptId": "9",
         "url": "https://duckduckgo.com/dist/d.80e25229c6dbe8cfc62a.js"
      }, {
         "columnNumber": 142284,
         "functionName": "ready",
         "lineNumber": 2,
         "scriptId": "9",
         "url": "https://duckduckgo.com/dist/d.80e25229c6dbe8cfc62a.js"
      }, {
         "columnNumber": 6468,
         "functionName": "ready",
         "lineNumber": 2,
         "scriptId": "13",
         "url": "https://duckduckgo.com/dist/t.28b532b0d442e4770572.js"
      }, {
         "columnNumber": 66442,
         "functionName": "d",
         "lineNumber": 2,
         "scriptId": "7",
         "url": "https://duckduckgo.com/dist/util/u.1081fd6540f83276f18c.js"
      }, {
         "columnNumber": 67186,
         "functionName": "",
         "lineNumber": 2,
         "scriptId": "7",
         "url": "https://duckduckgo.com/dist/util/u.1081fd6540f83276f18c.js"
      }, {
         "columnNumber": 18250,
         "functionName": "c",
         "lineNumber": 46,
         "scriptId": "8",
         "url": "https://duckduckgo.com/dist/lib/l.3ae6f13dc257d9500d18.js"
      }, {
         "columnNumber": 19047,
         "functionName": "fireWith",
         "lineNumber": 46,
         "scriptId": "8",
         "url": "https://duckduckgo.com/dist/lib/l.3ae6f13dc257d9500d18.js"
      }, {
         "columnNumber": 3466,
         "functionName": "ready",
         "lineNumber": 35,
         "scriptId": "8",
         "url": "https://duckduckgo.com/dist/lib/l.3ae6f13dc257d9500d18.js"
      }, {
         "columnNumber": 715,
         "functionName": "L",
         "lineNumber": 35,
         "scriptId": "8",
         "url": "https://duckduckgo.com/dist/lib/l.3ae6f13dc257d9500d18.js"
      } ]
   }
}
[1785844904.367][DEBUG]: DevTools WebSocket Event: Page.frameRequestedNavigation (session_id=6B5F1EB51F18E17137D824F0EDF637C5) F1BCCB5B21A87D794D53A7AF1A5C5093 {
   "disposition": "currentTab",
   "frameId": "59F1F46245656B06FABF3C40A1C10CF5",
   "reason": "initialFrameNavigation",
   "url": "https://duckduckgo.com/post3.html"
}
[1785844904.367][DEBUG]: DevTools WebSocket Event: Page.frameStartedNavigating (session_id=6B5F1EB51F18E17137D824F0EDF637C5) F1BCCB5B21A87D794D53A7AF1A5C5093 {
   "frameId": "59F1F46245656B06FABF3C40A1C10CF5",
   "loaderId": "AA9F8826F76D3EC42196E1AF42F80CE1",
   "navigationType": "differentDocument",
   "url": "https://duckduckgo.com/post3.html"
}
[1785844904.367][DEBUG]: DevTools WebSocket Event: Page.frameStartedLoading (session_id=6B5F1EB51F18E17137D824F0EDF637C5) F1BCCB5B21A87D794D53A7AF1A5C5093 {
   "frameId": "59F1F46245656B06FABF3C40A1C10CF5"
}
[1785844904.367][DEBUG]: DevTools WebSocket Event: Page.domContentEventFired (session_id=6B5F1EB51F18E17137D824F0EDF637C5) F1BCCB5B21A87D794D53A7AF1A5C5093 {
   "timestamp": 69838.902652
}
[1785844904.369][DEBUG]: DevTools WebSocket Event: Page.frameAttached (session_id=6B5F1EB51F18E17137D824F0EDF637C5) F1BCCB5B21A87D794D53A7AF1A5C5093 {
   "frameId": "C701436D7D0985A5381E431777DE32DA",
   "parentFrameId": "F1BCCB5B21A87D794D53A7AF1A5C5093",
   "stack": {
      "callFrames": [ {
         "columnNumber": 96087,
         "functionName": "sl",
         "lineNumber": 1,
         "scriptId": "15",
         "url": "https://duckduckgo.com/dist/newtab/wpmv.nt.484de130d2f7ce164cf2.js"
      }, {
         "columnNumber": 101525,
         "functionName": "yl",
         "lineNumber": 1,
         "scriptId": "15",
         "url": "https://duckduckgo.com/dist/newtab/wpmv.nt.484de130d2f7ce164cf2.js"
      }, {
         "columnNumber": 98539,
         "functionName": "gl",
         "lineNumber": 1,
         "scriptId": "15",
         "url": "https://duckduckgo.com/dist/newtab/wpmv.nt.484de130d2f7ce164cf2.js"
      }, {
         "columnNumber": 98221,
         "functionName": "ml",
         "lineNumber": 1,
         "scriptId": "15",
         "url": "https://duckduckgo.com/dist/newtab/wpmv.nt.484de130d2f7ce164cf2.js"
      }, {
         "columnNumber": 99649,
         "functionName": "gl",
         "lineNumber": 1,
         "scriptId": "15",
         "url": "https://duckduckgo.com/dist/newtab/wpmv.nt.484de130d2f7ce164cf2.js"
      }, {
         "columnNumber": 98221,
         "functionName": "ml",
         "lineNumber": 1,
         "scriptId": "15",
         "url": "https://duckduckgo.com/dist/newtab/wpmv.nt.484de130d2f7ce164cf2.js"
      }, {
         "columnNumber": 98334,
         "functionName": "gl",
         "lineNumber": 1,
         "scriptId": "15",
         "url": "https://duckduckgo.com/dist/newtab/wpmv.nt.484de130d2f7ce164cf2.js"
      }, {
         "columnNumber": 98221,
         "functionName": "ml",
         "lineNumber": 1,
         "scriptId": "15",
         "url": "https://duckduckgo.com/dist/newtab/wpmv.nt.484de130d2f7ce164cf2.js"
      }, {
         "columnNumber": 98334,
         "functionName": "gl",
         "lineNumber": 1,
         "scriptId": "15",
         "url": "https://duckduckgo.com/dist/newtab/wpmv.nt.484de130d2f7ce164cf2.js"
      }, {
         "columnNumber": 98221,
         "functionName": "ml",
         "lineNumber": 1,
         "scriptId": "15",
         "url": "https://duckduckgo.com/dist/newtab/wpmv.nt.484de130d2f7ce164cf2.js"
      }, {
         "columnNumber": 98531,
         "functionName": "gl",
         "lineNumber": 1,
         "scriptId": "15",
         "url": "https://duckduckgo.com/dist/newtab/wpmv.nt.484de130d2f7ce164cf2.js"
      }, {
         "columnNumber": 98221,
         "functionName": "ml",
         "lineNumber": 1,
         "scriptId": "15",
         "url": "https://duckduckgo.com/dist/newtab/wpmv.nt.484de130d2f7ce164cf2.js"
      }, {
         "columnNumber": 98531,
         "functionName": "gl",
         "lineNumber": 1,
         "scriptId": "15",
         "url": "https://duckduckgo.com/dist/newtab/wpmv.nt.484de130d2f7ce164cf2.js"
      }, {
         "columnNumber": 98221,
         "functionName": "ml",
         "lineNumber": 1,
         "scriptId": "15",
         "url": "https://duckduckgo.com/dist/newtab/wpmv.nt.484de130d2f7ce164cf2.js"
      }, {
         "columnNumber": 98334,
         "functionName": "gl",
         "lineNumber": 1,
         "scriptId": "15",
         "url": "https://duckduckgo.com/dist/newtab/wpmv.nt.484de130d2f7ce164cf2.js"
      }, {
         "columnNumber": 98221,
         "functionName": "ml",
         "lineNumber": 1,
         "scriptId": "15",
         "url": "https://duckduckgo.com/dist/newtab/wpmv.nt.484de130d2f7ce164cf2.js"
      }, {
         "columnNumber": 99649,
         "functionName": "gl",
         "lineNumber": 1,
         "scriptId": "15",
         "url": "https://duckduckgo.com/dist/newtab/wpmv.nt.484de130d2f7ce164cf2.js"
      }, {
         "columnNumber": 98221,
         "functionName": "ml",
         "lineNumber": 1,
         "scriptId": "15",
         "url": "https://duckduckgo.com/dist/newtab/wpmv.nt.484de130d2f7ce164cf2.js"
      }, {
         "columnNumber": 98334,
         "functionName": "gl",
         "lineNumber": 1,
         "scriptId": "15",
         "url": "https://duckduckgo.com/dist/newtab/wpmv.nt.484de130d2f7ce164cf2.js"
      }, "..." ]
   }
}
[1785844904.369][DEBUG]: DevTools WebSocket Event: Page.frameRequestedNavigation (session_id=6B5F1EB51F18E17137D824F0EDF637C5) F1BCCB5B21A87D794D53A7AF1A5C5093 {
   "disposition": "currentTab",
   "frameId": "C701436D7D0985A5381E431777DE32DA",
   "reason": "initialFrameNavigation",
   "url": "https://duckduckgo.com/ntp-tracker-stats.html"
}
[1785844904.369][DEBUG]: DevTools WebSocket Event: Page.frameStartedNavigating (session_id=6B5F1EB51F18E17137D824F0EDF637C5) F1BCCB5B21A87D794D53A7AF1A5C5093 {
   "frameId": "C701436D7D0985A5381E431777DE32DA",
   "loaderId": "627EAEFF561CFD0343A8C7364A5110AE",
   "navigationType": "differentDocument",
   "url": "https://duckduckgo.com/ntp-tracker-stats.html"
}
[1785844904.370][DEBUG]: DevTools WebSocket Event: Page.frameStartedLoading (session_id=6B5F1EB51F18E17137D824F0EDF637C5) F1BCCB5B21A87D794D53A7AF1A5C5093 {
   "frameId": "C701436D7D0985A5381E431777DE32DA"
}
[1785844904.370][DEBUG]: DevTools WebSocket Event: Page.frameAttached (session_id=6B5F1EB51F18E17137D824F0EDF637C5) F1BCCB5B21A87D794D53A7AF1A5C5093 {
   "frameId": "0999915941791C8C766C8F9C82F96FB6",
   "parentFrameId": "F1BCCB5B21A87D794D53A7AF1A5C5093",
   "stack": {
      "callFrames": [ {
         "columnNumber": 49939,
         "functionName": "",
         "lineNumber": 46,
         "scriptId": "8",
         "url": "https://duckduckgo.com/dist/lib/l.3ae6f13dc257d9500d18.js"
      }, {
         "columnNumber": 52225,
         "functionName": "domManip",
         "lineNumber": 46,
         "scriptId": "8",
         "url": "https://duckduckgo.com/dist/lib/l.3ae6f13dc257d9500d18.js"
      }, {
         "columnNumber": 49839,
         "functionName": "append",
         "lineNumber": 46,
         "scriptId": "8",
         "url": "https://duckduckgo.com/dist/lib/l.3ae6f13dc257d9500d18.js"
      }, {
         "columnNumber": 167160,
         "functionName": "_addToDOM",
         "lineNumber": 2,
         "scriptId": "9",
         "url": "https://duckduckgo.com/dist/d.80e25229c6dbe8cfc62a.js"
      }, {
         "columnNumber": 166167,
         "functionName": "_render",
         "lineNumber": 2,
         "scriptId": "9",
         "url": "https://duckduckgo.com/dist/d.80e25229c6dbe8cfc62a.js"
      }, {
         "columnNumber": 25411,
         "functionName": "_render",
         "lineNumber": 2,
         "scriptId": "13",
         "url": "https://duckduckgo.com/dist/t.28b532b0d442e4770572.js"
      }, {
         "columnNumber": 165514,
         "functionName": "",
         "lineNumber": 2,
         "scriptId": "9",
         "url": "https://duckduckgo.com/dist/d.80e25229c6dbe8cfc62a.js"
      }, {
         "columnNumber": 25262,
         "functionName": "",
         "lineNumber": 2,
         "scriptId": "13",
         "url": "https://duckduckgo.com/dist/t.28b532b0d442e4770572.js"
      }, {
         "columnNumber": 23522,
         "functionName": "_render",
         "lineNumber": 2,
         "scriptId": "13",
         "url": "https://duckduckgo.com/dist/t.28b532b0d442e4770572.js"
      }, {
         "columnNumber": 165514,
         "functionName": "",
         "lineNumber": 2,
         "scriptId": "9",
         "url": "https://duckduckgo.com/dist/d.80e25229c6dbe8cfc62a.js"
      }, {
         "columnNumber": 22950,
         "functionName": "",
         "lineNumber": 2,
         "scriptId": "13",
         "url": "https://duckduckgo.com/dist/t.28b532b0d442e4770572.js"
      }, {
         "columnNumber": 7042,
         "functionName": "_initMostVisited",
         "lineNumber": 2,
         "scriptId": "13",
         "url": "https://duckduckgo.com/dist/t.28b532b0d442e4770572.js"
      }, {
         "columnNumber": 6994,
         "functionName": "",
         "lineNumber": 2,
         "scriptId": "13",
         "url": "https://duckduckgo.com/dist/t.28b532b0d442e4770572.js"
      } ]
   }
}
[1785844904.370][DEBUG]: DevTools WebSocket Event: Page.frameRequestedNavigation (session_id=6B5F1EB51F18E17137D824F0EDF637C5) F1BCCB5B21A87D794D53A7AF1A5C5093 {
   "disposition": "currentTab",
   "frameId": "0999915941791C8C766C8F9C82F96FB6",
   "reason": "initialFrameNavigation",
   "url": "chrome-search://most-visited/title.html?rid=1&fs=0"
}
[1785844904.370][DEBUG]: DevTools WebSocket Event: Page.frameStartedNavigating (session_id=6B5F1EB51F18E17137D824F0EDF637C5) F1BCCB5B21A87D794D53A7AF1A5C5093 {
   "frameId": "0999915941791C8C766C8F9C82F96FB6",
   "loaderId": "69A58FC9311CD8A7202A846FA5083C07",
   "navigationType": "differentDocument",
   "url": "chrome-search://most-visited/title.html?rid=1&fs=0"
}
[1785844904.370][DEBUG]: DevTools WebSocket Event: Page.frameStartedLoading (session_id=6B5F1EB51F18E17137D824F0EDF637C5) F1BCCB5B21A87D794D53A7AF1A5C5093 {
   "frameId": "0999915941791C8C766C8F9C82F96FB6"
}
[1785844904.371][DEBUG]: DevTools WebSocket Event: Page.frameAttached (session_id=6B5F1EB51F18E17137D824F0EDF637C5) F1BCCB5B21A87D794D53A7AF1A5C5093 {
   "frameId": "60EA44C478DD5F798412A3168D21D638",
   "parentFrameId": "F1BCCB5B21A87D794D53A7AF1A5C5093",
   "stack": {
      "callFrames": [ {
         "columnNumber": 49939,
         "functionName": "",
         "lineNumber": 46,
         "scriptId": "8",
         "url": "https://duckduckgo.com/dist/lib/l.3ae6f13dc257d9500d18.js"
      }, {
         "columnNumber": 52225,
         "functionName": "domManip",
         "lineNumber": 46,
         "scriptId": "8",
         "url": "https://duckduckgo.com/dist/lib/l.3ae6f13dc257d9500d18.js"
      }, {
         "columnNumber": 49839,
         "functionName": "append",
         "lineNumber": 46,
         "scriptId": "8",
         "url": "https://duckduckgo.com/dist/lib/l.3ae6f13dc257d9500d18.js"
      }, {
         "columnNumber": 167160,
         "functionName": "_addToDOM",
         "lineNumber": 2,
         "scriptId": "9",
         "url": "https://duckduckgo.com/dist/d.80e25229c6dbe8cfc62a.js"
      }, {
         "columnNumber": 166167,
         "functionName": "_render",
         "lineNumber": 2,
         "scriptId": "9",
         "url": "https://duckduckgo.com/dist/d.80e25229c6dbe8cfc62a.js"
      }, {
         "columnNumber": 25411,
         "functionName": "_render",
         "lineNumber": 2,
         "scriptId": "13",
         "url": "https://duckduckgo.com/dist/t.28b532b0d442e4770572.js"
      }, {
         "columnNumber": 165514,
         "functionName": "",
         "lineNumber": 2,
         "scriptId": "9",
         "url": "https://duckduckgo.com/dist/d.80e25229c6dbe8cfc62a.js"
      }, {
         "columnNumber": 25262,
         "functionName": "",
         "lineNumber": 2,
         "scriptId": "13",
         "url": "https://duckduckgo.com/dist/t.28b532b0d442e4770572.js"
      }, {
         "columnNumber": 23522,
         "functionName": "_render",
         "lineNumber": 2,
         "scriptId": "13",
         "url": "https://duckduckgo.com/dist/t.28b532b0d442e4770572.js"
      }, {
         "columnNumber": 165514,
         "functionName": "",
         "lineNumber": 2,
         "scriptId": "9",
         "url": "https://duckduckgo.com/dist/d.80e25229c6dbe8cfc62a.js"
      }, {
         "columnNumber": 22950,
         "functionName": "",
         "lineNumber": 2,
         "scriptId": "13",
         "url": "https://duckduckgo.com/dist/t.28b532b0d442e4770572.js"
      }, {
         "columnNumber": 7042,
         "functionName": "_initMostVisited",
         "lineNumber": 2,
         "scriptId": "13",
         "url": "https://duckduckgo.com/dist/t.28b532b0d442e4770572.js"
      }, {
         "columnNumber": 6994,
         "functionName": "",
         "lineNumber": 2,
         "scriptId": "13",
         "url": "https://duckduckgo.com/dist/t.28b532b0d442e4770572.js"
      } ]
   }
}
[1785844904.371][DEBUG]: DevTools WebSocket Event: Page.frameRequestedNavigation (session_id=6B5F1EB51F18E17137D824F0EDF637C5) F1BCCB5B21A87D794D53A7AF1A5C5093 {
   "disposition": "currentTab",
   "frameId": "60EA44C478DD5F798412A3168D21D638",
   "reason": "initialFrameNavigation",
   "url": "chrome-search://most-visited/title.html?rid=1&c=00000099&fs=13&f=Arial%2Csans-serif&fa=center&fw=400"
}
[1785844904.371][DEBUG]: DevTools WebSocket Event: Page.frameStartedNavigating (session_id=6B5F1EB51F18E17137D824F0EDF637C5) F1BCCB5B21A87D794D53A7AF1A5C5093 {
   "frameId": "60EA44C478DD5F798412A3168D21D638",
   "loaderId": "BABC6273B18A384C8A1AF3351BD533E0",
   "navigationType": "differentDocument",
   "url": "chrome-search://most-visited/title.html?rid=1&c=00000099&fs=13&f=Arial%2Csans-serif&fa=center&fw=400"
}
[1785844904.371][DEBUG]: DevTools WebSocket Event: Page.frameStartedLoading (session_id=6B5F1EB51F18E17137D824F0EDF637C5) F1BCCB5B21A87D794D53A7AF1A5C5093 {
   "frameId": "60EA44C478DD5F798412A3168D21D638"
}
[1785844904.372][DEBUG]: DevTools WebSocket Event: Page.frameAttached (session_id=6B5F1EB51F18E17137D824F0EDF637C5) F1BCCB5B21A87D794D53A7AF1A5C5093 {
   "frameId": "5D34FB31E8D2ACD888A150FF3F278280",
   "parentFrameId": "F1BCCB5B21A87D794D53A7AF1A5C5093",
   "stack": {
      "callFrames": [ {
         "columnNumber": 49939,
         "functionName": "",
         "lineNumber": 46,
         "scriptId": "8",
         "url": "https://duckduckgo.com/dist/lib/l.3ae6f13dc257d9500d18.js"
      }, {
         "columnNumber": 52225,
         "functionName": "domManip",
         "lineNumber": 46,
         "scriptId": "8",
         "url": "https://duckduckgo.com/dist/lib/l.3ae6f13dc257d9500d18.js"
      }, {
         "columnNumber": 49839,
         "functionName": "append",
         "lineNumber": 46,
         "scriptId": "8",
         "url": "https://duckduckgo.com/dist/lib/l.3ae6f13dc257d9500d18.js"
      }, {
         "columnNumber": 167160,
         "functionName": "_addToDOM",
         "lineNumber": 2,
         "scriptId": "9",
         "url": "https://duckduckgo.com/dist/d.80e25229c6dbe8cfc62a.js"
      }, {
         "columnNumber": 166167,
         "functionName": "_render",
         "lineNumber": 2,
         "scriptId": "9",
         "url": "https://duckduckgo.com/dist/d.80e25229c6dbe8cfc62a.js"
      }, {
         "columnNumber": 25411,
         "functionName": "_render",
         "lineNumber": 2,
         "scriptId": "13",
         "url": "https://duckduckgo.com/dist/t.28b532b0d442e4770572.js"
      }, {
         "columnNumber": 165514,
         "functionName": "",
         "lineNumber": 2,
         "scriptId": "9",
         "url": "https://duckduckgo.com/dist/d.80e25229c6dbe8cfc62a.js"
      }, {
         "columnNumber": 25262,
         "functionName": "",
         "lineNumber": 2,
         "scriptId": "13",
         "url": "https://duckduckgo.com/dist/t.28b532b0d442e4770572.js"
      }, {
         "columnNumber": 23522,
         "functionName": "_render",
         "lineNumber": 2,
         "scriptId": "13",
         "url": "https://duckduckgo.com/dist/t.28b532b0d442e4770572.js"
      }, {
         "columnNumber": 165514,
         "functionName": "",
         "lineNumber": 2,
         "scriptId": "9",
         "url": "https://duckduckgo.com/dist/d.80e25229c6dbe8cfc62a.js"
      }, {
         "columnNumber": 22950,
         "functionName": "",
         "lineNumber": 2,
         "scriptId": "13",
         "url": "https://duckduckgo.com/dist/t.28b532b0d442e4770572.js"
      }, {
         "columnNumber": 7042,
         "functionName": "_initMostVisited",
         "lineNumber": 2,
         "scriptId": "13",
         "url": "https://duckduckgo.com/dist/t.28b532b0d442e4770572.js"
      }, {
         "columnNumber": 6994,
         "functionName": "",
         "lineNumber": 2,
         "scriptId": "13",
         "url": "https://duckduckgo.com/dist/t.28b532b0d442e4770572.js"
      } ]
   }
}
[1785844904.372][DEBUG]: DevTools WebSocket Event: Page.frameRequestedNavigation (session_id=6B5F1EB51F18E17137D824F0EDF637C5) F1BCCB5B21A87D794D53A7AF1A5C5093 {
   "disposition": "currentTab",
   "frameId": "5D34FB31E8D2ACD888A150FF3F278280",
   "reason": "initialFrameNavigation",
   "url": "chrome-search://most-visited/title.html?rid=1&c=00000099&fs=13&f=Arial%2Csans-serif&fa=center&fw=400"
}
[1785844904.372][DEBUG]: DevTools WebSocket Event: Page.frameStartedNavigating (session_id=6B5F1EB51F18E17137D824F0EDF637C5) F1BCCB5B21A87D794D53A7AF1A5C5093 {
   "frameId": "5D34FB31E8D2ACD888A150FF3F278280",
   "loaderId": "82AE5F9D05404C83CBEF685FD48E9431",
   "navigationType": "differentDocument",
   "url": "chrome-search://most-visited/title.html?rid=1&c=00000099&fs=13&f=Arial%2Csans-serif&fa=center&fw=400"
}
[1785844904.372][DEBUG]: DevTools WebSocket Event: Page.frameStartedLoading (session_id=6B5F1EB51F18E17137D824F0EDF637C5) F1BCCB5B21A87D794D53A7AF1A5C5093 {
   "frameId": "5D34FB31E8D2ACD888A150FF3F278280"
}
[1785844904.373][DEBUG]: DevTools WebSocket Event: Page.frameNavigated (session_id=6B5F1EB51F18E17137D824F0EDF637C5) F1BCCB5B21A87D794D53A7AF1A5C5093 {
   "frame": {
      "adFrameStatus": {
         "adFrameType": "none",
         "explanations": [  ]
      },
      "crossOriginIsolatedContextType": "NotIsolated",
      "domainAndRegistry": "duckduckgo.com",
      "gatedAPIFeatures": [  ],
      "id": "C701436D7D0985A5381E431777DE32DA",
      "loaderId": "627EAEFF561CFD0343A8C7364A5110AE",
      "mimeType": "text/html",
      "name": "",
      "parentId": "F1BCCB5B21A87D794D53A7AF1A5C5093",
      "secureContextType": "Secure",
      "securityOrigin": "https://duckduckgo.com",
      "securityOriginDetails": {
         "isLocalhost": false
      },
      "url": "https://duckduckgo.com/ntp-tracker-stats.html"
   },
   "type": "Navigation"
}
[1785844904.373][DEBUG]: DevTools WebSocket Event: Runtime.executionContextCreated (session_id=6B5F1EB51F18E17137D824F0EDF637C5) F1BCCB5B21A87D794D53A7AF1A5C5093 {
   "context": {
      "auxData": {
         "frameId": "C701436D7D0985A5381E431777DE32DA",
         "isDefault": true,
         "type": "default"
      },
      "id": 3,
      "name": "",
      "origin": "https://duckduckgo.com",
      "uniqueId": "1064680149650532363.-9149665356689786486"
   }
}
[1785844904.373][DEBUG]: DevTools WebSocket Event: Page.frameNavigated (session_id=6B5F1EB51F18E17137D824F0EDF637C5) F1BCCB5B21A87D794D53A7AF1A5C5093 {
   "frame": {
      "adFrameStatus": {
         "adFrameType": "none",
         "explanations": [  ]
      },
      "crossOriginIsolatedContextType": "NotIsolated",
      "domainAndRegistry": "duckduckgo.com",
      "gatedAPIFeatures": [  ],
      "id": "59F1F46245656B06FABF3C40A1C10CF5",
      "loaderId": "AA9F8826F76D3EC42196E1AF42F80CE1",
      "mimeType": "text/html",
      "name": "iframe_hidden",
      "parentId": "F1BCCB5B21A87D794D53A7AF1A5C5093",
      "secureContextType": "Secure",
      "securityOrigin": "https://duckduckgo.com",
      "securityOriginDetails": {
         "isLocalhost": false
      },
      "url": "https://duckduckgo.com/post3.html"
   },
   "type": "Navigation"
}
[1785844904.373][DEBUG]: DevTools WebSocket Event: Runtime.executionContextCreated (session_id=6B5F1EB51F18E17137D824F0EDF637C5) F1BCCB5B21A87D794D53A7AF1A5C5093 {
   "context": {
      "auxData": {
         "frameId": "59F1F46245656B06FABF3C40A1C10CF5",
         "isDefault": true,
         "type": "default"
      },
      "id": 4,
      "name": "",
      "origin": "https://duckduckgo.com",
      "uniqueId": "2296702197326677970.-4351172606666714206"
   }
}
[1785844904.373][DEBUG]: DevTools WebSocket Event: Page.frameNavigated (session_id=6B5F1EB51F18E17137D824F0EDF637C5) F1BCCB5B21A87D794D53A7AF1A5C5093 {
   "frame": {
      "adFrameStatus": {
         "adFrameType": "none",
         "explanations": [  ]
      },
      "crossOriginIsolatedContextType": "NotIsolatedFeatureDisabled",
      "domainAndRegistry": "",
      "gatedAPIFeatures": [  ],
      "id": "0999915941791C8C766C8F9C82F96FB6",
      "loaderId": "69A58FC9311CD8A7202A846FA5083C07",
      "mimeType": "text/html",
      "name": "site1-wrapper",
      "parentId": "F1BCCB5B21A87D794D53A7AF1A5C5093",
      "secureContextType": "Secure",
      "securityOrigin": "chrome-search://most-visited",
      "securityOriginDetails": {
         "isLocalhost": false
      },
      "url": "chrome-search://most-visited/title.html?rid=1&fs=0"
   },
   "type": "Navigation"
}
[1785844904.373][DEBUG]: DevTools WebSocket Event: Runtime.executionContextCreated (session_id=6B5F1EB51F18E17137D824F0EDF637C5) F1BCCB5B21A87D794D53A7AF1A5C5093 {
   "context": {
      "auxData": {
         "frameId": "0999915941791C8C766C8F9C82F96FB6",
         "isDefault": true,
         "type": "default"
      },
      "id": 5,
      "name": "",
      "origin": "chrome-search://most-visited",
      "uniqueId": "7384114269439131206.-1701882260966064146"
   }
}
[1785844904.373][DEBUG]: DevTools WebSocket Event: Page.frameStoppedLoading (session_id=6B5F1EB51F18E17137D824F0EDF637C5) F1BCCB5B21A87D794D53A7AF1A5C5093 {
   "frameId": "C701436D7D0985A5381E431777DE32DA"
}
[1785844904.374][DEBUG]: DevTools WebSocket Event: Page.frameNavigated (session_id=6B5F1EB51F18E17137D824F0EDF637C5) F1BCCB5B21A87D794D53A7AF1A5C5093 {
   "frame": {
      "adFrameStatus": {
         "adFrameType": "none",
         "explanations": [  ]
      },
      "crossOriginIsolatedContextType": "NotIsolatedFeatureDisabled",
      "domainAndRegistry": "",
      "gatedAPIFeatures": [  ],
      "id": "60EA44C478DD5F798412A3168D21D638",
      "loaderId": "BABC6273B18A384C8A1AF3351BD533E0",
      "mimeType": "text/html",
      "name": "site1",
      "parentId": "F1BCCB5B21A87D794D53A7AF1A5C5093",
      "secureContextType": "Secure",
      "securityOrigin": "chrome-search://most-visited",
      "securityOriginDetails": {
         "isLocalhost": false
      },
      "url": "chrome-search://most-visited/title.html?rid=1&c=00000099&fs=13&f=Arial%2Csans-serif&fa=center&fw=400"
   },
   "type": "Navigation"
}
[1785844904.374][DEBUG]: DevTools WebSocket Event: Runtime.executionContextCreated (session_id=6B5F1EB51F18E17137D824F0EDF637C5) F1BCCB5B21A87D794D53A7AF1A5C5093 {
   "context": {
      "auxData": {
         "frameId": "60EA44C478DD5F798412A3168D21D638",
         "isDefault": true,
         "type": "default"
      },
      "id": 6,
      "name": "",
      "origin": "chrome-search://most-visited",
      "uniqueId": "1264298205889971798.-977753590810937868"
   }
}
[1785844904.374][DEBUG]: DevTools WebSocket Event: Page.frameNavigated (session_id=6B5F1EB51F18E17137D824F0EDF637C5) F1BCCB5B21A87D794D53A7AF1A5C5093 {
   "frame": {
      "adFrameStatus": {
         "adFrameType": "none",
         "explanations": [  ]
      },
      "crossOriginIsolatedContextType": "NotIsolatedFeatureDisabled",
      "domainAndRegistry": "",
      "gatedAPIFeatures": [  ],
      "id": "5D34FB31E8D2ACD888A150FF3F278280",
      "loaderId": "82AE5F9D05404C83CBEF685FD48E9431",
      "mimeType": "text/html",
      "name": "site1",
      "parentId": "F1BCCB5B21A87D794D53A7AF1A5C5093",
      "secureContextType": "Secure",
      "securityOrigin": "chrome-search://most-visited",
      "securityOriginDetails": {
         "isLocalhost": false
      },
      "url": "chrome-search://most-visited/title.html?rid=1&c=00000099&fs=13&f=Arial%2Csans-serif&fa=center&fw=400"
   },
   "type": "Navigation"
}
[1785844904.374][DEBUG]: DevTools WebSocket Event: Runtime.executionContextCreated (session_id=6B5F1EB51F18E17137D824F0EDF637C5) F1BCCB5B21A87D794D53A7AF1A5C5093 {
   "context": {
      "auxData": {
         "frameId": "5D34FB31E8D2ACD888A150FF3F278280",
         "isDefault": true,
         "type": "default"
      },
      "id": 7,
      "name": "",
      "origin": "chrome-search://most-visited",
      "uniqueId": "1265380466401254537.-648175045103517837"
   }
}
[1785844904.374][DEBUG]: DevTools WebSocket Event: Page.frameStoppedLoading (session_id=6B5F1EB51F18E17137D824F0EDF637C5) F1BCCB5B21A87D794D53A7AF1A5C5093 {
   "frameId": "59F1F46245656B06FABF3C40A1C10CF5"
}
[1785844904.374][DEBUG]: DevTools WebSocket Event: Page.frameStoppedLoading (session_id=6B5F1EB51F18E17137D824F0EDF637C5) F1BCCB5B21A87D794D53A7AF1A5C5093 {
   "frameId": "0999915941791C8C766C8F9C82F96FB6"
}
[1785844904.374][DEBUG]: DevTools WebSocket Event: Page.frameStoppedLoading (session_id=6B5F1EB51F18E17137D824F0EDF637C5) F1BCCB5B21A87D794D53A7AF1A5C5093 {
   "frameId": "60EA44C478DD5F798412A3168D21D638"
}
[1785844904.374][DEBUG]: DevTools WebSocket Event: Page.frameStoppedLoading (session_id=6B5F1EB51F18E17137D824F0EDF637C5) F1BCCB5B21A87D794D53A7AF1A5C5093 {
   "frameId": "5D34FB31E8D2ACD888A150FF3F278280"
}
[1785844904.374][DEBUG]: DevTools WebSocket Event: Page.loadEventFired (session_id=6B5F1EB51F18E17137D824F0EDF637C5) F1BCCB5B21A87D794D53A7AF1A5C5093 {
   "timestamp": 69840.080391
}
[1785844904.375][DEBUG]: DevTools WebSocket Command: Runtime.evaluate (id=11) (session_id=6B5F1EB51F18E17137D824F0EDF637C5) F1BCCB5B21A87D794D53A7AF1A5C5093 {
   "awaitPromise": false,
   "expression": "document.readyState",
   "returnByValue": true,
   "uniqueContextId": "-9134861687387456323.285451477513880559"
}
[1785844904.376][DEBUG]: DevTools WebSocket Event: Page.frameStoppedLoading (session_id=6B5F1EB51F18E17137D824F0EDF637C5) F1BCCB5B21A87D794D53A7AF1A5C5093 {
   "frameId": "F1BCCB5B21A87D794D53A7AF1A5C5093"
}
[1785844904.376][DEBUG]: DevTools WebSocket Event: Page.frameSubtreeWillBeDetached (session_id=6B5F1EB51F18E17137D824F0EDF637C5) F1BCCB5B21A87D794D53A7AF1A5C5093 {
   "frameId": "C701436D7D0985A5381E431777DE32DA"
}
[1785844904.376][DEBUG]: DevTools WebSocket Event: Page.frameDetached (session_id=6B5F1EB51F18E17137D824F0EDF637C5) F1BCCB5B21A87D794D53A7AF1A5C5093 {
   "frameId": "C701436D7D0985A5381E431777DE32DA",
   "reason": "remove"
}
[1785844904.376][DEBUG]: DevTools WebSocket Event: Runtime.executionContextDestroyed (session_id=6B5F1EB51F18E17137D824F0EDF637C5) F1BCCB5B21A87D794D53A7AF1A5C5093 {
   "executionContextId": 3,
   "executionContextUniqueId": "1064680149650532363.-9149665356689786486"
}
[1785844904.376][DEBUG]: DevTools WebSocket Event: Page.frameAttached (session_id=6B5F1EB51F18E17137D824F0EDF637C5) F1BCCB5B21A87D794D53A7AF1A5C5093 {
   "frameId": "60810A9670FA6E72212D5903A0503F3F",
   "parentFrameId": "F1BCCB5B21A87D794D53A7AF1A5C5093",
   "stack": {
      "callFrames": [ {
         "columnNumber": 96087,
         "functionName": "sl",
         "lineNumber": 1,
         "scriptId": "15",
         "url": "https://duckduckgo.com/dist/newtab/wpmv.nt.484de130d2f7ce164cf2.js"
      }, {
         "columnNumber": 101525,
         "functionName": "yl",
         "lineNumber": 1,
         "scriptId": "15",
         "url": "https://duckduckgo.com/dist/newtab/wpmv.nt.484de130d2f7ce164cf2.js"
      }, {
         "columnNumber": 98539,
         "functionName": "gl",
         "lineNumber": 1,
         "scriptId": "15",
         "url": "https://duckduckgo.com/dist/newtab/wpmv.nt.484de130d2f7ce164cf2.js"
      }, {
         "columnNumber": 98221,
         "functionName": "ml",
         "lineNumber": 1,
         "scriptId": "15",
         "url": "https://duckduckgo.com/dist/newtab/wpmv.nt.484de130d2f7ce164cf2.js"
      }, {
         "columnNumber": 99649,
         "functionName": "gl",
         "lineNumber": 1,
         "scriptId": "15",
         "url": "https://duckduckgo.com/dist/newtab/wpmv.nt.484de130d2f7ce164cf2.js"
      }, {
         "columnNumber": 98221,
         "functionName": "ml",
         "lineNumber": 1,
         "scriptId": "15",
         "url": "https://duckduckgo.com/dist/newtab/wpmv.nt.484de130d2f7ce164cf2.js"
      }, {
         "columnNumber": 98334,
         "functionName": "gl",
         "lineNumber": 1,
         "scriptId": "15",
         "url": "https://duckduckgo.com/dist/newtab/wpmv.nt.484de130d2f7ce164cf2.js"
      }, {
         "columnNumber": 98221,
         "functionName": "ml",
         "lineNumber": 1,
         "scriptId": "15",
         "url": "https://duckduckgo.com/dist/newtab/wpmv.nt.484de130d2f7ce164cf2.js"
      }, {
         "columnNumber": 98334,
         "functionName": "gl",
         "lineNumber": 1,
         "scriptId": "15",
         "url": "https://duckduckgo.com/dist/newtab/wpmv.nt.484de130d2f7ce164cf2.js"
      }, {
         "columnNumber": 98221,
         "functionName": "ml",
         "lineNumber": 1,
         "scriptId": "15",
         "url": "https://duckduckgo.com/dist/newtab/wpmv.nt.484de130d2f7ce164cf2.js"
      }, {
         "columnNumber": 98531,
         "functionName": "gl",
         "lineNumber": 1,
         "scriptId": "15",
         "url": "https://duckduckgo.com/dist/newtab/wpmv.nt.484de130d2f7ce164cf2.js"
      }, {
         "columnNumber": 98221,
         "functionName": "ml",
         "lineNumber": 1,
         "scriptId": "15",
         "url": "https://duckduckgo.com/dist/newtab/wpmv.nt.484de130d2f7ce164cf2.js"
      }, {
         "columnNumber": 98531,
         "functionName": "gl",
         "lineNumber": 1,
         "scriptId": "15",
         "url": "https://duckduckgo.com/dist/newtab/wpmv.nt.484de130d2f7ce164cf2.js"
      }, {
         "columnNumber": 98221,
         "functionName": "ml",
         "lineNumber": 1,
         "scriptId": "15",
         "url": "https://duckduckgo.com/dist/newtab/wpmv.nt.484de130d2f7ce164cf2.js"
      }, {
         "columnNumber": 98334,
         "functionName": "gl",
         "lineNumber": 1,
         "scriptId": "15",
         "url": "https://duckduckgo.com/dist/newtab/wpmv.nt.484de130d2f7ce164cf2.js"
      }, {
         "columnNumber": 98221,
         "functionName": "ml",
         "lineNumber": 1,
         "scriptId": "15",
         "url": "https://duckduckgo.com/dist/newtab/wpmv.nt.484de130d2f7ce164cf2.js"
      }, {
         "columnNumber": 99649,
         "functionName": "gl",
         "lineNumber": 1,
         "scriptId": "15",
         "url": "https://duckduckgo.com/dist/newtab/wpmv.nt.484de130d2f7ce164cf2.js"
      }, {
         "columnNumber": 98221,
         "functionName": "ml",
         "lineNumber": 1,
         "scriptId": "15",
         "url": "https://duckduckgo.com/dist/newtab/wpmv.nt.484de130d2f7ce164cf2.js"
      }, {
         "columnNumber": 98334,
         "functionName": "gl",
         "lineNumber": 1,
         "scriptId": "15",
         "url": "https://duckduckgo.com/dist/newtab/wpmv.nt.484de130d2f7ce164cf2.js"
      }, "..." ]
   }
}
[1785844904.377][DEBUG]: DevTools WebSocket Event: Page.frameRequestedNavigation (session_id=6B5F1EB51F18E17137D824F0EDF637C5) F1BCCB5B21A87D794D53A7AF1A5C5093 {
   "disposition": "currentTab",
   "frameId": "60810A9670FA6E72212D5903A0503F3F",
   "reason": "initialFrameNavigation",
   "url": "https://duckduckgo.com/ntp-tracker-stats.html"
}
[1785844904.377][DEBUG]: DevTools WebSocket Event: Page.frameStartedNavigating (session_id=6B5F1EB51F18E17137D824F0EDF637C5) F1BCCB5B21A87D794D53A7AF1A5C5093 {
   "frameId": "60810A9670FA6E72212D5903A0503F3F",
   "loaderId": "3C4E913EF70C5559F0FBD1BFD987C313",
   "navigationType": "differentDocument",
   "url": "https://duckduckgo.com/ntp-tracker-stats.html"
}
[1785844904.377][DEBUG]: DevTools WebSocket Event: Page.frameStartedLoading (session_id=6B5F1EB51F18E17137D824F0EDF637C5) F1BCCB5B21A87D794D53A7AF1A5C5093 {
   "frameId": "60810A9670FA6E72212D5903A0503F3F"
}
[1785844904.377][DEBUG]: DevTools WebSocket Event: Page.frameNavigated (session_id=6B5F1EB51F18E17137D824F0EDF637C5) F1BCCB5B21A87D794D53A7AF1A5C5093 {
   "frame": {
      "adFrameStatus": {
         "adFrameType": "none",
         "explanations": [  ]
      },
      "crossOriginIsolatedContextType": "NotIsolated",
      "domainAndRegistry": "duckduckgo.com",
      "gatedAPIFeatures": [  ],
      "id": "60810A9670FA6E72212D5903A0503F3F",
      "loaderId": "3C4E913EF70C5559F0FBD1BFD987C313",
      "mimeType": "text/html",
      "name": "",
      "parentId": "F1BCCB5B21A87D794D53A7AF1A5C5093",
      "secureContextType": "Secure",
      "securityOrigin": "https://duckduckgo.com",
      "securityOriginDetails": {
         "isLocalhost": false
      },
      "url": "https://duckduckgo.com/ntp-tracker-stats.html"
   },
   "type": "Navigation"
}
[1785844904.377][DEBUG]: DevTools WebSocket Event: Runtime.executionContextCreated (session_id=6B5F1EB51F18E17137D824F0EDF637C5) F1BCCB5B21A87D794D53A7AF1A5C5093 {
   "context": {
      "auxData": {
         "frameId": "60810A9670FA6E72212D5903A0503F3F",
         "isDefault": true,
         "type": "default"
      },
      "id": 8,
      "name": "",
      "origin": "https://duckduckgo.com",
      "uniqueId": "694720999496230414.-7254251214579363495"
   }
}
[1785844904.377][DEBUG]: DevTools WebSocket Event: Page.frameStoppedLoading (session_id=6B5F1EB51F18E17137D824F0EDF637C5) F1BCCB5B21A87D794D53A7AF1A5C5093 {
   "frameId": "60810A9670FA6E72212D5903A0503F3F"
}
[1785844904.377][DEBUG]: DevTools WebSocket Event: Page.frameSubtreeWillBeDetached (session_id=6B5F1EB51F18E17137D824F0EDF637C5) F1BCCB5B21A87D794D53A7AF1A5C5093 {
   "frameId": "60810A9670FA6E72212D5903A0503F3F"
}
[1785844904.377][DEBUG]: DevTools WebSocket Event: Page.frameDetached (session_id=6B5F1EB51F18E17137D824F0EDF637C5) F1BCCB5B21A87D794D53A7AF1A5C5093 {
   "frameId": "60810A9670FA6E72212D5903A0503F3F",
   "reason": "remove"
}
[1785844904.377][DEBUG]: DevTools WebSocket Event: Runtime.executionContextDestroyed (session_id=6B5F1EB51F18E17137D824F0EDF637C5) F1BCCB5B21A87D794D53A7AF1A5C5093 {
   "executionContextId": 8,
   "executionContextUniqueId": "694720999496230414.-7254251214579363495"
}
[1785844904.379][DEBUG]: DevTools WebSocket Event: Page.frameAttached (session_id=6B5F1EB51F18E17137D824F0EDF637C5) F1BCCB5B21A87D794D53A7AF1A5C5093 {
   "frameId": "E1EC579F25F47F11B29C3E608A9AE141",
   "parentFrameId": "F1BCCB5B21A87D794D53A7AF1A5C5093",
   "stack": {
      "callFrames": [ {
         "columnNumber": 96087,
         "functionName": "sl",
         "lineNumber": 1,
         "scriptId": "15",
         "url": "https://duckduckgo.com/dist/newtab/wpmv.nt.484de130d2f7ce164cf2.js"
      }, {
         "columnNumber": 101525,
         "functionName": "yl",
         "lineNumber": 1,
         "scriptId": "15",
         "url": "https://duckduckgo.com/dist/newtab/wpmv.nt.484de130d2f7ce164cf2.js"
      }, {
         "columnNumber": 98539,
         "functionName": "gl",
         "lineNumber": 1,
         "scriptId": "15",
         "url": "https://duckduckgo.com/dist/newtab/wpmv.nt.484de130d2f7ce164cf2.js"
      }, {
         "columnNumber": 98221,
         "functionName": "ml",
         "lineNumber": 1,
         "scriptId": "15",
         "url": "https://duckduckgo.com/dist/newtab/wpmv.nt.484de130d2f7ce164cf2.js"
      }, {
         "columnNumber": 99649,
         "functionName": "gl",
         "lineNumber": 1,
         "scriptId": "15",
         "url": "https://duckduckgo.com/dist/newtab/wpmv.nt.484de130d2f7ce164cf2.js"
      }, {
         "columnNumber": 98221,
         "functionName": "ml",
         "lineNumber": 1,
         "scriptId": "15",
         "url": "https://duckduckgo.com/dist/newtab/wpmv.nt.484de130d2f7ce164cf2.js"
      }, {
         "columnNumber": 98334,
         "functionName": "gl",
         "lineNumber": 1,
         "scriptId": "15",
         "url": "https://duckduckgo.com/dist/newtab/wpmv.nt.484de130d2f7ce164cf2.js"
      }, {
         "columnNumber": 98221,
         "functionName": "ml",
         "lineNumber": 1,
         "scriptId": "15",
         "url": "https://duckduckgo.com/dist/newtab/wpmv.nt.484de130d2f7ce164cf2.js"
      }, {
         "columnNumber": 98334,
         "functionName": "gl",
         "lineNumber": 1,
         "scriptId": "15",
         "url": "https://duckduckgo.com/dist/newtab/wpmv.nt.484de130d2f7ce164cf2.js"
      }, {
         "columnNumber": 98221,
         "functionName": "ml",
         "lineNumber": 1,
         "scriptId": "15",
         "url": "https://duckduckgo.com/dist/newtab/wpmv.nt.484de130d2f7ce164cf2.js"
      }, {
         "columnNumber": 98531,
         "functionName": "gl",
         "lineNumber": 1,
         "scriptId": "15",
         "url": "https://duckduckgo.com/dist/newtab/wpmv.nt.484de130d2f7ce164cf2.js"
      }, {
         "columnNumber": 98221,
         "functionName": "ml",
         "lineNumber": 1,
         "scriptId": "15",
         "url": "https://duckduckgo.com/dist/newtab/wpmv.nt.484de130d2f7ce164cf2.js"
      }, {
         "columnNumber": 98531,
         "functionName": "gl",
         "lineNumber": 1,
         "scriptId": "15",
         "url": "https://duckduckgo.com/dist/newtab/wpmv.nt.484de130d2f7ce164cf2.js"
      }, {
         "columnNumber": 98221,
         "functionName": "ml",
         "lineNumber": 1,
         "scriptId": "15",
         "url": "https://duckduckgo.com/dist/newtab/wpmv.nt.484de130d2f7ce164cf2.js"
      }, {
         "columnNumber": 98334,
         "functionName": "gl",
         "lineNumber": 1,
         "scriptId": "15",
         "url": "https://duckduckgo.com/dist/newtab/wpmv.nt.484de130d2f7ce164cf2.js"
      }, {
         "columnNumber": 98221,
         "functionName": "ml",
         "lineNumber": 1,
         "scriptId": "15",
         "url": "https://duckduckgo.com/dist/newtab/wpmv.nt.484de130d2f7ce164cf2.js"
      }, {
         "columnNumber": 99649,
         "functionName": "gl",
         "lineNumber": 1,
         "scriptId": "15",
         "url": "https://duckduckgo.com/dist/newtab/wpmv.nt.484de130d2f7ce164cf2.js"
      }, {
         "columnNumber": 98221,
         "functionName": "ml",
         "lineNumber": 1,
         "scriptId": "15",
         "url": "https://duckduckgo.com/dist/newtab/wpmv.nt.484de130d2f7ce164cf2.js"
      }, {
         "columnNumber": 98334,
         "functionName": "gl",
         "lineNumber": 1,
         "scriptId": "15",
         "url": "https://duckduckgo.com/dist/newtab/wpmv.nt.484de130d2f7ce164cf2.js"
      }, "..." ]
   }
}
[1785844904.379][DEBUG]: DevTools WebSocket Event: Page.frameRequestedNavigation (session_id=6B5F1EB51F18E17137D824F0EDF637C5) F1BCCB5B21A87D794D53A7AF1A5C5093 {
   "disposition": "currentTab",
   "frameId": "E1EC579F25F47F11B29C3E608A9AE141",
   "reason": "initialFrameNavigation",
   "url": "https://duckduckgo.com/ntp-tracker-stats.html"
}
[1785844904.379][DEBUG]: DevTools WebSocket Event: Page.frameStartedNavigating (session_id=6B5F1EB51F18E17137D824F0EDF637C5) F1BCCB5B21A87D794D53A7AF1A5C5093 {
   "frameId": "E1EC579F25F47F11B29C3E608A9AE141",
   "loaderId": "BE32CF87D57F10DF7D6116DD4A6E35EF",
   "navigationType": "differentDocument",
   "url": "https://duckduckgo.com/ntp-tracker-stats.html"
}
[1785844904.379][DEBUG]: DevTools WebSocket Event: Page.frameStartedLoading (session_id=6B5F1EB51F18E17137D824F0EDF637C5) F1BCCB5B21A87D794D53A7AF1A5C5093 {
   "frameId": "E1EC579F25F47F11B29C3E608A9AE141"
}
[1785844904.379][DEBUG]: DevTools WebSocket Event: Page.frameNavigated (session_id=6B5F1EB51F18E17137D824F0EDF637C5) F1BCCB5B21A87D794D53A7AF1A5C5093 {
   "frame": {
      "adFrameStatus": {
         "adFrameType": "none",
         "explanations": [  ]
      },
      "crossOriginIsolatedContextType": "NotIsolated",
      "domainAndRegistry": "duckduckgo.com",
      "gatedAPIFeatures": [  ],
      "id": "E1EC579F25F47F11B29C3E608A9AE141",
      "loaderId": "BE32CF87D57F10DF7D6116DD4A6E35EF",
      "mimeType": "text/html",
      "name": "",
      "parentId": "F1BCCB5B21A87D794D53A7AF1A5C5093",
      "secureContextType": "Secure",
      "securityOrigin": "https://duckduckgo.com",
      "securityOriginDetails": {
         "isLocalhost": false
      },
      "url": "https://duckduckgo.com/ntp-tracker-stats.html"
   },
   "type": "Navigation"
}
[1785844904.379][DEBUG]: DevTools WebSocket Event: Runtime.executionContextCreated (session_id=6B5F1EB51F18E17137D824F0EDF637C5) F1BCCB5B21A87D794D53A7AF1A5C5093 {
   "context": {
      "auxData": {
         "frameId": "E1EC579F25F47F11B29C3E608A9AE141",
         "isDefault": true,
         "type": "default"
      },
      "id": 9,
      "name": "",
      "origin": "https://duckduckgo.com",
      "uniqueId": "-7499804668924820483.-2350539079573432743"
   }
}
[1785844904.379][DEBUG]: DevTools WebSocket Event: Page.frameStoppedLoading (session_id=6B5F1EB51F18E17137D824F0EDF637C5) F1BCCB5B21A87D794D53A7AF1A5C5093 {
   "frameId": "E1EC579F25F47F11B29C3E608A9AE141"
}
[1785844904.379][DEBUG]: DevTools WebSocket Event: Page.frameSubtreeWillBeDetached (session_id=6B5F1EB51F18E17137D824F0EDF637C5) F1BCCB5B21A87D794D53A7AF1A5C5093 {
   "frameId": "E1EC579F25F47F11B29C3E608A9AE141"
}
[1785844904.379][DEBUG]: DevTools WebSocket Event: Page.frameDetached (session_id=6B5F1EB51F18E17137D824F0EDF637C5) F1BCCB5B21A87D794D53A7AF1A5C5093 {
   "frameId": "E1EC579F25F47F11B29C3E608A9AE141",
   "reason": "remove"
}
[1785844904.380][DEBUG]: DevTools WebSocket Event: Runtime.executionContextDestroyed (session_id=6B5F1EB51F18E17137D824F0EDF637C5) F1BCCB5B21A87D794D53A7AF1A5C5093 {
   "executionContextId": 9,
   "executionContextUniqueId": "-7499804668924820483.-2350539079573432743"
}
[1785844904.380][DEBUG]: DevTools WebSocket Event: Page.frameAttached (session_id=6B5F1EB51F18E17137D824F0EDF637C5) F1BCCB5B21A87D794D53A7AF1A5C5093 {
   "frameId": "06E323E0D1E6E3F2ED7FC01F3AE087E4",
   "parentFrameId": "F1BCCB5B21A87D794D53A7AF1A5C5093",
   "stack": {
      "callFrames": [ {
         "columnNumber": 96087,
         "functionName": "sl",
         "lineNumber": 1,
         "scriptId": "15",
         "url": "https://duckduckgo.com/dist/newtab/wpmv.nt.484de130d2f7ce164cf2.js"
      }, {
         "columnNumber": 101525,
         "functionName": "yl",
         "lineNumber": 1,
         "scriptId": "15",
         "url": "https://duckduckgo.com/dist/newtab/wpmv.nt.484de130d2f7ce164cf2.js"
      }, {
         "columnNumber": 98539,
         "functionName": "gl",
         "lineNumber": 1,
         "scriptId": "15",
         "url": "https://duckduckgo.com/dist/newtab/wpmv.nt.484de130d2f7ce164cf2.js"
      }, {
         "columnNumber": 98221,
         "functionName": "ml",
         "lineNumber": 1,
         "scriptId": "15",
         "url": "https://duckduckgo.com/dist/newtab/wpmv.nt.484de130d2f7ce164cf2.js"
      }, {
         "columnNumber": 99649,
         "functionName": "gl",
         "lineNumber": 1,
         "scriptId": "15",
         "url": "https://duckduckgo.com/dist/newtab/wpmv.nt.484de130d2f7ce164cf2.js"
      }, {
         "columnNumber": 98221,
         "functionName": "ml",
         "lineNumber": 1,
         "scriptId": "15",
         "url": "https://duckduckgo.com/dist/newtab/wpmv.nt.484de130d2f7ce164cf2.js"
      }, {
         "columnNumber": 98334,
         "functionName": "gl",
         "lineNumber": 1,
         "scriptId": "15",
         "url": "https://duckduckgo.com/dist/newtab/wpmv.nt.484de130d2f7ce164cf2.js"
      }, {
         "columnNumber": 98221,
         "functionName": "ml",
         "lineNumber": 1,
         "scriptId": "15",
         "url": "https://duckduckgo.com/dist/newtab/wpmv.nt.484de130d2f7ce164cf2.js"
      }, {
         "columnNumber": 98334,
         "functionName": "gl",
         "lineNumber": 1,
         "scriptId": "15",
         "url": "https://duckduckgo.com/dist/newtab/wpmv.nt.484de130d2f7ce164cf2.js"
      }, {
         "columnNumber": 98221,
         "functionName": "ml",
         "lineNumber": 1,
         "scriptId": "15",
         "url": "https://duckduckgo.com/dist/newtab/wpmv.nt.484de130d2f7ce164cf2.js"
      }, {
         "columnNumber": 98531,
         "functionName": "gl",
         "lineNumber": 1,
         "scriptId": "15",
         "url": "https://duckduckgo.com/dist/newtab/wpmv.nt.484de130d2f7ce164cf2.js"
      }, {
         "columnNumber": 98221,
         "functionName": "ml",
         "lineNumber": 1,
         "scriptId": "15",
         "url": "https://duckduckgo.com/dist/newtab/wpmv.nt.484de130d2f7ce164cf2.js"
      }, {
         "columnNumber": 98531,
         "functionName": "gl",
         "lineNumber": 1,
         "scriptId": "15",
         "url": "https://duckduckgo.com/dist/newtab/wpmv.nt.484de130d2f7ce164cf2.js"
      }, {
         "columnNumber": 98221,
         "functionName": "ml",
         "lineNumber": 1,
         "scriptId": "15",
         "url": "https://duckduckgo.com/dist/newtab/wpmv.nt.484de130d2f7ce164cf2.js"
      }, {
         "columnNumber": 98334,
         "functionName": "gl",
         "lineNumber": 1,
         "scriptId": "15",
         "url": "https://duckduckgo.com/dist/newtab/wpmv.nt.484de130d2f7ce164cf2.js"
      }, {
         "columnNumber": 98221,
         "functionName": "ml",
         "lineNumber": 1,
         "scriptId": "15",
         "url": "https://duckduckgo.com/dist/newtab/wpmv.nt.484de130d2f7ce164cf2.js"
      }, {
         "columnNumber": 99649,
         "functionName": "gl",
         "lineNumber": 1,
         "scriptId": "15",
         "url": "https://duckduckgo.com/dist/newtab/wpmv.nt.484de130d2f7ce164cf2.js"
      }, {
         "columnNumber": 98221,
         "functionName": "ml",
         "lineNumber": 1,
         "scriptId": "15",
         "url": "https://duckduckgo.com/dist/newtab/wpmv.nt.484de130d2f7ce164cf2.js"
      }, {
         "columnNumber": 98334,
         "functionName": "gl",
         "lineNumber": 1,
         "scriptId": "15",
         "url": "https://duckduckgo.com/dist/newtab/wpmv.nt.484de130d2f7ce164cf2.js"
      }, "..." ]
   }
}
[1785844904.380][DEBUG]: DevTools WebSocket Event: Page.frameRequestedNavigation (session_id=6B5F1EB51F18E17137D824F0EDF637C5) F1BCCB5B21A87D794D53A7AF1A5C5093 {
   "disposition": "currentTab",
   "frameId": "06E323E0D1E6E3F2ED7FC01F3AE087E4",
   "reason": "initialFrameNavigation",
   "url": "https://duckduckgo.com/ntp-tracker-stats.html"
}
[1785844904.380][DEBUG]: DevTools WebSocket Event: Page.frameStartedNavigating (session_id=6B5F1EB51F18E17137D824F0EDF637C5) F1BCCB5B21A87D794D53A7AF1A5C5093 {
   "frameId": "06E323E0D1E6E3F2ED7FC01F3AE087E4",
   "loaderId": "44AA82C31F9F7043F3C0FDF64C1F15C7",
   "navigationType": "differentDocument",
   "url": "https://duckduckgo.com/ntp-tracker-stats.html"
}
[1785844904.380][DEBUG]: DevTools WebSocket Event: Page.frameStartedLoading (session_id=6B5F1EB51F18E17137D824F0EDF637C5) F1BCCB5B21A87D794D53A7AF1A5C5093 {
   "frameId": "06E323E0D1E6E3F2ED7FC01F3AE087E4"
}
[1785844904.380][DEBUG]: DevTools WebSocket Event: Page.frameNavigated (session_id=6B5F1EB51F18E17137D824F0EDF637C5) F1BCCB5B21A87D794D53A7AF1A5C5093 {
   "frame": {
      "adFrameStatus": {
         "adFrameType": "none",
         "explanations": [  ]
      },
      "crossOriginIsolatedContextType": "NotIsolated",
      "domainAndRegistry": "duckduckgo.com",
      "gatedAPIFeatures": [  ],
      "id": "06E323E0D1E6E3F2ED7FC01F3AE087E4",
      "loaderId": "44AA82C31F9F7043F3C0FDF64C1F15C7",
      "mimeType": "text/html",
      "name": "",
      "parentId": "F1BCCB5B21A87D794D53A7AF1A5C5093",
      "secureContextType": "Secure",
      "securityOrigin": "https://duckduckgo.com",
      "securityOriginDetails": {
         "isLocalhost": false
      },
      "url": "https://duckduckgo.com/ntp-tracker-stats.html"
   },
   "type": "Navigation"
}
[1785844904.380][DEBUG]: DevTools WebSocket Event: Runtime.executionContextCreated (session_id=6B5F1EB51F18E17137D824F0EDF637C5) F1BCCB5B21A87D794D53A7AF1A5C5093 {
   "context": {
      "auxData": {
         "frameId": "06E323E0D1E6E3F2ED7FC01F3AE087E4",
         "isDefault": true,
         "type": "default"
      },
      "id": 10,
      "name": "",
      "origin": "https://duckduckgo.com",
      "uniqueId": "3001998403114584405.911653156741077166"
   }
}
[1785844904.380][DEBUG]: DevTools WebSocket Event: Page.frameStoppedLoading (session_id=6B5F1EB51F18E17137D824F0EDF637C5) F1BCCB5B21A87D794D53A7AF1A5C5093 {
   "frameId": "06E323E0D1E6E3F2ED7FC01F3AE087E4"
}
[1785844904.380][DEBUG]: DevTools WebSocket Event: Page.frameSubtreeWillBeDetached (session_id=6B5F1EB51F18E17137D824F0EDF637C5) F1BCCB5B21A87D794D53A7AF1A5C5093 {
   "frameId": "06E323E0D1E6E3F2ED7FC01F3AE087E4"
}
[1785844904.380][DEBUG]: DevTools WebSocket Event: Page.frameDetached (session_id=6B5F1EB51F18E17137D824F0EDF637C5) F1BCCB5B21A87D794D53A7AF1A5C5093 {
   "frameId": "06E323E0D1E6E3F2ED7FC01F3AE087E4",
   "reason": "remove"
}
[1785844904.380][DEBUG]: DevTools WebSocket Event: Runtime.executionContextDestroyed (session_id=6B5F1EB51F18E17137D824F0EDF637C5) F1BCCB5B21A87D794D53A7AF1A5C5093 {
   "executionContextId": 10,
   "executionContextUniqueId": "3001998403114584405.911653156741077166"
}
[1785844904.382][DEBUG]: DevTools WebSocket Event: Page.frameAttached (session_id=6B5F1EB51F18E17137D824F0EDF637C5) F1BCCB5B21A87D794D53A7AF1A5C5093 {
   "frameId": "76F3A92131E0EA5D16CE6605165CD4BC",
   "parentFrameId": "F1BCCB5B21A87D794D53A7AF1A5C5093",
   "stack": {
      "callFrames": [ {
         "columnNumber": 96087,
         "functionName": "sl",
         "lineNumber": 1,
         "scriptId": "15",
         "url": "https://duckduckgo.com/dist/newtab/wpmv.nt.484de130d2f7ce164cf2.js"
      }, {
         "columnNumber": 101525,
         "functionName": "yl",
         "lineNumber": 1,
         "scriptId": "15",
         "url": "https://duckduckgo.com/dist/newtab/wpmv.nt.484de130d2f7ce164cf2.js"
      }, {
         "columnNumber": 98539,
         "functionName": "gl",
         "lineNumber": 1,
         "scriptId": "15",
         "url": "https://duckduckgo.com/dist/newtab/wpmv.nt.484de130d2f7ce164cf2.js"
      }, {
         "columnNumber": 98221,
         "functionName": "ml",
         "lineNumber": 1,
         "scriptId": "15",
         "url": "https://duckduckgo.com/dist/newtab/wpmv.nt.484de130d2f7ce164cf2.js"
      }, {
         "columnNumber": 99649,
         "functionName": "gl",
         "lineNumber": 1,
         "scriptId": "15",
         "url": "https://duckduckgo.com/dist/newtab/wpmv.nt.484de130d2f7ce164cf2.js"
      }, {
         "columnNumber": 98221,
         "functionName": "ml",
         "lineNumber": 1,
         "scriptId": "15",
         "url": "https://duckduckgo.com/dist/newtab/wpmv.nt.484de130d2f7ce164cf2.js"
      }, {
         "columnNumber": 98334,
         "functionName": "gl",
         "lineNumber": 1,
         "scriptId": "15",
         "url": "https://duckduckgo.com/dist/newtab/wpmv.nt.484de130d2f7ce164cf2.js"
      }, {
         "columnNumber": 98221,
         "functionName": "ml",
         "lineNumber": 1,
         "scriptId": "15",
         "url": "https://duckduckgo.com/dist/newtab/wpmv.nt.484de130d2f7ce164cf2.js"
      }, {
         "columnNumber": 98334,
         "functionName": "gl",
         "lineNumber": 1,
         "scriptId": "15",
         "url": "https://duckduckgo.com/dist/newtab/wpmv.nt.484de130d2f7ce164cf2.js"
      }, {
         "columnNumber": 98221,
         "functionName": "ml",
         "lineNumber": 1,
         "scriptId": "15",
         "url": "https://duckduckgo.com/dist/newtab/wpmv.nt.484de130d2f7ce164cf2.js"
      }, {
         "columnNumber": 98531,
         "functionName": "gl",
         "lineNumber": 1,
         "scriptId": "15",
         "url": "https://duckduckgo.com/dist/newtab/wpmv.nt.484de130d2f7ce164cf2.js"
      }, {
         "columnNumber": 98221,
         "functionName": "ml",
         "lineNumber": 1,
         "scriptId": "15",
         "url": "https://duckduckgo.com/dist/newtab/wpmv.nt.484de130d2f7ce164cf2.js"
      }, {
         "columnNumber": 98531,
         "functionName": "gl",
         "lineNumber": 1,
         "scriptId": "15",
         "url": "https://duckduckgo.com/dist/newtab/wpmv.nt.484de130d2f7ce164cf2.js"
      }, {
         "columnNumber": 98221,
         "functionName": "ml",
         "lineNumber": 1,
         "scriptId": "15",
         "url": "https://duckduckgo.com/dist/newtab/wpmv.nt.484de130d2f7ce164cf2.js"
      }, {
         "columnNumber": 98334,
         "functionName": "gl",
         "lineNumber": 1,
         "scriptId": "15",
         "url": "https://duckduckgo.com/dist/newtab/wpmv.nt.484de130d2f7ce164cf2.js"
      }, {
         "columnNumber": 98221,
         "functionName": "ml",
         "lineNumber": 1,
         "scriptId": "15",
         "url": "https://duckduckgo.com/dist/newtab/wpmv.nt.484de130d2f7ce164cf2.js"
      }, {
         "columnNumber": 99649,
         "functionName": "gl",
         "lineNumber": 1,
         "scriptId": "15",
         "url": "https://duckduckgo.com/dist/newtab/wpmv.nt.484de130d2f7ce164cf2.js"
      }, {
         "columnNumber": 98221,
         "functionName": "ml",
         "lineNumber": 1,
         "scriptId": "15",
         "url": "https://duckduckgo.com/dist/newtab/wpmv.nt.484de130d2f7ce164cf2.js"
      }, {
         "columnNumber": 98334,
         "functionName": "gl",
         "lineNumber": 1,
         "scriptId": "15",
         "url": "https://duckduckgo.com/dist/newtab/wpmv.nt.484de130d2f7ce164cf2.js"
      }, "..." ]
   }
}
[1785844904.382][DEBUG]: DevTools WebSocket Event: Page.frameRequestedNavigation (session_id=6B5F1EB51F18E17137D824F0EDF637C5) F1BCCB5B21A87D794D53A7AF1A5C5093 {
   "disposition": "currentTab",
   "frameId": "76F3A92131E0EA5D16CE6605165CD4BC",
   "reason": "initialFrameNavigation",
   "url": "https://duckduckgo.com/ntp-tracker-stats.html"
}
[1785844904.382][DEBUG]: DevTools WebSocket Event: Page.frameStartedNavigating (session_id=6B5F1EB51F18E17137D824F0EDF637C5) F1BCCB5B21A87D794D53A7AF1A5C5093 {
   "frameId": "76F3A92131E0EA5D16CE6605165CD4BC",
   "loaderId": "6832B7C37582274CE982202220683F4A",
   "navigationType": "differentDocument",
   "url": "https://duckduckgo.com/ntp-tracker-stats.html"
}
[1785844904.382][DEBUG]: DevTools WebSocket Event: Page.frameStartedLoading (session_id=6B5F1EB51F18E17137D824F0EDF637C5) F1BCCB5B21A87D794D53A7AF1A5C5093 {
   "frameId": "76F3A92131E0EA5D16CE6605165CD4BC"
}
[1785844904.382][DEBUG]: DevTools WebSocket Event: Page.frameNavigated (session_id=6B5F1EB51F18E17137D824F0EDF637C5) F1BCCB5B21A87D794D53A7AF1A5C5093 {
   "frame": {
      "adFrameStatus": {
         "adFrameType": "none",
         "explanations": [  ]
      },
      "crossOriginIsolatedContextType": "NotIsolated",
      "domainAndRegistry": "duckduckgo.com",
      "gatedAPIFeatures": [  ],
      "id": "76F3A92131E0EA5D16CE6605165CD4BC",
      "loaderId": "6832B7C37582274CE982202220683F4A",
      "mimeType": "text/html",
      "name": "",
      "parentId": "F1BCCB5B21A87D794D53A7AF1A5C5093",
      "secureContextType": "Secure",
      "securityOrigin": "https://duckduckgo.com",
      "securityOriginDetails": {
         "isLocalhost": false
      },
      "url": "https://duckduckgo.com/ntp-tracker-stats.html"
   },
   "type": "Navigation"
}
[1785844904.382][DEBUG]: DevTools WebSocket Event: Runtime.executionContextCreated (session_id=6B5F1EB51F18E17137D824F0EDF637C5) F1BCCB5B21A87D794D53A7AF1A5C5093 {
   "context": {
      "auxData": {
         "frameId": "76F3A92131E0EA5D16CE6605165CD4BC",
         "isDefault": true,
         "type": "default"
      },
      "id": 11,
      "name": "",
      "origin": "https://duckduckgo.com",
      "uniqueId": "176986533835967236.-4907937194988624353"
   }
}
[1785844904.382][DEBUG]: DevTools WebSocket Event: Page.frameStoppedLoading (session_id=6B5F1EB51F18E17137D824F0EDF637C5) F1BCCB5B21A87D794D53A7AF1A5C5093 {
   "frameId": "76F3A92131E0EA5D16CE6605165CD4BC"
}
[1785844904.382][DEBUG]: DevTools WebSocket Event: Page.frameSubtreeWillBeDetached (session_id=6B5F1EB51F18E17137D824F0EDF637C5) F1BCCB5B21A87D794D53A7AF1A5C5093 {
   "frameId": "76F3A92131E0EA5D16CE6605165CD4BC"
}
[1785844904.382][DEBUG]: DevTools WebSocket Event: Page.frameDetached (session_id=6B5F1EB51F18E17137D824F0EDF637C5) F1BCCB5B21A87D794D53A7AF1A5C5093 {
   "frameId": "76F3A92131E0EA5D16CE6605165CD4BC",
   "reason": "remove"
}
[1785844904.382][DEBUG]: DevTools WebSocket Event: Runtime.executionContextDestroyed (session_id=6B5F1EB51F18E17137D824F0EDF637C5) F1BCCB5B21A87D794D53A7AF1A5C5093 {
   "executionContextId": 11,
   "executionContextUniqueId": "176986533835967236.-4907937194988624353"
}
[1785844904.382][DEBUG]: DevTools WebSocket Event: Page.frameAttached (session_id=6B5F1EB51F18E17137D824F0EDF637C5) F1BCCB5B21A87D794D53A7AF1A5C5093 {
   "frameId": "DC758C26A523B1908F2DA8714BBDA21F",
   "parentFrameId": "F1BCCB5B21A87D794D53A7AF1A5C5093",
   "stack": {
      "callFrames": [ {
         "columnNumber": 96087,
         "functionName": "sl",
         "lineNumber": 1,
         "scriptId": "15",
         "url": "https://duckduckgo.com/dist/newtab/wpmv.nt.484de130d2f7ce164cf2.js"
      }, {
         "columnNumber": 101525,
         "functionName": "yl",
         "lineNumber": 1,
         "scriptId": "15",
         "url": "https://duckduckgo.com/dist/newtab/wpmv.nt.484de130d2f7ce164cf2.js"
      }, {
         "columnNumber": 98539,
         "functionName": "gl",
         "lineNumber": 1,
         "scriptId": "15",
         "url": "https://duckduckgo.com/dist/newtab/wpmv.nt.484de130d2f7ce164cf2.js"
      }, {
         "columnNumber": 98221,
         "functionName": "ml",
         "lineNumber": 1,
         "scriptId": "15",
         "url": "https://duckduckgo.com/dist/newtab/wpmv.nt.484de130d2f7ce164cf2.js"
      }, {
         "columnNumber": 99649,
         "functionName": "gl",
         "lineNumber": 1,
         "scriptId": "15",
         "url": "https://duckduckgo.com/dist/newtab/wpmv.nt.484de130d2f7ce164cf2.js"
      }, {
         "columnNumber": 98221,
         "functionName": "ml",
         "lineNumber": 1,
         "scriptId": "15",
         "url": "https://duckduckgo.com/dist/newtab/wpmv.nt.484de130d2f7ce164cf2.js"
      }, {
         "columnNumber": 98334,
         "functionName": "gl",
         "lineNumber": 1,
         "scriptId": "15",
         "url": "https://duckduckgo.com/dist/newtab/wpmv.nt.484de130d2f7ce164cf2.js"
      }, {
         "columnNumber": 98221,
         "functionName": "ml",
         "lineNumber": 1,
         "scriptId": "15",
         "url": "https://duckduckgo.com/dist/newtab/wpmv.nt.484de130d2f7ce164cf2.js"
      }, {
         "columnNumber": 98334,
         "functionName": "gl",
         "lineNumber": 1,
         "scriptId": "15",
         "url": "https://duckduckgo.com/dist/newtab/wpmv.nt.484de130d2f7ce164cf2.js"
      }, {
         "columnNumber": 98221,
         "functionName": "ml",
         "lineNumber": 1,
         "scriptId": "15",
         "url": "https://duckduckgo.com/dist/newtab/wpmv.nt.484de130d2f7ce164cf2.js"
      }, {
         "columnNumber": 98531,
         "functionName": "gl",
         "lineNumber": 1,
         "scriptId": "15",
         "url": "https://duckduckgo.com/dist/newtab/wpmv.nt.484de130d2f7ce164cf2.js"
      }, {
         "columnNumber": 98221,
         "functionName": "ml",
         "lineNumber": 1,
         "scriptId": "15",
         "url": "https://duckduckgo.com/dist/newtab/wpmv.nt.484de130d2f7ce164cf2.js"
      }, {
         "columnNumber": 98531,
         "functionName": "gl",
         "lineNumber": 1,
         "scriptId": "15",
         "url": "https://duckduckgo.com/dist/newtab/wpmv.nt.484de130d2f7ce164cf2.js"
      }, {
         "columnNumber": 98221,
         "functionName": "ml",
         "lineNumber": 1,
         "scriptId": "15",
         "url": "https://duckduckgo.com/dist/newtab/wpmv.nt.484de130d2f7ce164cf2.js"
      }, {
         "columnNumber": 98334,
         "functionName": "gl",
         "lineNumber": 1,
         "scriptId": "15",
         "url": "https://duckduckgo.com/dist/newtab/wpmv.nt.484de130d2f7ce164cf2.js"
      }, {
         "columnNumber": 98221,
         "functionName": "ml",
         "lineNumber": 1,
         "scriptId": "15",
         "url": "https://duckduckgo.com/dist/newtab/wpmv.nt.484de130d2f7ce164cf2.js"
      }, {
         "columnNumber": 99649,
         "functionName": "gl",
         "lineNumber": 1,
         "scriptId": "15",
         "url": "https://duckduckgo.com/dist/newtab/wpmv.nt.484de130d2f7ce164cf2.js"
      }, {
         "columnNumber": 98221,
         "functionName": "ml",
         "lineNumber": 1,
         "scriptId": "15",
         "url": "https://duckduckgo.com/dist/newtab/wpmv.nt.484de130d2f7ce164cf2.js"
      }, {
         "columnNumber": 98334,
         "functionName": "gl",
         "lineNumber": 1,
         "scriptId": "15",
         "url": "https://duckduckgo.com/dist/newtab/wpmv.nt.484de130d2f7ce164cf2.js"
      }, "..." ]
   }
}
[1785844904.383][DEBUG]: DevTools WebSocket Event: Page.frameRequestedNavigation (session_id=6B5F1EB51F18E17137D824F0EDF637C5) F1BCCB5B21A87D794D53A7AF1A5C5093 {
   "disposition": "currentTab",
   "frameId": "DC758C26A523B1908F2DA8714BBDA21F",
   "reason": "initialFrameNavigation",
   "url": "https://duckduckgo.com/ntp-tracker-stats.html"
}
[1785844904.383][DEBUG]: DevTools WebSocket Event: Page.frameStartedNavigating (session_id=6B5F1EB51F18E17137D824F0EDF637C5) F1BCCB5B21A87D794D53A7AF1A5C5093 {
   "frameId": "DC758C26A523B1908F2DA8714BBDA21F",
   "loaderId": "A2E3D226AC27C53086C84B8FB0BF3D52",
   "navigationType": "differentDocument",
   "url": "https://duckduckgo.com/ntp-tracker-stats.html"
}
[1785844904.383][DEBUG]: DevTools WebSocket Event: Page.frameStartedLoading (session_id=6B5F1EB51F18E17137D824F0EDF637C5) F1BCCB5B21A87D794D53A7AF1A5C5093 {
   "frameId": "DC758C26A523B1908F2DA8714BBDA21F"
}
[1785844904.383][DEBUG]: DevTools WebSocket Event: Page.frameNavigated (session_id=6B5F1EB51F18E17137D824F0EDF637C5) F1BCCB5B21A87D794D53A7AF1A5C5093 {
   "frame": {
      "adFrameStatus": {
         "adFrameType": "none",
         "explanations": [  ]
      },
      "crossOriginIsolatedContextType": "NotIsolated",
      "domainAndRegistry": "duckduckgo.com",
      "gatedAPIFeatures": [  ],
      "id": "DC758C26A523B1908F2DA8714BBDA21F",
      "loaderId": "A2E3D226AC27C53086C84B8FB0BF3D52",
      "mimeType": "text/html",
      "name": "",
      "parentId": "F1BCCB5B21A87D794D53A7AF1A5C5093",
      "secureContextType": "Secure",
      "securityOrigin": "https://duckduckgo.com",
      "securityOriginDetails": {
         "isLocalhost": false
      },
      "url": "https://duckduckgo.com/ntp-tracker-stats.html"
   },
   "type": "Navigation"
}
[1785844904.383][DEBUG]: DevTools WebSocket Event: Runtime.executionContextCreated (session_id=6B5F1EB51F18E17137D824F0EDF637C5) F1BCCB5B21A87D794D53A7AF1A5C5093 {
   "context": {
      "auxData": {
         "frameId": "DC758C26A523B1908F2DA8714BBDA21F",
         "isDefault": true,
         "type": "default"
      },
      "id": 12,
      "name": "",
      "origin": "https://duckduckgo.com",
      "uniqueId": "-2397026677866947543.-4393172373228830470"
   }
}
[1785844904.383][DEBUG]: DevTools WebSocket Event: Page.frameStoppedLoading (session_id=6B5F1EB51F18E17137D824F0EDF637C5) F1BCCB5B21A87D794D53A7AF1A5C5093 {
   "frameId": "DC758C26A523B1908F2DA8714BBDA21F"
}
[1785844904.384][DEBUG]: DevTools WebSocket Event: Page.frameSubtreeWillBeDetached (session_id=6B5F1EB51F18E17137D824F0EDF637C5) F1BCCB5B21A87D794D53A7AF1A5C5093 {
   "frameId": "DC758C26A523B1908F2DA8714BBDA21F"
}
[1785844904.384][DEBUG]: DevTools WebSocket Event: Page.frameDetached (session_id=6B5F1EB51F18E17137D824F0EDF637C5) F1BCCB5B21A87D794D53A7AF1A5C5093 {
   "frameId": "DC758C26A523B1908F2DA8714BBDA21F",
   "reason": "remove"
}
[1785844904.384][DEBUG]: DevTools WebSocket Event: Runtime.executionContextDestroyed (session_id=6B5F1EB51F18E17137D824F0EDF637C5) F1BCCB5B21A87D794D53A7AF1A5C5093 {
   "executionContextId": 12,
   "executionContextUniqueId": "-2397026677866947543.-4393172373228830470"
}
[1785844904.384][DEBUG]: DevTools WebSocket Event: Page.frameAttached (session_id=6B5F1EB51F18E17137D824F0EDF637C5) F1BCCB5B21A87D794D53A7AF1A5C5093 {
   "frameId": "293DF3F70084A33E6D7C9870848E7AF1",
   "parentFrameId": "F1BCCB5B21A87D794D53A7AF1A5C5093",
   "stack": {
      "callFrames": [ {
         "columnNumber": 96087,
         "functionName": "sl",
         "lineNumber": 1,
         "scriptId": "15",
         "url": "https://duckduckgo.com/dist/newtab/wpmv.nt.484de130d2f7ce164cf2.js"
      }, {
         "columnNumber": 101525,
         "functionName": "yl",
         "lineNumber": 1,
         "scriptId": "15",
         "url": "https://duckduckgo.com/dist/newtab/wpmv.nt.484de130d2f7ce164cf2.js"
      }, {
         "columnNumber": 98539,
         "functionName": "gl",
         "lineNumber": 1,
         "scriptId": "15",
         "url": "https://duckduckgo.com/dist/newtab/wpmv.nt.484de130d2f7ce164cf2.js"
      }, {
         "columnNumber": 98221,
         "functionName": "ml",
         "lineNumber": 1,
         "scriptId": "15",
         "url": "https://duckduckgo.com/dist/newtab/wpmv.nt.484de130d2f7ce164cf2.js"
      }, {
         "columnNumber": 99649,
         "functionName": "gl",
         "lineNumber": 1,
         "scriptId": "15",
         "url": "https://duckduckgo.com/dist/newtab/wpmv.nt.484de130d2f7ce164cf2.js"
      }, {
         "columnNumber": 98221,
         "functionName": "ml",
         "lineNumber": 1,
         "scriptId": "15",
         "url": "https://duckduckgo.com/dist/newtab/wpmv.nt.484de130d2f7ce164cf2.js"
      }, {
         "columnNumber": 98334,
         "functionName": "gl",
         "lineNumber": 1,
         "scriptId": "15",
         "url": "https://duckduckgo.com/dist/newtab/wpmv.nt.484de130d2f7ce164cf2.js"
      }, {
         "columnNumber": 98221,
         "functionName": "ml",
         "lineNumber": 1,
         "scriptId": "15",
         "url": "https://duckduckgo.com/dist/newtab/wpmv.nt.484de130d2f7ce164cf2.js"
      }, {
         "columnNumber": 98334,
         "functionName": "gl",
         "lineNumber": 1,
         "scriptId": "15",
         "url": "https://duckduckgo.com/dist/newtab/wpmv.nt.484de130d2f7ce164cf2.js"
      }, {
         "columnNumber": 98221,
         "functionName": "ml",
         "lineNumber": 1,
         "scriptId": "15",
         "url": "https://duckduckgo.com/dist/newtab/wpmv.nt.484de130d2f7ce164cf2.js"
      }, {
         "columnNumber": 98531,
         "functionName": "gl",
         "lineNumber": 1,
         "scriptId": "15",
         "url": "https://duckduckgo.com/dist/newtab/wpmv.nt.484de130d2f7ce164cf2.js"
      }, {
         "columnNumber": 98221,
         "functionName": "ml",
         "lineNumber": 1,
         "scriptId": "15",
         "url": "https://duckduckgo.com/dist/newtab/wpmv.nt.484de130d2f7ce164cf2.js"
      }, {
         "columnNumber": 98531,
         "functionName": "gl",
         "lineNumber": 1,
         "scriptId": "15",
         "url": "https://duckduckgo.com/dist/newtab/wpmv.nt.484de130d2f7ce164cf2.js"
      }, {
         "columnNumber": 98221,
         "functionName": "ml",
         "lineNumber": 1,
         "scriptId": "15",
         "url": "https://duckduckgo.com/dist/newtab/wpmv.nt.484de130d2f7ce164cf2.js"
      }, {
         "columnNumber": 98334,
         "functionName": "gl",
         "lineNumber": 1,
         "scriptId": "15",
         "url": "https://duckduckgo.com/dist/newtab/wpmv.nt.484de130d2f7ce164cf2.js"
      }, {
         "columnNumber": 98221,
         "functionName": "ml",
         "lineNumber": 1,
         "scriptId": "15",
         "url": "https://duckduckgo.com/dist/newtab/wpmv.nt.484de130d2f7ce164cf2.js"
      }, {
         "columnNumber": 99649,
         "functionName": "gl",
         "lineNumber": 1,
         "scriptId": "15",
         "url": "https://duckduckgo.com/dist/newtab/wpmv.nt.484de130d2f7ce164cf2.js"
      }, {
         "columnNumber": 98221,
         "functionName": "ml",
         "lineNumber": 1,
         "scriptId": "15",
         "url": "https://duckduckgo.com/dist/newtab/wpmv.nt.484de130d2f7ce164cf2.js"
      }, {
         "columnNumber": 98334,
         "functionName": "gl",
         "lineNumber": 1,
         "scriptId": "15",
         "url": "https://duckduckgo.com/dist/newtab/wpmv.nt.484de130d2f7ce164cf2.js"
      }, "..." ]
   }
}
[1785844904.384][DEBUG]: DevTools WebSocket Event: Page.frameRequestedNavigation (session_id=6B5F1EB51F18E17137D824F0EDF637C5) F1BCCB5B21A87D794D53A7AF1A5C5093 {
   "disposition": "currentTab",
   "frameId": "293DF3F70084A33E6D7C9870848E7AF1",
   "reason": "initialFrameNavigation",
   "url": "https://duckduckgo.com/ntp-tracker-stats.html"
}
[1785844904.384][DEBUG]: DevTools WebSocket Event: Page.frameStartedNavigating (session_id=6B5F1EB51F18E17137D824F0EDF637C5) F1BCCB5B21A87D794D53A7AF1A5C5093 {
   "frameId": "293DF3F70084A33E6D7C9870848E7AF1",
   "loaderId": "67536AC0A078862D21AD0ADE015C7224",
   "navigationType": "differentDocument",
   "url": "https://duckduckgo.com/ntp-tracker-stats.html"
}
[1785844904.384][DEBUG]: DevTools WebSocket Event: Page.frameStartedLoading (session_id=6B5F1EB51F18E17137D824F0EDF637C5) F1BCCB5B21A87D794D53A7AF1A5C5093 {
   "frameId": "293DF3F70084A33E6D7C9870848E7AF1"
}
[1785844904.384][DEBUG]: DevTools WebSocket Event: Page.frameNavigated (session_id=6B5F1EB51F18E17137D824F0EDF637C5) F1BCCB5B21A87D794D53A7AF1A5C5093 {
   "frame": {
      "adFrameStatus": {
         "adFrameType": "none",
         "explanations": [  ]
      },
      "crossOriginIsolatedContextType": "NotIsolated",
      "domainAndRegistry": "duckduckgo.com",
      "gatedAPIFeatures": [  ],
      "id": "293DF3F70084A33E6D7C9870848E7AF1",
      "loaderId": "67536AC0A078862D21AD0ADE015C7224",
      "mimeType": "text/html",
      "name": "",
      "parentId": "F1BCCB5B21A87D794D53A7AF1A5C5093",
      "secureContextType": "Secure",
      "securityOrigin": "https://duckduckgo.com",
      "securityOriginDetails": {
         "isLocalhost": false
      },
      "url": "https://duckduckgo.com/ntp-tracker-stats.html"
   },
   "type": "Navigation"
}
[1785844904.385][DEBUG]: DevTools WebSocket Event: Runtime.executionContextCreated (session_id=6B5F1EB51F18E17137D824F0EDF637C5) F1BCCB5B21A87D794D53A7AF1A5C5093 {
   "context": {
      "auxData": {
         "frameId": "293DF3F70084A33E6D7C9870848E7AF1",
         "isDefault": true,
         "type": "default"
      },
      "id": 13,
      "name": "",
      "origin": "https://duckduckgo.com",
      "uniqueId": "4312607231364145595.-3779977663083766723"
   }
}
[1785844904.385][DEBUG]: DevTools WebSocket Event: Page.frameStoppedLoading (session_id=6B5F1EB51F18E17137D824F0EDF637C5) F1BCCB5B21A87D794D53A7AF1A5C5093 {
   "frameId": "293DF3F70084A33E6D7C9870848E7AF1"
}
[1785844904.385][DEBUG]: DevTools WebSocket Event: Page.frameSubtreeWillBeDetached (session_id=6B5F1EB51F18E17137D824F0EDF637C5) F1BCCB5B21A87D794D53A7AF1A5C5093 {
   "frameId": "293DF3F70084A33E6D7C9870848E7AF1"
}
[1785844904.386][DEBUG]: DevTools WebSocket Event: Page.frameDetached (session_id=6B5F1EB51F18E17137D824F0EDF637C5) F1BCCB5B21A87D794D53A7AF1A5C5093 {
   "frameId": "293DF3F70084A33E6D7C9870848E7AF1",
   "reason": "remove"
}
[1785844904.386][DEBUG]: DevTools WebSocket Event: Runtime.executionContextDestroyed (session_id=6B5F1EB51F18E17137D824F0EDF637C5) F1BCCB5B21A87D794D53A7AF1A5C5093 {
   "executionContextId": 13,
   "executionContextUniqueId": "4312607231364145595.-3779977663083766723"
}
[1785844904.389][DEBUG]: DevTools WebSocket Event: Page.frameAttached (session_id=6B5F1EB51F18E17137D824F0EDF637C5) F1BCCB5B21A87D794D53A7AF1A5C5093 {
   "frameId": "491E81CD8DF89E11C0311C689A8D4D8B",
   "parentFrameId": "F1BCCB5B21A87D794D53A7AF1A5C5093",
   "stack": {
      "callFrames": [ {
         "columnNumber": 96087,
         "functionName": "sl",
         "lineNumber": 1,
         "scriptId": "15",
         "url": "https://duckduckgo.com/dist/newtab/wpmv.nt.484de130d2f7ce164cf2.js"
      }, {
         "columnNumber": 101525,
         "functionName": "yl",
         "lineNumber": 1,
         "scriptId": "15",
         "url": "https://duckduckgo.com/dist/newtab/wpmv.nt.484de130d2f7ce164cf2.js"
      }, {
         "columnNumber": 98539,
         "functionName": "gl",
         "lineNumber": 1,
         "scriptId": "15",
         "url": "https://duckduckgo.com/dist/newtab/wpmv.nt.484de130d2f7ce164cf2.js"
      }, {
         "columnNumber": 98221,
         "functionName": "ml",
         "lineNumber": 1,
         "scriptId": "15",
         "url": "https://duckduckgo.com/dist/newtab/wpmv.nt.484de130d2f7ce164cf2.js"
      }, {
         "columnNumber": 99649,
         "functionName": "gl",
         "lineNumber": 1,
         "scriptId": "15",
         "url": "https://duckduckgo.com/dist/newtab/wpmv.nt.484de130d2f7ce164cf2.js"
      }, {
         "columnNumber": 98221,
         "functionName": "ml",
         "lineNumber": 1,
         "scriptId": "15",
         "url": "https://duckduckgo.com/dist/newtab/wpmv.nt.484de130d2f7ce164cf2.js"
      }, {
         "columnNumber": 98334,
         "functionName": "gl",
         "lineNumber": 1,
         "scriptId": "15",
         "url": "https://duckduckgo.com/dist/newtab/wpmv.nt.484de130d2f7ce164cf2.js"
      }, {
         "columnNumber": 98221,
         "functionName": "ml",
         "lineNumber": 1,
         "scriptId": "15",
         "url": "https://duckduckgo.com/dist/newtab/wpmv.nt.484de130d2f7ce164cf2.js"
      }, {
         "columnNumber": 98334,
         "functionName": "gl",
         "lineNumber": 1,
         "scriptId": "15",
         "url": "https://duckduckgo.com/dist/newtab/wpmv.nt.484de130d2f7ce164cf2.js"
      }, {
         "columnNumber": 98221,
         "functionName": "ml",
         "lineNumber": 1,
         "scriptId": "15",
         "url": "https://duckduckgo.com/dist/newtab/wpmv.nt.484de130d2f7ce164cf2.js"
      }, {
         "columnNumber": 98531,
         "functionName": "gl",
         "lineNumber": 1,
         "scriptId": "15",
         "url": "https://duckduckgo.com/dist/newtab/wpmv.nt.484de130d2f7ce164cf2.js"
      }, {
         "columnNumber": 98221,
         "functionName": "ml",
         "lineNumber": 1,
         "scriptId": "15",
         "url": "https://duckduckgo.com/dist/newtab/wpmv.nt.484de130d2f7ce164cf2.js"
      }, {
         "columnNumber": 98531,
         "functionName": "gl",
         "lineNumber": 1,
         "scriptId": "15",
         "url": "https://duckduckgo.com/dist/newtab/wpmv.nt.484de130d2f7ce164cf2.js"
      }, {
         "columnNumber": 98221,
         "functionName": "ml",
         "lineNumber": 1,
         "scriptId": "15",
         "url": "https://duckduckgo.com/dist/newtab/wpmv.nt.484de130d2f7ce164cf2.js"
      }, {
         "columnNumber": 98334,
         "functionName": "gl",
         "lineNumber": 1,
         "scriptId": "15",
         "url": "https://duckduckgo.com/dist/newtab/wpmv.nt.484de130d2f7ce164cf2.js"
      }, {
         "columnNumber": 98221,
         "functionName": "ml",
         "lineNumber": 1,
         "scriptId": "15",
         "url": "https://duckduckgo.com/dist/newtab/wpmv.nt.484de130d2f7ce164cf2.js"
      }, {
         "columnNumber": 99649,
         "functionName": "gl",
         "lineNumber": 1,
         "scriptId": "15",
         "url": "https://duckduckgo.com/dist/newtab/wpmv.nt.484de130d2f7ce164cf2.js"
      }, {
         "columnNumber": 98221,
         "functionName": "ml",
         "lineNumber": 1,
         "scriptId": "15",
         "url": "https://duckduckgo.com/dist/newtab/wpmv.nt.484de130d2f7ce164cf2.js"
      }, {
         "columnNumber": 98334,
         "functionName": "gl",
         "lineNumber": 1,
         "scriptId": "15",
         "url": "https://duckduckgo.com/dist/newtab/wpmv.nt.484de130d2f7ce164cf2.js"
      }, "..." ]
   }
}
[1785844904.389][DEBUG]: DevTools WebSocket Event: Page.frameRequestedNavigation (session_id=6B5F1EB51F18E17137D824F0EDF637C5) F1BCCB5B21A87D794D53A7AF1A5C5093 {
   "disposition": "currentTab",
   "frameId": "491E81CD8DF89E11C0311C689A8D4D8B",
   "reason": "initialFrameNavigation",
   "url": "https://duckduckgo.com/ntp-tracker-stats.html"
}
[1785844904.389][DEBUG]: DevTools WebSocket Event: Page.frameStartedNavigating (session_id=6B5F1EB51F18E17137D824F0EDF637C5) F1BCCB5B21A87D794D53A7AF1A5C5093 {
   "frameId": "491E81CD8DF89E11C0311C689A8D4D8B",
   "loaderId": "B6BDD87AA47CCD80F7AD57D40F60077F",
   "navigationType": "differentDocument",
   "url": "https://duckduckgo.com/ntp-tracker-stats.html"
}
[1785844904.389][DEBUG]: DevTools WebSocket Event: Page.frameStartedLoading (session_id=6B5F1EB51F18E17137D824F0EDF637C5) F1BCCB5B21A87D794D53A7AF1A5C5093 {
   "frameId": "491E81CD8DF89E11C0311C689A8D4D8B"
}
[1785844904.389][DEBUG]: DevTools WebSocket Event: Page.frameNavigated (session_id=6B5F1EB51F18E17137D824F0EDF637C5) F1BCCB5B21A87D794D53A7AF1A5C5093 {
   "frame": {
      "adFrameStatus": {
         "adFrameType": "none",
         "explanations": [  ]
      },
      "crossOriginIsolatedContextType": "NotIsolated",
      "domainAndRegistry": "duckduckgo.com",
      "gatedAPIFeatures": [  ],
      "id": "491E81CD8DF89E11C0311C689A8D4D8B",
      "loaderId": "B6BDD87AA47CCD80F7AD57D40F60077F",
      "mimeType": "text/html",
      "name": "",
      "parentId": "F1BCCB5B21A87D794D53A7AF1A5C5093",
      "secureContextType": "Secure",
      "securityOrigin": "https://duckduckgo.com",
      "securityOriginDetails": {
         "isLocalhost": false
      },
      "url": "https://duckduckgo.com/ntp-tracker-stats.html"
   },
   "type": "Navigation"
}
[1785844904.389][DEBUG]: DevTools WebSocket Event: Runtime.executionContextCreated (session_id=6B5F1EB51F18E17137D824F0EDF637C5) F1BCCB5B21A87D794D53A7AF1A5C5093 {
   "context": {
      "auxData": {
         "frameId": "491E81CD8DF89E11C0311C689A8D4D8B",
         "isDefault": true,
         "type": "default"
      },
      "id": 14,
      "name": "",
      "origin": "https://duckduckgo.com",
      "uniqueId": "-6768647121547892969.-1639818425867737474"
   }
}
[1785844904.389][DEBUG]: DevTools WebSocket Event: Page.frameStoppedLoading (session_id=6B5F1EB51F18E17137D824F0EDF637C5) F1BCCB5B21A87D794D53A7AF1A5C5093 {
   "frameId": "491E81CD8DF89E11C0311C689A8D4D8B"
}
[1785844904.389][DEBUG]: DevTools WebSocket Event: Page.frameSubtreeWillBeDetached (session_id=6B5F1EB51F18E17137D824F0EDF637C5) F1BCCB5B21A87D794D53A7AF1A5C5093 {
   "frameId": "491E81CD8DF89E11C0311C689A8D4D8B"
}
[1785844904.389][DEBUG]: DevTools WebSocket Event: Page.frameDetached (session_id=6B5F1EB51F18E17137D824F0EDF637C5) F1BCCB5B21A87D794D53A7AF1A5C5093 {
   "frameId": "491E81CD8DF89E11C0311C689A8D4D8B",
   "reason": "remove"
}
[1785844904.389][DEBUG]: DevTools WebSocket Event: Runtime.executionContextDestroyed (session_id=6B5F1EB51F18E17137D824F0EDF637C5) F1BCCB5B21A87D794D53A7AF1A5C5093 {
   "executionContextId": 14,
   "executionContextUniqueId": "-6768647121547892969.-1639818425867737474"
}
[1785844904.390][DEBUG]: DevTools WebSocket Event: Page.frameAttached (session_id=6B5F1EB51F18E17137D824F0EDF637C5) F1BCCB5B21A87D794D53A7AF1A5C5093 {
   "frameId": "E868660438CB2AF3D2DA1B9AAFD09185",
   "parentFrameId": "F1BCCB5B21A87D794D53A7AF1A5C5093",
   "stack": {
      "callFrames": [ {
         "columnNumber": 96087,
         "functionName": "sl",
         "lineNumber": 1,
         "scriptId": "15",
         "url": "https://duckduckgo.com/dist/newtab/wpmv.nt.484de130d2f7ce164cf2.js"
      }, {
         "columnNumber": 101525,
         "functionName": "yl",
         "lineNumber": 1,
         "scriptId": "15",
         "url": "https://duckduckgo.com/dist/newtab/wpmv.nt.484de130d2f7ce164cf2.js"
      }, {
         "columnNumber": 98539,
         "functionName": "gl",
         "lineNumber": 1,
         "scriptId": "15",
         "url": "https://duckduckgo.com/dist/newtab/wpmv.nt.484de130d2f7ce164cf2.js"
      }, {
         "columnNumber": 98221,
         "functionName": "ml",
         "lineNumber": 1,
         "scriptId": "15",
         "url": "https://duckduckgo.com/dist/newtab/wpmv.nt.484de130d2f7ce164cf2.js"
      }, {
         "columnNumber": 99649,
         "functionName": "gl",
         "lineNumber": 1,
         "scriptId": "15",
         "url": "https://duckduckgo.com/dist/newtab/wpmv.nt.484de130d2f7ce164cf2.js"
      }, {
         "columnNumber": 98221,
         "functionName": "ml",
         "lineNumber": 1,
         "scriptId": "15",
         "url": "https://duckduckgo.com/dist/newtab/wpmv.nt.484de130d2f7ce164cf2.js"
      }, {
         "columnNumber": 98334,
         "functionName": "gl",
         "lineNumber": 1,
         "scriptId": "15",
         "url": "https://duckduckgo.com/dist/newtab/wpmv.nt.484de130d2f7ce164cf2.js"
      }, {
         "columnNumber": 98221,
         "functionName": "ml",
         "lineNumber": 1,
         "scriptId": "15",
         "url": "https://duckduckgo.com/dist/newtab/wpmv.nt.484de130d2f7ce164cf2.js"
      }, {
         "columnNumber": 98334,
         "functionName": "gl",
         "lineNumber": 1,
         "scriptId": "15",
         "url": "https://duckduckgo.com/dist/newtab/wpmv.nt.484de130d2f7ce164cf2.js"
      }, {
         "columnNumber": 98221,
         "functionName": "ml",
         "lineNumber": 1,
         "scriptId": "15",
         "url": "https://duckduckgo.com/dist/newtab/wpmv.nt.484de130d2f7ce164cf2.js"
      }, {
         "columnNumber": 98531,
         "functionName": "gl",
         "lineNumber": 1,
         "scriptId": "15",
         "url": "https://duckduckgo.com/dist/newtab/wpmv.nt.484de130d2f7ce164cf2.js"
      }, {
         "columnNumber": 98221,
         "functionName": "ml",
         "lineNumber": 1,
         "scriptId": "15",
         "url": "https://duckduckgo.com/dist/newtab/wpmv.nt.484de130d2f7ce164cf2.js"
      }, {
         "columnNumber": 98531,
         "functionName": "gl",
         "lineNumber": 1,
         "scriptId": "15",
         "url": "https://duckduckgo.com/dist/newtab/wpmv.nt.484de130d2f7ce164cf2.js"
      }, {
         "columnNumber": 98221,
         "functionName": "ml",
         "lineNumber": 1,
         "scriptId": "15",
         "url": "https://duckduckgo.com/dist/newtab/wpmv.nt.484de130d2f7ce164cf2.js"
      }, {
         "columnNumber": 98334,
         "functionName": "gl",
         "lineNumber": 1,
         "scriptId": "15",
         "url": "https://duckduckgo.com/dist/newtab/wpmv.nt.484de130d2f7ce164cf2.js"
      }, {
         "columnNumber": 98221,
         "functionName": "ml",
         "lineNumber": 1,
         "scriptId": "15",
         "url": "https://duckduckgo.com/dist/newtab/wpmv.nt.484de130d2f7ce164cf2.js"
      }, {
         "columnNumber": 99649,
         "functionName": "gl",
         "lineNumber": 1,
         "scriptId": "15",
         "url": "https://duckduckgo.com/dist/newtab/wpmv.nt.484de130d2f7ce164cf2.js"
      }, {
         "columnNumber": 98221,
         "functionName": "ml",
         "lineNumber": 1,
         "scriptId": "15",
         "url": "https://duckduckgo.com/dist/newtab/wpmv.nt.484de130d2f7ce164cf2.js"
      }, {
         "columnNumber": 98334,
         "functionName": "gl",
         "lineNumber": 1,
         "scriptId": "15",
         "url": "https://duckduckgo.com/dist/newtab/wpmv.nt.484de130d2f7ce164cf2.js"
      }, "..." ]
   }
}
[1785844904.390][DEBUG]: DevTools WebSocket Event: Page.frameRequestedNavigation (session_id=6B5F1EB51F18E17137D824F0EDF637C5) F1BCCB5B21A87D794D53A7AF1A5C5093 {
   "disposition": "currentTab",
   "frameId": "E868660438CB2AF3D2DA1B9AAFD09185",
   "reason": "initialFrameNavigation",
   "url": "https://duckduckgo.com/ntp-tracker-stats.html"
}
[1785844904.390][DEBUG]: DevTools WebSocket Event: Page.frameStartedNavigating (session_id=6B5F1EB51F18E17137D824F0EDF637C5) F1BCCB5B21A87D794D53A7AF1A5C5093 {
   "frameId": "E868660438CB2AF3D2DA1B9AAFD09185",
   "loaderId": "24811BDD45BC288C57C552B2AA101BD9",
   "navigationType": "differentDocument",
   "url": "https://duckduckgo.com/ntp-tracker-stats.html"
}
[1785844904.390][DEBUG]: DevTools WebSocket Event: Page.frameStartedLoading (session_id=6B5F1EB51F18E17137D824F0EDF637C5) F1BCCB5B21A87D794D53A7AF1A5C5093 {
   "frameId": "E868660438CB2AF3D2DA1B9AAFD09185"
}
[1785844904.391][DEBUG]: DevTools WebSocket Event: Page.frameNavigated (session_id=6B5F1EB51F18E17137D824F0EDF637C5) F1BCCB5B21A87D794D53A7AF1A5C5093 {
   "frame": {
      "adFrameStatus": {
         "adFrameType": "none",
         "explanations": [  ]
      },
      "crossOriginIsolatedContextType": "NotIsolated",
      "domainAndRegistry": "duckduckgo.com",
      "gatedAPIFeatures": [  ],
      "id": "E868660438CB2AF3D2DA1B9AAFD09185",
      "loaderId": "24811BDD45BC288C57C552B2AA101BD9",
      "mimeType": "text/html",
      "name": "",
      "parentId": "F1BCCB5B21A87D794D53A7AF1A5C5093",
      "secureContextType": "Secure",
      "securityOrigin": "https://duckduckgo.com",
      "securityOriginDetails": {
         "isLocalhost": false
      },
      "url": "https://duckduckgo.com/ntp-tracker-stats.html"
   },
   "type": "Navigation"
}
[1785844904.393][DEBUG]: DevTools WebSocket Event: Runtime.executionContextCreated (session_id=6B5F1EB51F18E17137D824F0EDF637C5) F1BCCB5B21A87D794D53A7AF1A5C5093 {
   "context": {
      "auxData": {
         "frameId": "E868660438CB2AF3D2DA1B9AAFD09185",
         "isDefault": true,
         "type": "default"
      },
      "id": 15,
      "name": "",
      "origin": "https://duckduckgo.com",
      "uniqueId": "-4259749503360389196.-8606097737197944049"
   }
}
[1785844904.393][DEBUG]: DevTools WebSocket Event: Page.frameStoppedLoading (session_id=6B5F1EB51F18E17137D824F0EDF637C5) F1BCCB5B21A87D794D53A7AF1A5C5093 {
   "frameId": "E868660438CB2AF3D2DA1B9AAFD09185"
}
[1785844904.393][DEBUG]: DevTools WebSocket Event: Page.frameSubtreeWillBeDetached (session_id=6B5F1EB51F18E17137D824F0EDF637C5) F1BCCB5B21A87D794D53A7AF1A5C5093 {
   "frameId": "E868660438CB2AF3D2DA1B9AAFD09185"
}
[1785844904.393][DEBUG]: DevTools WebSocket Event: Page.frameDetached (session_id=6B5F1EB51F18E17137D824F0EDF637C5) F1BCCB5B21A87D794D53A7AF1A5C5093 {
   "frameId": "E868660438CB2AF3D2DA1B9AAFD09185",
   "reason": "remove"
}
[1785844904.393][DEBUG]: DevTools WebSocket Event: Runtime.executionContextDestroyed (session_id=6B5F1EB51F18E17137D824F0EDF637C5) F1BCCB5B21A87D794D53A7AF1A5C5093 {
   "executionContextId": 15,
   "executionContextUniqueId": "-4259749503360389196.-8606097737197944049"
}
[1785844904.393][DEBUG]: DevTools WebSocket Event: Page.frameAttached (session_id=6B5F1EB51F18E17137D824F0EDF637C5) F1BCCB5B21A87D794D53A7AF1A5C5093 {
   "frameId": "ACBD2C4F9A49C98AAD72709244ED9D71",
   "parentFrameId": "F1BCCB5B21A87D794D53A7AF1A5C5093",
   "stack": {
      "callFrames": [ {
         "columnNumber": 96087,
         "functionName": "sl",
         "lineNumber": 1,
         "scriptId": "15",
         "url": "https://duckduckgo.com/dist/newtab/wpmv.nt.484de130d2f7ce164cf2.js"
      }, {
         "columnNumber": 101525,
         "functionName": "yl",
         "lineNumber": 1,
         "scriptId": "15",
         "url": "https://duckduckgo.com/dist/newtab/wpmv.nt.484de130d2f7ce164cf2.js"
      }, {
         "columnNumber": 98539,
         "functionName": "gl",
         "lineNumber": 1,
         "scriptId": "15",
         "url": "https://duckduckgo.com/dist/newtab/wpmv.nt.484de130d2f7ce164cf2.js"
      }, {
         "columnNumber": 98221,
         "functionName": "ml",
         "lineNumber": 1,
         "scriptId": "15",
         "url": "https://duckduckgo.com/dist/newtab/wpmv.nt.484de130d2f7ce164cf2.js"
      }, {
         "columnNumber": 99649,
         "functionName": "gl",
         "lineNumber": 1,
         "scriptId": "15",
         "url": "https://duckduckgo.com/dist/newtab/wpmv.nt.484de130d2f7ce164cf2.js"
      }, {
         "columnNumber": 98221,
         "functionName": "ml",
         "lineNumber": 1,
         "scriptId": "15",
         "url": "https://duckduckgo.com/dist/newtab/wpmv.nt.484de130d2f7ce164cf2.js"
      }, {
         "columnNumber": 98334,
         "functionName": "gl",
         "lineNumber": 1,
         "scriptId": "15",
         "url": "https://duckduckgo.com/dist/newtab/wpmv.nt.484de130d2f7ce164cf2.js"
      }, {
         "columnNumber": 98221,
         "functionName": "ml",
         "lineNumber": 1,
         "scriptId": "15",
         "url": "https://duckduckgo.com/dist/newtab/wpmv.nt.484de130d2f7ce164cf2.js"
      }, {
         "columnNumber": 98334,
         "functionName": "gl",
         "lineNumber": 1,
         "scriptId": "15",
         "url": "https://duckduckgo.com/dist/newtab/wpmv.nt.484de130d2f7ce164cf2.js"
      }, {
         "columnNumber": 98221,
         "functionName": "ml",
         "lineNumber": 1,
         "scriptId": "15",
         "url": "https://duckduckgo.com/dist/newtab/wpmv.nt.484de130d2f7ce164cf2.js"
      }, {
         "columnNumber": 98531,
         "functionName": "gl",
         "lineNumber": 1,
         "scriptId": "15",
         "url": "https://duckduckgo.com/dist/newtab/wpmv.nt.484de130d2f7ce164cf2.js"
      }, {
         "columnNumber": 98221,
         "functionName": "ml",
         "lineNumber": 1,
         "scriptId": "15",
         "url": "https://duckduckgo.com/dist/newtab/wpmv.nt.484de130d2f7ce164cf2.js"
      }, {
         "columnNumber": 98531,
         "functionName": "gl",
         "lineNumber": 1,
         "scriptId": "15",
         "url": "https://duckduckgo.com/dist/newtab/wpmv.nt.484de130d2f7ce164cf2.js"
      }, {
         "columnNumber": 98221,
         "functionName": "ml",
         "lineNumber": 1,
         "scriptId": "15",
         "url": "https://duckduckgo.com/dist/newtab/wpmv.nt.484de130d2f7ce164cf2.js"
      }, {
         "columnNumber": 98334,
         "functionName": "gl",
         "lineNumber": 1,
         "scriptId": "15",
         "url": "https://duckduckgo.com/dist/newtab/wpmv.nt.484de130d2f7ce164cf2.js"
      }, {
         "columnNumber": 98221,
         "functionName": "ml",
         "lineNumber": 1,
         "scriptId": "15",
         "url": "https://duckduckgo.com/dist/newtab/wpmv.nt.484de130d2f7ce164cf2.js"
      }, {
         "columnNumber": 99649,
         "functionName": "gl",
         "lineNumber": 1,
         "scriptId": "15",
         "url": "https://duckduckgo.com/dist/newtab/wpmv.nt.484de130d2f7ce164cf2.js"
      }, {
         "columnNumber": 98221,
         "functionName": "ml",
         "lineNumber": 1,
         "scriptId": "15",
         "url": "https://duckduckgo.com/dist/newtab/wpmv.nt.484de130d2f7ce164cf2.js"
      }, {
         "columnNumber": 98334,
         "functionName": "gl",
         "lineNumber": 1,
         "scriptId": "15",
         "url": "https://duckduckgo.com/dist/newtab/wpmv.nt.484de130d2f7ce164cf2.js"
      }, "..." ]
   }
}
[1785844904.393][DEBUG]: DevTools WebSocket Event: Page.frameRequestedNavigation (session_id=6B5F1EB51F18E17137D824F0EDF637C5) F1BCCB5B21A87D794D53A7AF1A5C5093 {
   "disposition": "currentTab",
   "frameId": "ACBD2C4F9A49C98AAD72709244ED9D71",
   "reason": "initialFrameNavigation",
   "url": "https://duckduckgo.com/ntp-tracker-stats.html"
}
[1785844904.394][DEBUG]: DevTools WebSocket Event: Page.frameStartedNavigating (session_id=6B5F1EB51F18E17137D824F0EDF637C5) F1BCCB5B21A87D794D53A7AF1A5C5093 {
   "frameId": "ACBD2C4F9A49C98AAD72709244ED9D71",
   "loaderId": "5E287415CE315A97524F8674818C7FAA",
   "navigationType": "differentDocument",
   "url": "https://duckduckgo.com/ntp-tracker-stats.html"
}
[1785844904.394][DEBUG]: DevTools WebSocket Event: Page.frameStartedLoading (session_id=6B5F1EB51F18E17137D824F0EDF637C5) F1BCCB5B21A87D794D53A7AF1A5C5093 {
   "frameId": "ACBD2C4F9A49C98AAD72709244ED9D71"
}
[1785844904.394][DEBUG]: DevTools WebSocket Event: Page.frameNavigated (session_id=6B5F1EB51F18E17137D824F0EDF637C5) F1BCCB5B21A87D794D53A7AF1A5C5093 {
   "frame": {
      "adFrameStatus": {
         "adFrameType": "none",
         "explanations": [  ]
      },
      "crossOriginIsolatedContextType": "NotIsolated",
      "domainAndRegistry": "duckduckgo.com",
      "gatedAPIFeatures": [  ],
      "id": "ACBD2C4F9A49C98AAD72709244ED9D71",
      "loaderId": "5E287415CE315A97524F8674818C7FAA",
      "mimeType": "text/html",
      "name": "",
      "parentId": "F1BCCB5B21A87D794D53A7AF1A5C5093",
      "secureContextType": "Secure",
      "securityOrigin": "https://duckduckgo.com",
      "securityOriginDetails": {
         "isLocalhost": false
      },
      "url": "https://duckduckgo.com/ntp-tracker-stats.html"
   },
   "type": "Navigation"
}
[1785844904.394][DEBUG]: DevTools WebSocket Event: Runtime.executionContextCreated (session_id=6B5F1EB51F18E17137D824F0EDF637C5) F1BCCB5B21A87D794D53A7AF1A5C5093 {
   "context": {
      "auxData": {
         "frameId": "ACBD2C4F9A49C98AAD72709244ED9D71",
         "isDefault": true,
         "type": "default"
      },
      "id": 16,
      "name": "",
      "origin": "https://duckduckgo.com",
      "uniqueId": "-6505123133642161447.-3768864150109093315"
   }
}
[1785844904.394][DEBUG]: DevTools WebSocket Event: Page.frameStoppedLoading (session_id=6B5F1EB51F18E17137D824F0EDF637C5) F1BCCB5B21A87D794D53A7AF1A5C5093 {
   "frameId": "ACBD2C4F9A49C98AAD72709244ED9D71"
}
[1785844904.394][DEBUG]: DevTools WebSocket Event: Page.frameSubtreeWillBeDetached (session_id=6B5F1EB51F18E17137D824F0EDF637C5) F1BCCB5B21A87D794D53A7AF1A5C5093 {
   "frameId": "ACBD2C4F9A49C98AAD72709244ED9D71"
}
[1785844904.394][DEBUG]: DevTools WebSocket Event: Page.frameDetached (session_id=6B5F1EB51F18E17137D824F0EDF637C5) F1BCCB5B21A87D794D53A7AF1A5C5093 {
   "frameId": "ACBD2C4F9A49C98AAD72709244ED9D71",
   "reason": "remove"
}
[1785844904.394][DEBUG]: DevTools WebSocket Event: Runtime.executionContextDestroyed (session_id=6B5F1EB51F18E17137D824F0EDF637C5) F1BCCB5B21A87D794D53A7AF1A5C5093 {
   "executionContextId": 16,
   "executionContextUniqueId": "-6505123133642161447.-3768864150109093315"
}
[1785844904.394][DEBUG]: DevTools WebSocket Event: Page.frameAttached (session_id=6B5F1EB51F18E17137D824F0EDF637C5) F1BCCB5B21A87D794D53A7AF1A5C5093 {
   "frameId": "FEF66716376C925A51103B0F843936C3",
   "parentFrameId": "F1BCCB5B21A87D794D53A7AF1A5C5093",
   "stack": {
      "callFrames": [ {
         "columnNumber": 96087,
         "functionName": "sl",
         "lineNumber": 1,
         "scriptId": "15",
         "url": "https://duckduckgo.com/dist/newtab/wpmv.nt.484de130d2f7ce164cf2.js"
      }, {
         "columnNumber": 101525,
         "functionName": "yl",
         "lineNumber": 1,
         "scriptId": "15",
         "url": "https://duckduckgo.com/dist/newtab/wpmv.nt.484de130d2f7ce164cf2.js"
      }, {
         "columnNumber": 98539,
         "functionName": "gl",
         "lineNumber": 1,
         "scriptId": "15",
         "url": "https://duckduckgo.com/dist/newtab/wpmv.nt.484de130d2f7ce164cf2.js"
      }, {
         "columnNumber": 98221,
         "functionName": "ml",
         "lineNumber": 1,
         "scriptId": "15",
         "url": "https://duckduckgo.com/dist/newtab/wpmv.nt.484de130d2f7ce164cf2.js"
      }, {
         "columnNumber": 99649,
         "functionName": "gl",
         "lineNumber": 1,
         "scriptId": "15",
         "url": "https://duckduckgo.com/dist/newtab/wpmv.nt.484de130d2f7ce164cf2.js"
      }, {
         "columnNumber": 98221,
         "functionName": "ml",
         "lineNumber": 1,
         "scriptId": "15",
         "url": "https://duckduckgo.com/dist/newtab/wpmv.nt.484de130d2f7ce164cf2.js"
      }, {
         "columnNumber": 98334,
         "functionName": "gl",
         "lineNumber": 1,
         "scriptId": "15",
         "url": "https://duckduckgo.com/dist/newtab/wpmv.nt.484de130d2f7ce164cf2.js"
      }, {
         "columnNumber": 98221,
         "functionName": "ml",
         "lineNumber": 1,
         "scriptId": "15",
         "url": "https://duckduckgo.com/dist/newtab/wpmv.nt.484de130d2f7ce164cf2.js"
      }, {
         "columnNumber": 98334,
         "functionName": "gl",
         "lineNumber": 1,
         "scriptId": "15",
         "url": "https://duckduckgo.com/dist/newtab/wpmv.nt.484de130d2f7ce164cf2.js"
      }, {
         "columnNumber": 98221,
         "functionName": "ml",
         "lineNumber": 1,
         "scriptId": "15",
         "url": "https://duckduckgo.com/dist/newtab/wpmv.nt.484de130d2f7ce164cf2.js"
      }, {
         "columnNumber": 98531,
         "functionName": "gl",
         "lineNumber": 1,
         "scriptId": "15",
         "url": "https://duckduckgo.com/dist/newtab/wpmv.nt.484de130d2f7ce164cf2.js"
      }, {
         "columnNumber": 98221,
         "functionName": "ml",
         "lineNumber": 1,
         "scriptId": "15",
         "url": "https://duckduckgo.com/dist/newtab/wpmv.nt.484de130d2f7ce164cf2.js"
      }, {
         "columnNumber": 98531,
         "functionName": "gl",
         "lineNumber": 1,
         "scriptId": "15",
         "url": "https://duckduckgo.com/dist/newtab/wpmv.nt.484de130d2f7ce164cf2.js"
      }, {
         "columnNumber": 98221,
         "functionName": "ml",
         "lineNumber": 1,
         "scriptId": "15",
         "url": "https://duckduckgo.com/dist/newtab/wpmv.nt.484de130d2f7ce164cf2.js"
      }, {
         "columnNumber": 98334,
         "functionName": "gl",
         "lineNumber": 1,
         "scriptId": "15",
         "url": "https://duckduckgo.com/dist/newtab/wpmv.nt.484de130d2f7ce164cf2.js"
      }, {
         "columnNumber": 98221,
         "functionName": "ml",
         "lineNumber": 1,
         "scriptId": "15",
         "url": "https://duckduckgo.com/dist/newtab/wpmv.nt.484de130d2f7ce164cf2.js"
      }, {
         "columnNumber": 99649,
         "functionName": "gl",
         "lineNumber": 1,
         "scriptId": "15",
         "url": "https://duckduckgo.com/dist/newtab/wpmv.nt.484de130d2f7ce164cf2.js"
      }, {
         "columnNumber": 98221,
         "functionName": "ml",
         "lineNumber": 1,
         "scriptId": "15",
         "url": "https://duckduckgo.com/dist/newtab/wpmv.nt.484de130d2f7ce164cf2.js"
      }, {
         "columnNumber": 98334,
         "functionName": "gl",
         "lineNumber": 1,
         "scriptId": "15",
         "url": "https://duckduckgo.com/dist/newtab/wpmv.nt.484de130d2f7ce164cf2.js"
      }, "..." ]
   }
}
[1785844904.394][DEBUG]: DevTools WebSocket Event: Page.frameRequestedNavigation (session_id=6B5F1EB51F18E17137D824F0EDF637C5) F1BCCB5B21A87D794D53A7AF1A5C5093 {
   "disposition": "currentTab",
   "frameId": "FEF66716376C925A51103B0F843936C3",
   "reason": "initialFrameNavigation",
   "url": "https://duckduckgo.com/ntp-tracker-stats.html"
}
[1785844904.394][DEBUG]: DevTools WebSocket Event: Page.frameStartedNavigating (session_id=6B5F1EB51F18E17137D824F0EDF637C5) F1BCCB5B21A87D794D53A7AF1A5C5093 {
   "frameId": "FEF66716376C925A51103B0F843936C3",
   "loaderId": "C59989592C7A9F882E5FA44FB30012BC",
   "navigationType": "differentDocument",
   "url": "https://duckduckgo.com/ntp-tracker-stats.html"
}
[1785844904.394][DEBUG]: DevTools WebSocket Event: Page.frameStartedLoading (session_id=6B5F1EB51F18E17137D824F0EDF637C5) F1BCCB5B21A87D794D53A7AF1A5C5093 {
   "frameId": "FEF66716376C925A51103B0F843936C3"
}
[1785844904.394][DEBUG]: DevTools WebSocket Event: Page.frameNavigated (session_id=6B5F1EB51F18E17137D824F0EDF637C5) F1BCCB5B21A87D794D53A7AF1A5C5093 {
   "frame": {
      "adFrameStatus": {
         "adFrameType": "none",
         "explanations": [  ]
      },
      "crossOriginIsolatedContextType": "NotIsolated",
      "domainAndRegistry": "duckduckgo.com",
      "gatedAPIFeatures": [  ],
      "id": "FEF66716376C925A51103B0F843936C3",
      "loaderId": "C59989592C7A9F882E5FA44FB30012BC",
      "mimeType": "text/html",
      "name": "",
      "parentId": "F1BCCB5B21A87D794D53A7AF1A5C5093",
      "secureContextType": "Secure",
      "securityOrigin": "https://duckduckgo.com",
      "securityOriginDetails": {
         "isLocalhost": false
      },
      "url": "https://duckduckgo.com/ntp-tracker-stats.html"
   },
   "type": "Navigation"
}
[1785844904.394][DEBUG]: DevTools WebSocket Event: Runtime.executionContextCreated (session_id=6B5F1EB51F18E17137D824F0EDF637C5) F1BCCB5B21A87D794D53A7AF1A5C5093 {
   "context": {
      "auxData": {
         "frameId": "FEF66716376C925A51103B0F843936C3",
         "isDefault": true,
         "type": "default"
      },
      "id": 17,
      "name": "",
      "origin": "https://duckduckgo.com",
      "uniqueId": "6828762269057867222.-3959839144394735118"
   }
}
[1785844904.395][DEBUG]: DevTools WebSocket Event: Page.frameStoppedLoading (session_id=6B5F1EB51F18E17137D824F0EDF637C5) F1BCCB5B21A87D794D53A7AF1A5C5093 {
   "frameId": "FEF66716376C925A51103B0F843936C3"
}
[1785844904.395][DEBUG]: DevTools WebSocket Event: Page.frameSubtreeWillBeDetached (session_id=6B5F1EB51F18E17137D824F0EDF637C5) F1BCCB5B21A87D794D53A7AF1A5C5093 {
   "frameId": "FEF66716376C925A51103B0F843936C3"
}
[1785844904.395][DEBUG]: DevTools WebSocket Event: Page.frameDetached (session_id=6B5F1EB51F18E17137D824F0EDF637C5) F1BCCB5B21A87D794D53A7AF1A5C5093 {
   "frameId": "FEF66716376C925A51103B0F843936C3",
   "reason": "remove"
}
[1785844904.395][DEBUG]: DevTools WebSocket Event: Runtime.executionContextDestroyed (session_id=6B5F1EB51F18E17137D824F0EDF637C5) F1BCCB5B21A87D794D53A7AF1A5C5093 {
   "executionContextId": 17,
   "executionContextUniqueId": "6828762269057867222.-3959839144394735118"
}
[1785844904.835][DEBUG]: DevTools WebSocket Response: Runtime.evaluate (id=11) (session_id=6B5F1EB51F18E17137D824F0EDF637C5) F1BCCB5B21A87D794D53A7AF1A5C5093 {
   "result": {
      "type": "string",
      "value": "complete"
   }
}
[1785844904.835][INFO]: Waiting for pending navigations...
[1785844904.835][DEBUG]: DevTools WebSocket Command: Runtime.evaluate (id=12) (session_id=6B5F1EB51F18E17137D824F0EDF637C5) F1BCCB5B21A87D794D53A7AF1A5C5093 {
   "expression": "1"
}
[1785844904.884][DEBUG]: DevTools WebSocket Response: Runtime.evaluate (id=12) (session_id=6B5F1EB51F18E17137D824F0EDF637C5) F1BCCB5B21A87D794D53A7AF1A5C5093 {
   "result": {
      "description": "1",
      "type": "number",
      "value": 1
   }
}
[1785844904.884][INFO]: Done waiting for pending navigations. Status: ok
[1785844904.884][DEBUG]: DevTools WebSocket Command: Page.navigate (id=13) (session_id=6B5F1EB51F18E17137D824F0EDF637C5) F1BCCB5B21A87D794D53A7AF1A5C5093 {
   "url": "https://www.reddit.com/r/IsThisAScamIndia/comments/1v0vr5k/title_paid_1500_via_upi_seller_deleted_reddit/"
}
[1785844905.499][DEBUG]: DevTools WebSocket Event: Page.frameStartedNavigating (session_id=6B5F1EB51F18E17137D824F0EDF637C5) F1BCCB5B21A87D794D53A7AF1A5C5093 {
   "frameId": "F1BCCB5B21A87D794D53A7AF1A5C5093",
   "loaderId": "23F3782177235C4D688EC582BF248C1A",
   "navigationType": "differentDocument",
   "url": "https://www.reddit.com/r/IsThisAScamIndia/comments/1v0vr5k/title_paid_1500_via_upi_seller_deleted_reddit/"
}
[1785844905.808][DEBUG]: DevTools WebSocket Event: Page.frameStartedLoading (session_id=6B5F1EB51F18E17137D824F0EDF637C5) F1BCCB5B21A87D794D53A7AF1A5C5093 {
   "frameId": "F1BCCB5B21A87D794D53A7AF1A5C5093"
}
[1785844905.855][DEBUG]: DevTools WebSocket Event: Target.attachedToTarget (session_id=6B5F1EB51F18E17137D824F0EDF637C5) F1BCCB5B21A87D794D53A7AF1A5C5093 {
   "sessionId": "1DD940F288254F786E2FDC474A295150",
   "targetInfo": {
      "attached": true,
      "browserContextId": "848280274A9631CFC501307315014F8D",
      "canAccessOpener": false,
      "targetId": "D9CB5719DDBDF4E1DEEA3C2E6DF0A603",
      "title": "Service Worker https://www.reddit.com/sw.js",
      "type": "service_worker",
      "url": "https://www.reddit.com/sw.js"
   },
   "waitingForDebugger": false
}
[25479:25479:0804/173145.940195:INFO:CONSOLE:0] "Fetch event handler is recognized as no-op. No-op fetch handler may bring overhead during navigation. Consider removing the handler if possible.", source:  (0)
[1785844906.617][DEBUG]: DevTools WebSocket Response: Page.navigate (id=13) (session_id=6B5F1EB51F18E17137D824F0EDF637C5) F1BCCB5B21A87D794D53A7AF1A5C5093 {
   "frameId": "F1BCCB5B21A87D794D53A7AF1A5C5093",
   "isDownload": false,
   "loaderId": "23F3782177235C4D688EC582BF248C1A"
}
[1785844906.619][INFO]: Waiting for pending navigations...
[1785844906.619][DEBUG]: DevTools WebSocket Command: Runtime.evaluate (id=14) (session_id=6B5F1EB51F18E17137D824F0EDF637C5) F1BCCB5B21A87D794D53A7AF1A5C5093 {
   "expression": "1"
}
[1785844906.640][DEBUG]: DevTools WebSocket Event: Target.detachedFromTarget (session_id=6B5F1EB51F18E17137D824F0EDF637C5) F1BCCB5B21A87D794D53A7AF1A5C5093 {
   "sessionId": "1DD940F288254F786E2FDC474A295150",
   "targetId": "D9CB5719DDBDF4E1DEEA3C2E6DF0A603"
}
[1785844906.668][DEBUG]: DevTools WebSocket Event: Runtime.executionContextsCleared (session_id=6B5F1EB51F18E17137D824F0EDF637C5) F1BCCB5B21A87D794D53A7AF1A5C5093 {
}
[1785844906.682][DEBUG]: DevTools WebSocket Event: Runtime.executionContextsCleared (session_id=6B5F1EB51F18E17137D824F0EDF637C5) F1BCCB5B21A87D794D53A7AF1A5C5093 {
}
[1785844906.682][DEBUG]: DevTools WebSocket Event: Page.frameNavigated (session_id=6B5F1EB51F18E17137D824F0EDF637C5) F1BCCB5B21A87D794D53A7AF1A5C5093 {
   "frame": {
      "adFrameStatus": {
         "adFrameType": "none"
      },
      "crossOriginIsolatedContextType": "NotIsolated",
      "domainAndRegistry": "reddit.com",
      "gatedAPIFeatures": [  ],
      "id": "F1BCCB5B21A87D794D53A7AF1A5C5093",
      "loaderId": "23F3782177235C4D688EC582BF248C1A",
      "mimeType": "text/html",
      "secureContextType": "Secure",
      "securityOrigin": "https://www.reddit.com",
      "securityOriginDetails": {
         "isLocalhost": false
      },
      "url": "https://www.reddit.com/r/IsThisAScamIndia/comments/1v0vr5k/title_paid_1500_via_upi_seller_deleted_reddit/"
   },
   "type": "Navigation"
}
[1785844906.799][DEBUG]: DevTools WebSocket Event: Target.attachedToTarget (session_id=6B5F1EB51F18E17137D824F0EDF637C5) F1BCCB5B21A87D794D53A7AF1A5C5093 {
   "sessionId": "E0209C1931D6DD92BC2BEC17626F3235",
   "targetInfo": {
      "attached": true,
      "browserContextId": "848280274A9631CFC501307315014F8D",
      "canAccessOpener": false,
      "targetId": "D9CB5719DDBDF4E1DEEA3C2E6DF0A603",
      "title": "Service Worker https://www.reddit.com/sw.js",
      "type": "service_worker",
      "url": "https://www.reddit.com/sw.js"
   },
   "waitingForDebugger": false
}
[1785844906.807][DEBUG]: DevTools WebSocket Event: Runtime.executionContextCreated (session_id=6B5F1EB51F18E17137D824F0EDF637C5) F1BCCB5B21A87D794D53A7AF1A5C5093 {
   "context": {
      "auxData": {
         "frameId": "F1BCCB5B21A87D794D53A7AF1A5C5093",
         "isDefault": true,
         "type": "default"
      },
      "id": 1,
      "name": "",
      "origin": "https://www.reddit.com",
      "uniqueId": "-6680027772082082329.-8331024923993458683"
   }
}
[1785844906.813][DEBUG]: DevTools WebSocket Response: Runtime.evaluate (id=14) (session_id=6B5F1EB51F18E17137D824F0EDF637C5) F1BCCB5B21A87D794D53A7AF1A5C5093 {
   "result": {
      "description": "1",
      "type": "number",
      "value": 1
   }
}
[1785844907.324][DEBUG]: DevTools WebSocket Command: Runtime.evaluate (id=15) (session_id=6B5F1EB51F18E17137D824F0EDF637C5) F1BCCB5B21A87D794D53A7AF1A5C5093 {
   "expression": "1"
}
[1785844907.805][DEBUG]: DevTools WebSocket Response: Runtime.evaluate (id=15) (session_id=6B5F1EB51F18E17137D824F0EDF637C5) F1BCCB5B21A87D794D53A7AF1A5C5093 {
   "result": {
      "description": "1",
      "type": "number",
      "value": 1
   }
}
[1785844907.878][DEBUG]: DevTools WebSocket Event: Page.domContentEventFired (session_id=6B5F1EB51F18E17137D824F0EDF637C5) F1BCCB5B21A87D794D53A7AF1A5C5093 {
   "timestamp": 70224.055232
}
[1785844907.878][DEBUG]: DevTools WebSocket Command: Runtime.evaluate (id=16) (session_id=6B5F1EB51F18E17137D824F0EDF637C5) F1BCCB5B21A87D794D53A7AF1A5C5093 {
   "expression": "1"
}
[1785844908.462][DEBUG]: DevTools WebSocket Response: Runtime.evaluate (id=16) (session_id=6B5F1EB51F18E17137D824F0EDF637C5) F1BCCB5B21A87D794D53A7AF1A5C5093 {
   "result": {
      "description": "1",
      "type": "number",
      "value": 1
   }
}
[1785844908.971][DEBUG]: DevTools WebSocket Command: Runtime.evaluate (id=17) (session_id=6B5F1EB51F18E17137D824F0EDF637C5) F1BCCB5B21A87D794D53A7AF1A5C5093 {
   "expression": "1"
}
[25479:25479:0804/173149.251835:INFO:CONSOLE:370] "Navigation listeners online", source: https://www.redditstatic.com/js/concat?prefix=en-US/&chunks=-KmOOjyGw1,-_Z8y8lWRC,08y7PdU6zW,0O3S-Z8Ewd,16qbgFRuXU,1Le3QCrRcK,1NFNvCeJcA,2tgrsJhyYn,3RFrewsn-j,3SdddH1ehJ,42dusQFANQ,5MxjpAJ143,5gnsbNk4nB,5zUazaw7qg,6I6fxdyezN,6sJYESTzpL,87Jz88SbJL,90utJVOlBm,9KPYN0r90F,9PuujxW4b4,Ayj_o28QWA,B-WwcjICQk,B1WKhvkv5-,B2EwaqQcZ5,B2lVqhep_V,B3GVX4Rdkp,B4PNVipSVm,B5p3cOzi-t,B65d8mZ9dk,B6tlmRaQ6b,B8HTKoonTq,B9DKPyTEZw,BDNW6G7_U3,BEOPiENBrb,BEyivIxm9a,BGIHMp-QOJ,BGvgIKlc50,BH7gXgvV9A,BISeIKHqXw,BKlBC92SXh,BKtcazCatC,BOHVS3XvfD,BPzVLzsN1o,BRBEKyCK4z,BRiYGcWOr-,BRzKFJiEal,BSMAJ9fDdn,BTwVJOVWDt,BUMMeq8Zui,BUhybUtttN,BWRPB7v4cF,BWvq4UpJaN,BXXgKkaOPX,BY64KtJvTR,BYjM68Gr8i,B_MDaTXkUW,B_mzHcc0PD,BbW-hW7X_5,BcXjPCEWRo,BcnwXkLUXU,Be3s6QBziA,BgTVQg6EDg,BhmGVpndTD,BidnaRyR03,BjEXIMGP05,BkB-rlSWxX,BlVOGlgJR4,Bm_MFXrQev,BnKbhFhn6l,Bo7U5FQT2O,BrB1v0r_aZ,BrS8IisZvj,BvjY988e_d,Bwqj9Nk0We,BxsS_Ituw6,By3Q1qo6h5,C0Dyb-_txM,C0cW-ARjSr,C14EwL96qN,C3dTXRjxS9,C3rRDMd0o_,C50AfiQtHD,C5FI5pecM8,C8wrP6DNqO,C9SVvkiLKt,CD1xFNGFiA,CDR-ZMrvGl,CDXR-YYT26,CDZ6RrlJPA,CEvq12cbO2,CGCtuxFQj3,CGERehv_tC,CGexpwSDzn,CH8C78J0qI,CJKyOD_bN3,CJZO6zCEnN,CJgmADX7X2,CK2AsMbmGu,CK6oYdFMqB,CKRR6IrfWM,CKxrtMNEGu,CNaCdGiJNn,COpfg54yKR,CPNDQntYf6,CPrxmHiDch,CQJ3DGdqJF,CQo8HkpzMb,CQq-Cp0Blx,CRoedqMYhX,CS61MZGaAB,CSmXbHpgjr,CUjWhuc4Cr,CUnzqlDEOV,CVtwyzvyLf,CWdgPT4hz8,CZ97L14WTF,C_wkn9Z44-,CaLU6siFb-,CaPrWvE-gG,CafmMtcdXC,CbKa0Kvkuq,CcQznlnToQ,CenfgK95y4,CgBvNNpxda,CgPjN5-bJ-,Cgu8KpvBJu,ChdOnn69lo,Cizw1qXet2,CjasHxKCEN,CkfXZN4_5P,CkwJJunXoW,Cl4z8y9ZCv,CqHuGQ-dJI,Cs19cXlrmZ,CsJ9jkLQSY,Ct_V1_1Iq9,CuF89IFCaB,CvHJqPANHh,CvdNLZy_6I,Cvq5ocxcYo,Cx7gyJDN-E,D-Arrjud8b,D-EVHM4B1-,D05IYu91Io,D0JPJDZ8Gm,D0_pb16XMD,D2V-44U665,D5OS95bB1f,D8Ec_3T1lX,D8OVN1k_Fk,DAsnN8jNqq,DBdLVQ9vSp,DCN4G9zUB7,DDS7LsJD4u,DDfu0dLjsJ,DF9OG6IEsl,DGVfP0xEDO,DH7Cu6Xx10,DHHv70wd1E,DJ9_kIlSX2,DKFdpF2EL6,DLn0XlwLZK,DMJi8fKWjs,DMisApyvNK,DO1p8fYwRq,DOBMj1-q9s,DO_GW4J2V3,DQpecAW_AH,DQtJwCOKZ1,DRkjQoy4xY,DTHgGYvzLH,DUjjq2ZphM,DW6wCOG2M0,DZ1C92KZQ0,DZx28qil9e,D_8jTuZoIB,D_mGuLkW0_,DaqPytQETE,DeX6KsM9me,DerZ3y8kxw,DfFy62ZuSE,Dg-uf-AAZM,Dgioc3PhWI,Dh6MTQuO0R,DiKKE9lFYS,DlZhFhbeIB,Dm5fNiFVpg,DmZxnxYM3-,DmpRPa9t8U,DnJU73yLA8,DoL9rQ-e8n,DskjgVZ08z,Du42KGPYbk,DvMQgDcKjg,DwNVCX27fq,DzXnbRCb5h,E0zvCuW4Ws,ECe39Nk3HF,GP-EU5__2o,GjdLWOW600,Hy54JnqbbU,Itsmpwic0V,J5Pi2QIJnB,JCaUZajuVA,KkdgqwB0BJ,LMqjufl_WW,LTKChQOqAn,LaOuLx0DjO,MpebUPTBtT,NELI-W6wWl,Ps7ODeibXm,QUY4U243y4,RNTpNHlM6M,SAKjj1el0H,SxF0nnzF18,Ui9I3bP1Qi,UsFJaVvFY0,VvBYKHC73P,WQhPRvAMHC,Xd6PFe627X,ZxDGjUiK9o,aQ-cqOIBkW,aXF80aXccu,b_hQOB7con,ccB42_B4Gs,fKeuEcfPBi,gYn-7O9ZxJ,hDPI-TN32M,hXqif9vxl8,jlIGvMzKfA,jtW2R-nON3,l5bLH5YrVy,lXmtgL270o,munE2tb7I1,nR-YITLJKf,oOrhxKUPUU,oUPk-XcWPs,pOZEd-zbzi,pjmgHYXXQ1,potCvVE70Q,s95aNgOPqt,sckv9PCrPW,sj5bztRxwq,tTJ6vWIv2F,tbO7K_O15f,ulu4Q0BL0z,v3NQcCKlpX,xw9oywGUJO,ynkffpluXR,yyeqxZP5AF (370)
[1785844909.256][DEBUG]: DevTools WebSocket Event: Runtime.consoleAPICalled (session_id=6B5F1EB51F18E17137D824F0EDF637C5) F1BCCB5B21A87D794D53A7AF1A5C5093 {
   "args": [ {
      "type": "string",
      "value": "Navigation listeners online"
   } ],
   "executionContextId": 1,
   "stackTrace": {
      "callFrames": [ {
         "columnNumber": 6004,
         "functionName": "enableHybridNavigation",
         "lineNumber": 369,
         "scriptId": "57",
         "url": "https://www.redditstatic.com/js/concat?prefix=en-US/&chunks=-KmOOjyGw1,-_Z8y8lWRC,08y7PdU6zW,0O3S-Z8Ewd,16qbgFRuXU,1Le3QCrRcK,1NFNvCeJcA,2tgrsJhyYn,3RFrewsn-j,3SdddH1ehJ,42dusQFANQ,5MxjpAJ143,5gnsb..."
      } ]
   },
   "timestamp": 1.785844909229527e+12,
   "type": "log"
}
[1785844910.042][DEBUG]: DevTools WebSocket Response: Runtime.evaluate (id=17) (session_id=6B5F1EB51F18E17137D824F0EDF637C5) F1BCCB5B21A87D794D53A7AF1A5C5093 {
   "result": {
      "description": "1",
      "type": "number",
      "value": 1
   }
}
[25479:25479:0804/173150.184651:INFO:CONSOLE:7] "Error: platform-health", source: https://www.redditstatic.com/js/concat?prefix=en-US/&chunks=CuwoqDoBPD,Dx0EaY5eE7,sef8IJAfJW (7)
[1785844910.186][DEBUG]: DevTools WebSocket Event: Runtime.consoleAPICalled (session_id=6B5F1EB51F18E17137D824F0EDF637C5) F1BCCB5B21A87D794D53A7AF1A5C5093 {
   "args": [ {
      "className": "Error",
      "description": "Error: platform-health",
      "objectId": "3280294668383185029.1.1",
      "preview": {
         "description": "Error: platform-health",
         "overflow": false,
         "properties": [ {
            "name": "stack",
            "type": "accessor"
         }, {
            "name": "message",
            "type": "string",
            "value": "platform-health"
         } ],
         "subtype": "error",
         "type": "object"
      },
      "subtype": "error",
      "type": "object"
   } ],
   "executionContextId": 1,
   "stackTrace": {
      "callFrames": [ {
         "columnNumber": 144884,
         "functionName": "sd",
         "lineNumber": 6,
         "scriptId": "22",
         "url": "https://www.redditstatic.com/js/concat?prefix=en-US/&chunks=CuwoqDoBPD,Dx0EaY5eE7,sef8IJAfJW"
      }, {
         "columnNumber": 145375,
         "functionName": "",
         "lineNumber": 6,
         "scriptId": "22",
         "url": "https://www.redditstatic.com/js/concat?prefix=en-US/&chunks=CuwoqDoBPD,Dx0EaY5eE7,sef8IJAfJW"
      } ]
   },
   "timestamp": 1.785844910184138e+12,
   "type": "debug"
}
[1785844910.187][DEBUG]: DevTools WebSocket Command: Runtime.evaluate (id=18) (session_id=6B5F1EB51F18E17137D824F0EDF637C5) F1BCCB5B21A87D794D53A7AF1A5C5093 {
   "expression": "1"
}
[25479:25479:0804/173150.323994:INFO:CONSOLE:4] "Connecting to 'https://ad.doubleclick.net/ccm/s/collect?auid=1384499798.1785831673&gtm=45be67v1v9217137991za200zd9217137991xec' violates the following Content Security Policy directive: "connect-src 'self' *.redditmedia.com *.redd.it *.reddit.com www.redditstatic.com vimeo.com accounts.google.com/gsi/ www.google.com/recaptcha/ reddit-uploaded-emoji.s3-accelerate.amazonaws.com reddit-uploaded-media.s3.amazonaws.com reddit-uploaded-media.s3-accelerate.amazonaws.com reddit-uploaded-video.s3.amazonaws.com reddit-uploaded-video.s3-accelerate.amazonaws.com reddit-subreddit-uploaded-media.s3-accelerate.amazonaws.com wss://*.wss.redditmedia.com wss://gql-realtime.reddit.com *.giphy.com js.stripe.com support.reddithelp.com matrix.redditspace.com www.google.com/ccm/ bridge.worldcoin.org". The action has been blocked.", source: data:text/javascript,%0A%20%20%20%20%20%20%20%20window.STICKY_CANARY%20%3D%20'false'%3B%0A%20%20%20%20%20%20%20%20window.PRE_PRODUCTION%20%3D%20'false'%3B%0A%20%20%20%20%20%20%20%20if(%22fetch%22in%20window)%7Bconst%20n%3Dwindow.fetch%3Bwindow.fetch%3Dfunction(e%2Ct)%7Bconst%20r%3Dnew%20Headers(t%3F.headers%3F%3F(e%20instanceof%20Request%3Fe.headers%3Avoid%200))%2Ca%3De%20instanceof%20Request%3Fe.url%3Ae%2Co%3D!new%20URLSearchParams(a).has(%22x_use_preprod%22)%3Breturn%22true%22%3D%3D%3Dwindow.PRE_PRODUCTION%26%26o%26%26function(n)%7Bif(%22string%22%3D%3Dtypeof%20n%26%26n.match(%2F%5E%5C%2F%2F))return!0%3Bconst%20e%3Dn%20instanceof%20URL%3Fn%3Anew%20URL(n)%3Breturn%20window.location.host%3D%3D%3De.host%7D(a)%26%26r.set(%22X-Use-Preprod%22%2C%22always%22)%2Cn(e%2C%7B...t%7C%7C%7B%7D%2Cheaders%3Ar%7D)%7D%7Dif(%22sendBeacon%22in%20navigator)%7Bconst%20n%3Dnavigator.sendBeacon.bind(navigator)%3Bnavigator.sendBeacon%3Dfunction(e%2Ct)%7Bconst%20r%3Dfunction(n)%7Bif(%22true%22!%3D%3Dwindow.PRE_PRODUCTION)return%20n%3Bconst%20e%3Dn%20instanceof%20URL%3Fn%3Anew%20URL(n%2Cdocument.baseURI)%3Bif(!e.searchParams.has(%22x_use_preprod%22))return%20e.searchParams.set(%22x_use_preprod%22%2C%22always%22)%2Ce.toString()%3Breturn%20n%7D(e)%3Breturn%20n.call(navigator%2Cr%2Ct)%7D%7Dvar%20n%3D%7B%7D%3Bexport%7Bn%20as%20default%7D%3B%0A%3B%0A%20%20%20%20%20%20 (4)
[25479:25479:0804/173150.325909:INFO:CONSOLE:4] "Fetch API cannot load https://ad.doubleclick.net/ccm/s/collect?auid=1384499798.1785831673&gtm=45be67v1v9217137991za200zd9217137991xec. Refused to connect because it violates the document's Content Security Policy.", source: data:text/javascript,%0A%20%20%20%20%20%20%20%20window.STICKY_CANARY%20%3D%20'false'%3B%0A%20%20%20%20%20%20%20%20window.PRE_PRODUCTION%20%3D%20'false'%3B%0A%20%20%20%20%20%20%20%20if(%22fetch%22in%20window)%7Bconst%20n%3Dwindow.fetch%3Bwindow.fetch%3Dfunction(e%2Ct)%7Bconst%20r%3Dnew%20Headers(t%3F.headers%3F%3F(e%20instanceof%20Request%3Fe.headers%3Avoid%200))%2Ca%3De%20instanceof%20Request%3Fe.url%3Ae%2Co%3D!new%20URLSearchParams(a).has(%22x_use_preprod%22)%3Breturn%22true%22%3D%3D%3Dwindow.PRE_PRODUCTION%26%26o%26%26function(n)%7Bif(%22string%22%3D%3Dtypeof%20n%26%26n.match(%2F%5E%5C%2F%2F))return!0%3Bconst%20e%3Dn%20instanceof%20URL%3Fn%3Anew%20URL(n)%3Breturn%20window.location.host%3D%3D%3De.host%7D(a)%26%26r.set(%22X-Use-Preprod%22%2C%22always%22)%2Cn(e%2C%7B...t%7C%7C%7B%7D%2Cheaders%3Ar%7D)%7D%7Dif(%22sendBeacon%22in%20navigator)%7Bconst%20n%3Dnavigator.sendBeacon.bind(navigator)%3Bnavigator.sendBeacon%3Dfunction(e%2Ct)%7Bconst%20r%3Dfunction(n)%7Bif(%22true%22!%3D%3Dwindow.PRE_PRODUCTION)return%20n%3Bconst%20e%3Dn%20instanceof%20URL%3Fn%3Anew%20URL(n%2Cdocument.baseURI)%3Bif(!e.searchParams.has(%22x_use_preprod%22))return%20e.searchParams.set(%22x_use_preprod%22%2C%22always%22)%2Ce.toString()%3Breturn%20n%7D(e)%3Breturn%20n.call(navigator%2Cr%2Ct)%7D%7Dvar%20n%3D%7B%7D%3Bexport%7Bn%20as%20default%7D%3B%0A%3B%0A%20%20%20%20%20%20 (4)
[1785844910.325][DEBUG]: DevTools WebSocket Event: Log.entryAdded (session_id=6B5F1EB51F18E17137D824F0EDF637C5) F1BCCB5B21A87D794D53A7AF1A5C5093 {
   "entry": {
      "level": "error",
      "lineNumber": 3,
      "source": "security",
      "stackTrace": {
         "callFrames": [ {
            "columnNumber": 440,
            "functionName": "window.fetch",
            "lineNumber": 3,
            "scriptId": "11",
            "url": ""
         }, {
            "columnNumber": 182385,
            "functionName": "apply",
            "lineNumber": 6,
            "scriptId": "22",
            "url": "https://www.redditstatic.com/js/concat?prefix=en-US/&chunks=CuwoqDoBPD,Dx0EaY5eE7,sef8IJAfJW"
         }, {
            "columnNumber": 390,
            "functionName": "pd",
            "lineNumber": 144,
            "scriptId": "50",
            "url": "https://www.googletagmanager.com/gtag/js?id=AW-788729857"
         }, {
            "columnNumber": 1283,
            "functionName": "ko",
            "lineNumber": 310,
            "scriptId": "50",
            "url": "https://www.googletagmanager.com/gtag/js?id=AW-788729857"
         }, {
            "columnNumber": 738,
            "functionName": "Wy",
            "lineNumber": 530,
            "scriptId": "50",
            "url": "https://www.googletagmanager.com/gtag/js?id=AW-788729857"
         }, {
            "columnNumber": 120,
            "functionName": "fA",
            "lineNumber": 541,
            "scriptId": "50",
            "url": "https://www.googletagmanager.com/gtag/js?id=AW-788729857"
         }, {
            "columnNumber": 102,
            "functionName": "XL",
            "lineNumber": 752,
            "scriptId": "50",
            "url": "https://www.googletagmanager.com/gtag/js?id=AW-788729857"
         }, {
            "columnNumber": 280,
            "functionName": "ON",
            "lineNumber": 778,
            "scriptId": "50",
            "url": "https://www.googletagmanager.com/gtag/js?id=AW-788729857"
         }, {
            "columnNumber": 441,
            "functionName": "f",
            "lineNumber": 779,
            "scriptId": "50",
            "url": "https://www.googletagmanager.com/gtag/js?id=AW-788729857"
         }, {
            "columnNumber": 428,
            "functionName": "",
            "lineNumber": 781,
            "scriptId": "50",
            "url": "https://www.googletagmanager.com/gtag/js?id=AW-788729857"
         }, {
            "columnNumber": 75,
            "functionName": "Rl",
            "lineNumber": 293,
            "scriptId": "50",
            "url": "https://www.googletagmanager.com/gtag/js?id=AW-788729857"
         }, {
            "columnNumber": 240,
            "functionName": "np",
            "lineNumber": 322,
            "scriptId": "50",
            "url": "https://www.googletagmanager.com/gtag/js?id=AW-788729857"
         }, {
            "columnNumber": 414,
            "functionName": "QN",
            "lineNumber": 781,
            "scriptId": "50",
            "url": "https://www.googletagmanager.com/gtag/js?id=AW-788729857"
         }, {
            "columnNumber": 269,
            "functionName": "u",
            "lineNumber": 598,
            "scriptId": "50",
            "url": "https://www.googletagmanager.com/gtag/js?id=AW-788729857"
         }, {
            "columnNumber": 647,
            "functionName": "uo",
            "lineNumber": 312,
            "scriptId": "50",
            "url": "https://www.googletagmanager.com/gtag/js?id=AW-788729857"
         }, {
            "columnNumber": 368,
            "functionName": "oD",
            "lineNumber": 598,
            "scriptId": "50",
            "url": "https://www.googletagmanager.com/gtag/js?id=AW-788729857"
         }, {
            "columnNumber": 80,
            "functionName": "mD.flush",
            "lineNumber": 602,
            "scriptId": "50",
            "url": "https://www.googletagmanager.com/gtag/js?id=AW-788729857"
         }, {
            "columnNumber": 378,
            "functionName": "mD.push",
            "lineNumber": 600,
            "scriptId": "50",
            "url": "https://www.googletagmanager.com/gtag/js?id=AW-788729857"
         }, {
            "columnNumber": 626,
            "functionName": "wD",
            "lineNumber": 604,
            "scriptId": "50",
            "url": "https://www.googletagmanager.com/gtag/js?id=AW-788729857"
         }, "..." ]
      },
      "text": "Connecting to 'https://ad.doubleclick.net/ccm/s/collect?auid=1384499798.1785831673&gtm=45be67v1v9217137991za200zd9217137991xec' violates the following Content Security Policy directive: \"connect-sr...",
      "timestamp": 1.785844910322821e+12,
      "url": "data:text/javascript,%0A%20%20%20%20%20%20%20%20window.STICKY_CANARY%20%3D%20'false'%3B%0A%20%20%20%20%20%20%20%20window.PRE_PRODUCTION%20%3D%20'false'%3B%0A%20%20%20%20%20%20%20%20if(%22fetch%22in..."
   }
}
[1785844910.330][DEBUG]: DevTools WebSocket Event: Log.entryAdded (session_id=6B5F1EB51F18E17137D824F0EDF637C5) F1BCCB5B21A87D794D53A7AF1A5C5093 {
   "entry": {
      "level": "error",
      "lineNumber": 3,
      "source": "javascript",
      "stackTrace": {
         "callFrames": [ {
            "columnNumber": 440,
            "functionName": "window.fetch",
            "lineNumber": 3,
            "scriptId": "11",
            "url": ""
         }, {
            "columnNumber": 182385,
            "functionName": "apply",
            "lineNumber": 6,
            "scriptId": "22",
            "url": "https://www.redditstatic.com/js/concat?prefix=en-US/&chunks=CuwoqDoBPD,Dx0EaY5eE7,sef8IJAfJW"
         }, {
            "columnNumber": 390,
            "functionName": "pd",
            "lineNumber": 144,
            "scriptId": "50",
            "url": "https://www.googletagmanager.com/gtag/js?id=AW-788729857"
         }, {
            "columnNumber": 1283,
            "functionName": "ko",
            "lineNumber": 310,
            "scriptId": "50",
            "url": "https://www.googletagmanager.com/gtag/js?id=AW-788729857"
         }, {
            "columnNumber": 738,
            "functionName": "Wy",
            "lineNumber": 530,
            "scriptId": "50",
            "url": "https://www.googletagmanager.com/gtag/js?id=AW-788729857"
         }, {
            "columnNumber": 120,
            "functionName": "fA",
            "lineNumber": 541,
            "scriptId": "50",
            "url": "https://www.googletagmanager.com/gtag/js?id=AW-788729857"
         }, {
            "columnNumber": 102,
            "functionName": "XL",
            "lineNumber": 752,
            "scriptId": "50",
            "url": "https://www.googletagmanager.com/gtag/js?id=AW-788729857"
         }, {
            "columnNumber": 280,
            "functionName": "ON",
            "lineNumber": 778,
            "scriptId": "50",
            "url": "https://www.googletagmanager.com/gtag/js?id=AW-788729857"
         }, {
            "columnNumber": 441,
            "functionName": "f",
            "lineNumber": 779,
            "scriptId": "50",
            "url": "https://www.googletagmanager.com/gtag/js?id=AW-788729857"
         }, {
            "columnNumber": 428,
            "functionName": "",
            "lineNumber": 781,
            "scriptId": "50",
            "url": "https://www.googletagmanager.com/gtag/js?id=AW-788729857"
         }, {
            "columnNumber": 75,
            "functionName": "Rl",
            "lineNumber": 293,
            "scriptId": "50",
            "url": "https://www.googletagmanager.com/gtag/js?id=AW-788729857"
         }, {
            "columnNumber": 240,
            "functionName": "np",
            "lineNumber": 322,
            "scriptId": "50",
            "url": "https://www.googletagmanager.com/gtag/js?id=AW-788729857"
         }, {
            "columnNumber": 414,
            "functionName": "QN",
            "lineNumber": 781,
            "scriptId": "50",
            "url": "https://www.googletagmanager.com/gtag/js?id=AW-788729857"
         }, {
            "columnNumber": 269,
            "functionName": "u",
            "lineNumber": 598,
            "scriptId": "50",
            "url": "https://www.googletagmanager.com/gtag/js?id=AW-788729857"
         }, {
            "columnNumber": 647,
            "functionName": "uo",
            "lineNumber": 312,
            "scriptId": "50",
            "url": "https://www.googletagmanager.com/gtag/js?id=AW-788729857"
         }, {
            "columnNumber": 368,
            "functionName": "oD",
            "lineNumber": 598,
            "scriptId": "50",
            "url": "https://www.googletagmanager.com/gtag/js?id=AW-788729857"
         }, {
            "columnNumber": 80,
            "functionName": "mD.flush",
            "lineNumber": 602,
            "scriptId": "50",
            "url": "https://www.googletagmanager.com/gtag/js?id=AW-788729857"
         }, {
            "columnNumber": 378,
            "functionName": "mD.push",
            "lineNumber": 600,
            "scriptId": "50",
            "url": "https://www.googletagmanager.com/gtag/js?id=AW-788729857"
         }, {
            "columnNumber": 626,
            "functionName": "wD",
            "lineNumber": 604,
            "scriptId": "50",
            "url": "https://www.googletagmanager.com/gtag/js?id=AW-788729857"
         }, "..." ]
      },
      "text": "Fetch API cannot load https://ad.doubleclick.net/ccm/s/collect?auid=1384499798.1785831673&gtm=45be67v1v9217137991za200zd9217137991xec. Refused to connect because it violates the document's Content ...",
      "timestamp": 1.785844910324909e+12,
      "url": "data:text/javascript,%0A%20%20%20%20%20%20%20%20window.STICKY_CANARY%20%3D%20'false'%3B%0A%20%20%20%20%20%20%20%20window.PRE_PRODUCTION%20%3D%20'false'%3B%0A%20%20%20%20%20%20%20%20if(%22fetch%22in..."
   }
}
[25479:25479:0804/173150.397347:INFO:CONSOLE:4] "Connecting to 'https://www.google.com/rmkt/collect/788729857/?random=1785844910262&cv=11&fst=1785844910262&fmt=8&bg=ffffff&guid=ON&async=1&en=gtag.config&gtm=45be67v1v9217137991za200zd9217137991xec&gcd=13l3l3l3l1l1&dma=0&tag_exp=115938465~115938469~118897920~118897930~119791749~119896802&u_w=1396&u_h=785&url=https%3A%2F%2Fwww.reddit.com%2Fr%2FIsThisAScamIndia%2Fcomments%2F1v0vr5k%2Ftitle_paid_1500_via_upi_seller_deleted_reddit%2F&rcb=11&frm=0&tiba=Title%3A%20Paid%20%E2%82%B91500%20via%20UPI%2C%20seller%20deleted%20Reddit%20account.%20Need%20help.%20%3A%20r%2FIsThisAScamIndia&hn=www.googleadservices.com&npa=0&pscdl=noapi&auid=1384499798.1785831673&uaa=x86&uab=64&uafvl=Chromium%3B151.0.7922.71%7CNot%253DA%253FBrand%3B99.0.0.0&uamb=0&uam=&uap=Linux&uapv=&uaw=0&data=event%3Dgtag.config&ept=68&gcp=5' violates the following Content Security Policy directive: "connect-src 'self' *.redditmedia.com *.redd.it *.reddit.com www.redditstatic.com vimeo.com accounts.google.com/gsi/ www.google.com/recaptcha/ reddit-uploaded-emoji.s3-accelerate.amazonaws.com reddit-uploaded-media.s3.amazonaws.com reddit-uploaded-media.s3-accelerate.amazonaws.com reddit-uploaded-video.s3.amazonaws.com reddit-uploaded-video.s3-accelerate.amazonaws.com reddit-subreddit-uploaded-media.s3-accelerate.amazonaws.com wss://*.wss.redditmedia.com wss://gql-realtime.reddit.com *.giphy.com js.stripe.com support.reddithelp.com matrix.redditspace.com www.google.com/ccm/ bridge.worldcoin.org". The action has been blocked.", source: data:text/javascript,%0A%20%20%20%20%20%20%20%20window.STICKY_CANARY%20%3D%20'false'%3B%0A%20%20%20%20%20%20%20%20window.PRE_PRODUCTION%20%3D%20'false'%3B%0A%20%20%20%20%20%20%20%20if(%22fetch%22in%20window)%7Bconst%20n%3Dwindow.fetch%3Bwindow.fetch%3Dfunction(e%2Ct)%7Bconst%20r%3Dnew%20Headers(t%3F.headers%3F%3F(e%20instanceof%20Request%3Fe.headers%3Avoid%200))%2Ca%3De%20instanceof%20Request%3Fe.url%3Ae%2Co%3D!new%20URLSearchParams(a).has(%22x_use_preprod%22)%3Breturn%22true%22%3D%3D%3Dwindow.PRE_PRODUCTION%26%26o%26%26function(n)%7Bif(%22string%22%3D%3Dtypeof%20n%26%26n.match(%2F%5E%5C%2F%2F))return!0%3Bconst%20e%3Dn%20instanceof%20URL%3Fn%3Anew%20URL(n)%3Breturn%20window.location.host%3D%3D%3De.host%7D(a)%26%26r.set(%22X-Use-Preprod%22%2C%22always%22)%2Cn(e%2C%7B...t%7C%7C%7B%7D%2Cheaders%3Ar%7D)%7D%7Dif(%22sendBeacon%22in%20navigator)%7Bconst%20n%3Dnavigator.sendBeacon.bind(navigator)%3Bnavigator.sendBeacon%3Dfunction(e%2Ct)%7Bconst%20r%3Dfunction(n)%7Bif(%22true%22!%3D%3Dwindow.PRE_PRODUCTION)return%20n%3Bconst%20e%3Dn%20instanceof%20URL%3Fn%3Anew%20URL(n%2Cdocument.baseURI)%3Bif(!e.searchParams.has(%22x_use_preprod%22))return%20e.searchParams.set(%22x_use_preprod%22%2C%22always%22)%2Ce.toString()%3Breturn%20n%7D(e)%3Breturn%20n.call(navigator%2Cr%2Ct)%7D%7Dvar%20n%3D%7B%7D%3Bexport%7Bn%20as%20default%7D%3B%0A%3B%0A%20%20%20%20%20%20 (4)
[25479:25479:0804/173150.399800:INFO:CONSOLE:4] "Fetch API cannot load https://www.google.com/rmkt/collect/788729857/?random=1785844910262&cv=11&fst=1785844910262&fmt=8&bg=ffffff&guid=ON&async=1&en=gtag.config&gtm=45be67v1v9217137991za200zd9217137991xec&gcd=13l3l3l3l1l1&dma=0&tag_exp=115938465~115938469~118897920~118897930~119791749~119896802&u_w=1396&u_h=785&url=https%3A%2F%2Fwww.reddit.com%2Fr%2FIsThisAScamIndia%2Fcomments%2F1v0vr5k%2Ftitle_paid_1500_via_upi_seller_deleted_reddit%2F&rcb=11&frm=0&tiba=Title%3A%20Paid%20%E2%82%B91500%20via%20UPI%2C%20seller%20deleted%20Reddit%20account.%20Need%20help.%20%3A%20r%2FIsThisAScamIndia&hn=www.googleadservices.com&npa=0&pscdl=noapi&auid=1384499798.1785831673&uaa=x86&uab=64&uafvl=Chromium%3B151.0.7922.71%7CNot%253DA%253FBrand%3B99.0.0.0&uamb=0&uam=&uap=Linux&uapv=&uaw=0&data=event%3Dgtag.config&ept=68&gcp=5. Refused to connect because it violates the document's Content Security Policy.", source: data:text/javascript,%0A%20%20%20%20%20%20%20%20window.STICKY_CANARY%20%3D%20'false'%3B%0A%20%20%20%20%20%20%20%20window.PRE_PRODUCTION%20%3D%20'false'%3B%0A%20%20%20%20%20%20%20%20if(%22fetch%22in%20window)%7Bconst%20n%3Dwindow.fetch%3Bwindow.fetch%3Dfunction(e%2Ct)%7Bconst%20r%3Dnew%20Headers(t%3F.headers%3F%3F(e%20instanceof%20Request%3Fe.headers%3Avoid%200))%2Ca%3De%20instanceof%20Request%3Fe.url%3Ae%2Co%3D!new%20URLSearchParams(a).has(%22x_use_preprod%22)%3Breturn%22true%22%3D%3D%3Dwindow.PRE_PRODUCTION%26%26o%26%26function(n)%7Bif(%22string%22%3D%3Dtypeof%20n%26%26n.match(%2F%5E%5C%2F%2F))return!0%3Bconst%20e%3Dn%20instanceof%20URL%3Fn%3Anew%20URL(n)%3Breturn%20window.location.host%3D%3D%3De.host%7D(a)%26%26r.set(%22X-Use-Preprod%22%2C%22always%22)%2Cn(e%2C%7B...t%7C%7C%7B%7D%2Cheaders%3Ar%7D)%7D%7Dif(%22sendBeacon%22in%20navigator)%7Bconst%20n%3Dnavigator.sendBeacon.bind(navigator)%3Bnavigator.sendBeacon%3Dfunction(e%2Ct)%7Bconst%20r%3Dfunction(n)%7Bif(%22true%22!%3D%3Dwindow.PRE_PRODUCTION)return%20n%3Bconst%20e%3Dn%20instanceof%20URL%3Fn%3Anew%20URL(n%2Cdocument.baseURI)%3Bif(!e.searchParams.has(%22x_use_preprod%22))return%20e.searchParams.set(%22x_use_preprod%22%2C%22always%22)%2Ce.toString()%3Breturn%20n%7D(e)%3Breturn%20n.call(navigator%2Cr%2Ct)%7D%7Dvar%20n%3D%7B%7D%3Bexport%7Bn%20as%20default%7D%3B%0A%3B%0A%20%20%20%20%20%20 (4)
[1785844910.399][DEBUG]: DevTools WebSocket Event: Log.entryAdded (session_id=6B5F1EB51F18E17137D824F0EDF637C5) F1BCCB5B21A87D794D53A7AF1A5C5093 {
   "entry": {
      "level": "error",
      "lineNumber": 3,
      "source": "security",
      "stackTrace": {
         "callFrames": [ {
            "columnNumber": 440,
            "functionName": "window.fetch",
            "lineNumber": 3,
            "scriptId": "11",
            "url": ""
         }, {
            "columnNumber": 182385,
            "functionName": "apply",
            "lineNumber": 6,
            "scriptId": "22",
            "url": "https://www.redditstatic.com/js/concat?prefix=en-US/&chunks=CuwoqDoBPD,Dx0EaY5eE7,sef8IJAfJW"
         }, {
            "columnNumber": 33,
            "functionName": "Dp.K",
            "lineNumber": 327,
            "scriptId": "50",
            "url": "https://www.googletagmanager.com/gtag/js?id=AW-788729857"
         }, {
            "columnNumber": 736,
            "functionName": "Ap.sendRequest",
            "lineNumber": 325,
            "scriptId": "50",
            "url": "https://www.googletagmanager.com/gtag/js?id=AW-788729857"
         }, {
            "columnNumber": 466,
            "functionName": "t",
            "lineNumber": 452,
            "scriptId": "50",
            "url": "https://www.googletagmanager.com/gtag/js?id=AW-788729857"
         }, {
            "columnNumber": 125,
            "functionName": "qy.H",
            "lineNumber": 519,
            "scriptId": "50",
            "url": "https://www.googletagmanager.com/gtag/js?id=AW-788729857"
         }, {
            "columnNumber": 389,
            "functionName": "Vu",
            "lineNumber": 453,
            "scriptId": "50",
            "url": "https://www.googletagmanager.com/gtag/js?id=AW-788729857"
         }, {
            "columnNumber": 859,
            "functionName": "t",
            "lineNumber": 450,
            "scriptId": "50",
            "url": "https://www.googletagmanager.com/gtag/js?id=AW-788729857"
         }, {
            "columnNumber": 908,
            "functionName": "Uu",
            "lineNumber": 450,
            "scriptId": "50",
            "url": "https://www.googletagmanager.com/gtag/js?id=AW-788729857"
         }, {
            "columnNumber": 326,
            "functionName": "Yu",
            "lineNumber": 455,
            "scriptId": "50",
            "url": "https://www.googletagmanager.com/gtag/js?id=AW-788729857"
         }, {
            "columnNumber": 746,
            "functionName": "Zu",
            "lineNumber": 455,
            "scriptId": "50",
            "url": "https://www.googletagmanager.com/gtag/js?id=AW-788729857"
         }, {
            "columnNumber": 303,
            "functionName": "",
            "lineNumber": 541,
            "scriptId": "50",
            "url": "https://www.googletagmanager.com/gtag/js?id=AW-788729857"
         }, {
            "columnNumber": 137,
            "functionName": "e",
            "lineNumber": 499,
            "scriptId": "50",
            "url": "https://www.googletagmanager.com/gtag/js?id=AW-788729857"
         }, {
            "columnNumber": 478,
            "functionName": "fx",
            "lineNumber": 499,
            "scriptId": "50",
            "url": "https://www.googletagmanager.com/gtag/js?id=AW-788729857"
         }, {
            "columnNumber": 182,
            "functionName": "fA",
            "lineNumber": 541,
            "scriptId": "50",
            "url": "https://www.googletagmanager.com/gtag/js?id=AW-788729857"
         }, {
            "columnNumber": 102,
            "functionName": "XL",
            "lineNumber": 752,
            "scriptId": "50",
            "url": "https://www.googletagmanager.com/gtag/js?id=AW-788729857"
         }, {
            "columnNumber": 280,
            "functionName": "ON",
            "lineNumber": 778,
            "scriptId": "50",
            "url": "https://www.googletagmanager.com/gtag/js?id=AW-788729857"
         }, {
            "columnNumber": 441,
            "functionName": "f",
            "lineNumber": 779,
            "scriptId": "50",
            "url": "https://www.googletagmanager.com/gtag/js?id=AW-788729857"
         }, {
            "columnNumber": 428,
            "functionName": "",
            "lineNumber": 781,
            "scriptId": "50",
            "url": "https://www.googletagmanager.com/gtag/js?id=AW-788729857"
         }, "..." ]
      },
      "text": "Connecting to 'https://www.google.com/rmkt/collect/788729857/?random=1785844910262&cv=11&fst=1785844910262&fmt=8&bg=ffffff&guid=ON&async=1&en=gtag.config&gtm=45be67v1v9217137991za200zd9217137991xec...",
      "timestamp": 1.785844910396161e+12,
      "url": "data:text/javascript,%0A%20%20%20%20%20%20%20%20window.STICKY_CANARY%20%3D%20'false'%3B%0A%20%20%20%20%20%20%20%20window.PRE_PRODUCTION%20%3D%20'false'%3B%0A%20%20%20%20%20%20%20%20if(%22fetch%22in..."
   }
}
[1785844910.403][DEBUG]: DevTools WebSocket Event: Log.entryAdded (session_id=6B5F1EB51F18E17137D824F0EDF637C5) F1BCCB5B21A87D794D53A7AF1A5C5093 {
   "entry": {
      "level": "error",
      "lineNumber": 3,
      "source": "javascript",
      "stackTrace": {
         "callFrames": [ {
            "columnNumber": 440,
            "functionName": "window.fetch",
            "lineNumber": 3,
            "scriptId": "11",
            "url": ""
         }, {
            "columnNumber": 182385,
            "functionName": "apply",
            "lineNumber": 6,
            "scriptId": "22",
            "url": "https://www.redditstatic.com/js/concat?prefix=en-US/&chunks=CuwoqDoBPD,Dx0EaY5eE7,sef8IJAfJW"
         }, {
            "columnNumber": 33,
            "functionName": "Dp.K",
            "lineNumber": 327,
            "scriptId": "50",
            "url": "https://www.googletagmanager.com/gtag/js?id=AW-788729857"
         }, {
            "columnNumber": 736,
            "functionName": "Ap.sendRequest",
            "lineNumber": 325,
            "scriptId": "50",
            "url": "https://www.googletagmanager.com/gtag/js?id=AW-788729857"
         }, {
            "columnNumber": 466,
            "functionName": "t",
            "lineNumber": 452,
            "scriptId": "50",
            "url": "https://www.googletagmanager.com/gtag/js?id=AW-788729857"
         }, {
            "columnNumber": 125,
            "functionName": "qy.H",
            "lineNumber": 519,
            "scriptId": "50",
            "url": "https://www.googletagmanager.com/gtag/js?id=AW-788729857"
         }, {
            "columnNumber": 389,
            "functionName": "Vu",
            "lineNumber": 453,
            "scriptId": "50",
            "url": "https://www.googletagmanager.com/gtag/js?id=AW-788729857"
         }, {
            "columnNumber": 859,
            "functionName": "t",
            "lineNumber": 450,
            "scriptId": "50",
            "url": "https://www.googletagmanager.com/gtag/js?id=AW-788729857"
         }, {
            "columnNumber": 908,
            "functionName": "Uu",
            "lineNumber": 450,
            "scriptId": "50",
            "url": "https://www.googletagmanager.com/gtag/js?id=AW-788729857"
         }, {
            "columnNumber": 326,
            "functionName": "Yu",
            "lineNumber": 455,
            "scriptId": "50",
            "url": "https://www.googletagmanager.com/gtag/js?id=AW-788729857"
         }, {
            "columnNumber": 746,
            "functionName": "Zu",
            "lineNumber": 455,
            "scriptId": "50",
            "url": "https://www.googletagmanager.com/gtag/js?id=AW-788729857"
         }, {
            "columnNumber": 303,
            "functionName": "",
            "lineNumber": 541,
            "scriptId": "50",
            "url": "https://www.googletagmanager.com/gtag/js?id=AW-788729857"
         }, {
            "columnNumber": 137,
            "functionName": "e",
            "lineNumber": 499,
            "scriptId": "50",
            "url": "https://www.googletagmanager.com/gtag/js?id=AW-788729857"
         }, {
            "columnNumber": 478,
            "functionName": "fx",
            "lineNumber": 499,
            "scriptId": "50",
            "url": "https://www.googletagmanager.com/gtag/js?id=AW-788729857"
         }, {
            "columnNumber": 182,
            "functionName": "fA",
            "lineNumber": 541,
            "scriptId": "50",
            "url": "https://www.googletagmanager.com/gtag/js?id=AW-788729857"
         }, {
            "columnNumber": 102,
            "functionName": "XL",
            "lineNumber": 752,
            "scriptId": "50",
            "url": "https://www.googletagmanager.com/gtag/js?id=AW-788729857"
         }, {
            "columnNumber": 280,
            "functionName": "ON",
            "lineNumber": 778,
            "scriptId": "50",
            "url": "https://www.googletagmanager.com/gtag/js?id=AW-788729857"
         }, {
            "columnNumber": 441,
            "functionName": "f",
            "lineNumber": 779,
            "scriptId": "50",
            "url": "https://www.googletagmanager.com/gtag/js?id=AW-788729857"
         }, {
            "columnNumber": 428,
            "functionName": "",
            "lineNumber": 781,
            "scriptId": "50",
            "url": "https://www.googletagmanager.com/gtag/js?id=AW-788729857"
         }, "..." ]
      },
      "text": "Fetch API cannot load https://www.google.com/rmkt/collect/788729857/?random=1785844910262&cv=11&fst=1785844910262&fmt=8&bg=ffffff&guid=ON&async=1&en=gtag.config&gtm=45be67v1v9217137991za200zd921713...",
      "timestamp": 1.785844910397929e+12,
      "url": "data:text/javascript,%0A%20%20%20%20%20%20%20%20window.STICKY_CANARY%20%3D%20'false'%3B%0A%20%20%20%20%20%20%20%20window.PRE_PRODUCTION%20%3D%20'false'%3B%0A%20%20%20%20%20%20%20%20if(%22fetch%22in..."
   }
}
[25479:25479:0804/173150.537460:INFO:CONSOLE:4] "Connecting to 'https://www.google.com/rmkt/collect/788729857/?random=1785844910401&cv=11&fst=1785844910401&fmt=8&bg=ffffff&guid=ON&async=1&en=page_view&gtm=45be67v1v9217137991za200zd9217137991xec&gcd=13l3l3l3l1l1&dma=0&tag_exp=115938465~115938469~118897920~118897930~119791749~119896802&u_w=1396&u_h=785&url=https%3A%2F%2Fwww.reddit.com%2Fr%2FIsThisAScamIndia%2Fcomments%2F1v0vr5k%2Ftitle_paid_1500_via_upi_seller_deleted_reddit%2F&rcb=11&frm=0&tiba=Title%3A%20Paid%20%E2%82%B91500%20via%20UPI%2C%20seller%20deleted%20Reddit%20account.%20Need%20help.%20%3A%20r%2FIsThisAScamIndia&hn=www.googleadservices.com&npa=0&pscdl=noapi&auid=1384499798.1785831673&uaa=x86&uab=64&uafvl=Chromium%3B151.0.7922.71%7CNot%253DA%253FBrand%3B99.0.0.0&uamb=0&uam=&uap=Linux&uapv=&uaw=0&data=event%3Dpage_view%3Buser_status%3Dlogged_in&ept=68&gcp=5' violates the following Content Security Policy directive: "connect-src 'self' *.redditmedia.com *.redd.it *.reddit.com www.redditstatic.com vimeo.com accounts.google.com/gsi/ www.google.com/recaptcha/ reddit-uploaded-emoji.s3-accelerate.amazonaws.com reddit-uploaded-media.s3.amazonaws.com reddit-uploaded-media.s3-accelerate.amazonaws.com reddit-uploaded-video.s3.amazonaws.com reddit-uploaded-video.s3-accelerate.amazonaws.com reddit-subreddit-uploaded-media.s3-accelerate.amazonaws.com wss://*.wss.redditmedia.com wss://gql-realtime.reddit.com *.giphy.com js.stripe.com support.reddithelp.com matrix.redditspace.com www.google.com/ccm/ bridge.worldcoin.org". The action has been blocked.", source: data:text/javascript,%0A%20%20%20%20%20%20%20%20window.STICKY_CANARY%20%3D%20'false'%3B%0A%20%20%20%20%20%20%20%20window.PRE_PRODUCTION%20%3D%20'false'%3B%0A%20%20%20%20%20%20%20%20if(%22fetch%22in%20window)%7Bconst%20n%3Dwindow.fetch%3Bwindow.fetch%3Dfunction(e%2Ct)%7Bconst%20r%3Dnew%20Headers(t%3F.headers%3F%3F(e%20instanceof%20Request%3Fe.headers%3Avoid%200))%2Ca%3De%20instanceof%20Request%3Fe.url%3Ae%2Co%3D!new%20URLSearchParams(a).has(%22x_use_preprod%22)%3Breturn%22true%22%3D%3D%3Dwindow.PRE_PRODUCTION%26%26o%26%26function(n)%7Bif(%22string%22%3D%3Dtypeof%20n%26%26n.match(%2F%5E%5C%2F%2F))return!0%3Bconst%20e%3Dn%20instanceof%20URL%3Fn%3Anew%20URL(n)%3Breturn%20window.location.host%3D%3D%3De.host%7D(a)%26%26r.set(%22X-Use-Preprod%22%2C%22always%22)%2Cn(e%2C%7B...t%7C%7C%7B%7D%2Cheaders%3Ar%7D)%7D%7Dif(%22sendBeacon%22in%20navigator)%7Bconst%20n%3Dnavigator.sendBeacon.bind(navigator)%3Bnavigator.sendBeacon%3Dfunction(e%2Ct)%7Bconst%20r%3Dfunction(n)%7Bif(%22true%22!%3D%3Dwindow.PRE_PRODUCTION)return%20n%3Bconst%20e%3Dn%20instanceof%20URL%3Fn%3Anew%20URL(n%2Cdocument.baseURI)%3Bif(!e.searchParams.has(%22x_use_preprod%22))return%20e.searchParams.set(%22x_use_preprod%22%2C%22always%22)%2Ce.toString()%3Breturn%20n%7D(e)%3Breturn%20n.call(navigator%2Cr%2Ct)%7D%7Dvar%20n%3D%7B%7D%3Bexport%7Bn%20as%20default%7D%3B%0A%3B%0A%20%20%20%20%20%20 (4)
[25479:25479:0804/173150.538545:INFO:CONSOLE:4] "Fetch API cannot load https://www.google.com/rmkt/collect/788729857/?random=1785844910401&cv=11&fst=1785844910401&fmt=8&bg=ffffff&guid=ON&async=1&en=page_view&gtm=45be67v1v9217137991za200zd9217137991xec&gcd=13l3l3l3l1l1&dma=0&tag_exp=115938465~115938469~118897920~118897930~119791749~119896802&u_w=1396&u_h=785&url=https%3A%2F%2Fwww.reddit.com%2Fr%2FIsThisAScamIndia%2Fcomments%2F1v0vr5k%2Ftitle_paid_1500_via_upi_seller_deleted_reddit%2F&rcb=11&frm=0&tiba=Title%3A%20Paid%20%E2%82%B91500%20via%20UPI%2C%20seller%20deleted%20Reddit%20account.%20Need%20help.%20%3A%20r%2FIsThisAScamIndia&hn=www.googleadservices.com&npa=0&pscdl=noapi&auid=1384499798.1785831673&uaa=x86&uab=64&uafvl=Chromium%3B151.0.7922.71%7CNot%253DA%253FBrand%3B99.0.0.0&uamb=0&uam=&uap=Linux&uapv=&uaw=0&data=event%3Dpage_view%3Buser_status%3Dlogged_in&ept=68&gcp=5. Refused to connect because it violates the document's Content Security Policy.", source: data:text/javascript,%0A%20%20%20%20%20%20%20%20window.STICKY_CANARY%20%3D%20'false'%3B%0A%20%20%20%20%20%20%20%20window.PRE_PRODUCTION%20%3D%20'false'%3B%0A%20%20%20%20%20%20%20%20if(%22fetch%22in%20window)%7Bconst%20n%3Dwindow.fetch%3Bwindow.fetch%3Dfunction(e%2Ct)%7Bconst%20r%3Dnew%20Headers(t%3F.headers%3F%3F(e%20instanceof%20Request%3Fe.headers%3Avoid%200))%2Ca%3De%20instanceof%20Request%3Fe.url%3Ae%2Co%3D!new%20URLSearchParams(a).has(%22x_use_preprod%22)%3Breturn%22true%22%3D%3D%3Dwindow.PRE_PRODUCTION%26%26o%26%26function(n)%7Bif(%22string%22%3D%3Dtypeof%20n%26%26n.match(%2F%5E%5C%2F%2F))return!0%3Bconst%20e%3Dn%20instanceof%20URL%3Fn%3Anew%20URL(n)%3Breturn%20window.location.host%3D%3D%3De.host%7D(a)%26%26r.set(%22X-Use-Preprod%22%2C%22always%22)%2Cn(e%2C%7B...t%7C%7C%7B%7D%2Cheaders%3Ar%7D)%7D%7Dif(%22sendBeacon%22in%20navigator)%7Bconst%20n%3Dnavigator.sendBeacon.bind(navigator)%3Bnavigator.sendBeacon%3Dfunction(e%2Ct)%7Bconst%20r%3Dfunction(n)%7Bif(%22true%22!%3D%3Dwindow.PRE_PRODUCTION)return%20n%3Bconst%20e%3Dn%20instanceof%20URL%3Fn%3Anew%20URL(n%2Cdocument.baseURI)%3Bif(!e.searchParams.has(%22x_use_preprod%22))return%20e.searchParams.set(%22x_use_preprod%22%2C%22always%22)%2Ce.toString()%3Breturn%20n%7D(e)%3Breturn%20n.call(navigator%2Cr%2Ct)%7D%7Dvar%20n%3D%7B%7D%3Bexport%7Bn%20as%20default%7D%3B%0A%3B%0A%20%20%20%20%20%20 (4)
[1785844910.560][DEBUG]: DevTools WebSocket Event: Log.entryAdded (session_id=6B5F1EB51F18E17137D824F0EDF637C5) F1BCCB5B21A87D794D53A7AF1A5C5093 {
   "entry": {
      "level": "error",
      "lineNumber": 3,
      "source": "security",
      "stackTrace": {
         "callFrames": [ {
            "columnNumber": 440,
            "functionName": "window.fetch",
            "lineNumber": 3,
            "scriptId": "11",
            "url": ""
         }, {
            "columnNumber": 182385,
            "functionName": "apply",
            "lineNumber": 6,
            "scriptId": "22",
            "url": "https://www.redditstatic.com/js/concat?prefix=en-US/&chunks=CuwoqDoBPD,Dx0EaY5eE7,sef8IJAfJW"
         }, {
            "columnNumber": 33,
            "functionName": "Dp.K",
            "lineNumber": 327,
            "scriptId": "50",
            "url": "https://www.googletagmanager.com/gtag/js?id=AW-788729857"
         }, {
            "columnNumber": 736,
            "functionName": "Ap.sendRequest",
            "lineNumber": 325,
            "scriptId": "50",
            "url": "https://www.googletagmanager.com/gtag/js?id=AW-788729857"
         }, {
            "columnNumber": 466,
            "functionName": "t",
            "lineNumber": 452,
            "scriptId": "50",
            "url": "https://www.googletagmanager.com/gtag/js?id=AW-788729857"
         }, {
            "columnNumber": 125,
            "functionName": "qy.H",
            "lineNumber": 519,
            "scriptId": "50",
            "url": "https://www.googletagmanager.com/gtag/js?id=AW-788729857"
         }, {
            "columnNumber": 389,
            "functionName": "Vu",
            "lineNumber": 453,
            "scriptId": "50",
            "url": "https://www.googletagmanager.com/gtag/js?id=AW-788729857"
         }, {
            "columnNumber": 859,
            "functionName": "t",
            "lineNumber": 450,
            "scriptId": "50",
            "url": "https://www.googletagmanager.com/gtag/js?id=AW-788729857"
         }, {
            "columnNumber": 908,
            "functionName": "Uu",
            "lineNumber": 450,
            "scriptId": "50",
            "url": "https://www.googletagmanager.com/gtag/js?id=AW-788729857"
         }, {
            "columnNumber": 326,
            "functionName": "Yu",
            "lineNumber": 455,
            "scriptId": "50",
            "url": "https://www.googletagmanager.com/gtag/js?id=AW-788729857"
         }, {
            "columnNumber": 746,
            "functionName": "Zu",
            "lineNumber": 455,
            "scriptId": "50",
            "url": "https://www.googletagmanager.com/gtag/js?id=AW-788729857"
         }, {
            "columnNumber": 303,
            "functionName": "",
            "lineNumber": 541,
            "scriptId": "50",
            "url": "https://www.googletagmanager.com/gtag/js?id=AW-788729857"
         }, {
            "columnNumber": 137,
            "functionName": "e",
            "lineNumber": 499,
            "scriptId": "50",
            "url": "https://www.googletagmanager.com/gtag/js?id=AW-788729857"
         }, {
            "columnNumber": 478,
            "functionName": "fx",
            "lineNumber": 499,
            "scriptId": "50",
            "url": "https://www.googletagmanager.com/gtag/js?id=AW-788729857"
         }, {
            "columnNumber": 182,
            "functionName": "fA",
            "lineNumber": 541,
            "scriptId": "50",
            "url": "https://www.googletagmanager.com/gtag/js?id=AW-788729857"
         }, {
            "columnNumber": 102,
            "functionName": "XL",
            "lineNumber": 752,
            "scriptId": "50",
            "url": "https://www.googletagmanager.com/gtag/js?id=AW-788729857"
         }, {
            "columnNumber": 280,
            "functionName": "ON",
            "lineNumber": 778,
            "scriptId": "50",
            "url": "https://www.googletagmanager.com/gtag/js?id=AW-788729857"
         }, {
            "columnNumber": 441,
            "functionName": "f",
            "lineNumber": 779,
            "scriptId": "50",
            "url": "https://www.googletagmanager.com/gtag/js?id=AW-788729857"
         }, {
            "columnNumber": 428,
            "functionName": "",
            "lineNumber": 781,
            "scriptId": "50",
            "url": "https://www.googletagmanager.com/gtag/js?id=AW-788729857"
         }, "..." ]
      },
      "text": "Connecting to 'https://www.google.com/rmkt/collect/788729857/?random=1785844910401&cv=11&fst=1785844910401&fmt=8&bg=ffffff&guid=ON&async=1&en=page_view&gtm=45be67v1v9217137991za200zd9217137991xec&g...",
      "timestamp": 1.78584491052683e+12,
      "url": "data:text/javascript,%0A%20%20%20%20%20%20%20%20window.STICKY_CANARY%20%3D%20'false'%3B%0A%20%20%20%20%20%20%20%20window.PRE_PRODUCTION%20%3D%20'false'%3B%0A%20%20%20%20%20%20%20%20if(%22fetch%22in..."
   }
}
[1785844910.561][DEBUG]: DevTools WebSocket Event: Log.entryAdded (session_id=6B5F1EB51F18E17137D824F0EDF637C5) F1BCCB5B21A87D794D53A7AF1A5C5093 {
   "entry": {
      "level": "error",
      "lineNumber": 3,
      "source": "javascript",
      "stackTrace": {
         "callFrames": [ {
            "columnNumber": 440,
            "functionName": "window.fetch",
            "lineNumber": 3,
            "scriptId": "11",
            "url": ""
         }, {
            "columnNumber": 182385,
            "functionName": "apply",
            "lineNumber": 6,
            "scriptId": "22",
            "url": "https://www.redditstatic.com/js/concat?prefix=en-US/&chunks=CuwoqDoBPD,Dx0EaY5eE7,sef8IJAfJW"
         }, {
            "columnNumber": 33,
            "functionName": "Dp.K",
            "lineNumber": 327,
            "scriptId": "50",
            "url": "https://www.googletagmanager.com/gtag/js?id=AW-788729857"
         }, {
            "columnNumber": 736,
            "functionName": "Ap.sendRequest",
            "lineNumber": 325,
            "scriptId": "50",
            "url": "https://www.googletagmanager.com/gtag/js?id=AW-788729857"
         }, {
            "columnNumber": 466,
            "functionName": "t",
            "lineNumber": 452,
            "scriptId": "50",
            "url": "https://www.googletagmanager.com/gtag/js?id=AW-788729857"
         }, {
            "columnNumber": 125,
            "functionName": "qy.H",
            "lineNumber": 519,
            "scriptId": "50",
            "url": "https://www.googletagmanager.com/gtag/js?id=AW-788729857"
         }, {
            "columnNumber": 389,
            "functionName": "Vu",
            "lineNumber": 453,
            "scriptId": "50",
            "url": "https://www.googletagmanager.com/gtag/js?id=AW-788729857"
         }, {
            "columnNumber": 859,
            "functionName": "t",
            "lineNumber": 450,
            "scriptId": "50",
            "url": "https://www.googletagmanager.com/gtag/js?id=AW-788729857"
         }, {
            "columnNumber": 908,
            "functionName": "Uu",
            "lineNumber": 450,
            "scriptId": "50",
            "url": "https://www.googletagmanager.com/gtag/js?id=AW-788729857"
         }, {
            "columnNumber": 326,
            "functionName": "Yu",
            "lineNumber": 455,
            "scriptId": "50",
            "url": "https://www.googletagmanager.com/gtag/js?id=AW-788729857"
         }, {
            "columnNumber": 746,
            "functionName": "Zu",
            "lineNumber": 455,
            "scriptId": "50",
            "url": "https://www.googletagmanager.com/gtag/js?id=AW-788729857"
         }, {
            "columnNumber": 303,
            "functionName": "",
            "lineNumber": 541,
            "scriptId": "50",
            "url": "https://www.googletagmanager.com/gtag/js?id=AW-788729857"
         }, {
            "columnNumber": 137,
            "functionName": "e",
            "lineNumber": 499,
            "scriptId": "50",
            "url": "https://www.googletagmanager.com/gtag/js?id=AW-788729857"
         }, {
            "columnNumber": 478,
            "functionName": "fx",
            "lineNumber": 499,
            "scriptId": "50",
            "url": "https://www.googletagmanager.com/gtag/js?id=AW-788729857"
         }, {
            "columnNumber": 182,
            "functionName": "fA",
            "lineNumber": 541,
            "scriptId": "50",
            "url": "https://www.googletagmanager.com/gtag/js?id=AW-788729857"
         }, {
            "columnNumber": 102,
            "functionName": "XL",
            "lineNumber": 752,
            "scriptId": "50",
            "url": "https://www.googletagmanager.com/gtag/js?id=AW-788729857"
         }, {
            "columnNumber": 280,
            "functionName": "ON",
            "lineNumber": 778,
            "scriptId": "50",
            "url": "https://www.googletagmanager.com/gtag/js?id=AW-788729857"
         }, {
            "columnNumber": 441,
            "functionName": "f",
            "lineNumber": 779,
            "scriptId": "50",
            "url": "https://www.googletagmanager.com/gtag/js?id=AW-788729857"
         }, {
            "columnNumber": 428,
            "functionName": "",
            "lineNumber": 781,
            "scriptId": "50",
            "url": "https://www.googletagmanager.com/gtag/js?id=AW-788729857"
         }, "..." ]
      },
      "text": "Fetch API cannot load https://www.google.com/rmkt/collect/788729857/?random=1785844910401&cv=11&fst=1785844910401&fmt=8&bg=ffffff&guid=ON&async=1&en=page_view&gtm=45be67v1v9217137991za200zd92171379...",
      "timestamp": 1.785844910527489e+12,
      "url": "data:text/javascript,%0A%20%20%20%20%20%20%20%20window.STICKY_CANARY%20%3D%20'false'%3B%0A%20%20%20%20%20%20%20%20window.PRE_PRODUCTION%20%3D%20'false'%3B%0A%20%20%20%20%20%20%20%20if(%22fetch%22in..."
   }
}
[1785844910.769][DEBUG]: DevTools WebSocket Response: Runtime.evaluate (id=18) (session_id=6B5F1EB51F18E17137D824F0EDF637C5) F1BCCB5B21A87D794D53A7AF1A5C5093 {
   "result": {
      "description": "1",
      "type": "number",
      "value": 1
   }
}
[1785844911.278][DEBUG]: DevTools WebSocket Command: Runtime.evaluate (id=19) (session_id=6B5F1EB51F18E17137D824F0EDF637C5) F1BCCB5B21A87D794D53A7AF1A5C5093 {
   "expression": "1"
}
[1785844911.339][DEBUG]: DevTools WebSocket Response: Runtime.evaluate (id=19) (session_id=6B5F1EB51F18E17137D824F0EDF637C5) F1BCCB5B21A87D794D53A7AF1A5C5093 {
   "result": {
      "description": "1",
      "type": "number",
      "value": 1
   }
}
[1785844911.407][DEBUG]: DevTools WebSocket Event: Page.frameAttached (session_id=6B5F1EB51F18E17137D824F0EDF637C5) F1BCCB5B21A87D794D53A7AF1A5C5093 {
   "frameId": "80454CEEAEA28E5679D76DBC5C21834A",
   "parentFrameId": "F1BCCB5B21A87D794D53A7AF1A5C5093",
   "stack": {
      "callFrames": [ {
         "columnNumber": 52736,
         "functionName": "",
         "lineNumber": 0,
         "scriptId": "70",
         "url": "https://www.redditstatic.com/shreddit/sentry-DswLfAC_.js"
      }, {
         "columnNumber": 52974,
         "functionName": "e",
         "lineNumber": 0,
         "scriptId": "70",
         "url": "https://www.redditstatic.com/shreddit/sentry-DswLfAC_.js"
      }, {
         "columnNumber": 55381,
         "functionName": "r.Ot",
         "lineNumber": 0,
         "scriptId": "70",
         "url": "https://www.redditstatic.com/shreddit/sentry-DswLfAC_.js"
      }, {
         "columnNumber": 40835,
         "functionName": "t",
         "lineNumber": 0,
         "scriptId": "70",
         "url": "https://www.redditstatic.com/shreddit/sentry-DswLfAC_.js"
      }, {
         "columnNumber": 54943,
         "functionName": "r",
         "lineNumber": 0,
         "scriptId": "70",
         "url": "https://www.redditstatic.com/shreddit/sentry-DswLfAC_.js"
      }, {
         "columnNumber": 34640,
         "functionName": "t",
         "lineNumber": 0,
         "scriptId": "70",
         "url": "https://www.redditstatic.com/shreddit/sentry-DswLfAC_.js"
      }, {
         "columnNumber": 67418,
         "functionName": "e",
         "lineNumber": 0,
         "scriptId": "70",
         "url": "https://www.redditstatic.com/shreddit/sentry-DswLfAC_.js"
      }, {
         "columnNumber": 69417,
         "functionName": "",
         "lineNumber": 0,
         "scriptId": "70",
         "url": "https://www.redditstatic.com/shreddit/sentry-DswLfAC_.js"
      }, {
         "columnNumber": 69442,
         "functionName": "t.init",
         "lineNumber": 0,
         "scriptId": "70",
         "url": "https://www.redditstatic.com/shreddit/sentry-DswLfAC_.js"
      }, {
         "columnNumber": 2535,
         "functionName": "r.init",
         "lineNumber": 0,
         "scriptId": "16",
         "url": ""
      }, {
         "columnNumber": 2779,
         "functionName": "",
         "lineNumber": 0,
         "scriptId": "16",
         "url": ""
      }, {
         "columnNumber": 2976,
         "functionName": "",
         "lineNumber": 0,
         "scriptId": "16",
         "url": ""
      } ]
   }
}
[1785844911.426][DEBUG]: DevTools WebSocket Event: Page.frameRequestedNavigation (session_id=6B5F1EB51F18E17137D824F0EDF637C5) F1BCCB5B21A87D794D53A7AF1A5C5093 {
   "disposition": "currentTab",
   "frameId": "80454CEEAEA28E5679D76DBC5C21834A",
   "reason": "initialFrameNavigation",
   "url": "about:blank"
}
[1785844911.426][DEBUG]: DevTools WebSocket Event: Page.frameNavigated (session_id=6B5F1EB51F18E17137D824F0EDF637C5) F1BCCB5B21A87D794D53A7AF1A5C5093 {
   "frame": {
      "adFrameStatus": {
         "adFrameType": "none",
         "explanations": [  ]
      },
      "crossOriginIsolatedContextType": "NotIsolated",
      "domainAndRegistry": "",
      "gatedAPIFeatures": [  ],
      "id": "80454CEEAEA28E5679D76DBC5C21834A",
      "loaderId": "12664727D50C89CD3B6DD39CD01AA565",
      "mimeType": "text/html",
      "name": "",
      "parentId": "F1BCCB5B21A87D794D53A7AF1A5C5093",
      "secureContextType": "Secure",
      "securityOrigin": "://",
      "securityOriginDetails": {
         "isLocalhost": false
      },
      "url": "about:blank"
   },
   "type": "Navigation"
}
[1785844911.426][DEBUG]: DevTools WebSocket Event: Page.frameStartedLoading (session_id=6B5F1EB51F18E17137D824F0EDF637C5) F1BCCB5B21A87D794D53A7AF1A5C5093 {
   "frameId": "80454CEEAEA28E5679D76DBC5C21834A"
}
[1785844911.426][DEBUG]: DevTools WebSocket Event: Runtime.executionContextCreated (session_id=6B5F1EB51F18E17137D824F0EDF637C5) F1BCCB5B21A87D794D53A7AF1A5C5093 {
   "context": {
      "auxData": {
         "frameId": "80454CEEAEA28E5679D76DBC5C21834A",
         "isDefault": true,
         "type": "default"
      },
      "id": 2,
      "name": "",
      "origin": "https://www.reddit.com",
      "uniqueId": "8088608613356222468.-8247830584347745312"
   }
}
[1785844911.427][DEBUG]: DevTools WebSocket Event: Page.frameStoppedLoading (session_id=6B5F1EB51F18E17137D824F0EDF637C5) F1BCCB5B21A87D794D53A7AF1A5C5093 {
   "frameId": "80454CEEAEA28E5679D76DBC5C21834A"
}
[1785844911.427][DEBUG]: DevTools WebSocket Command: Runtime.evaluate (id=20) (session_id=6B5F1EB51F18E17137D824F0EDF637C5) F1BCCB5B21A87D794D53A7AF1A5C5093 {
   "expression": "1"
}
[1785844911.431][DEBUG]: DevTools WebSocket Event: Page.frameSubtreeWillBeDetached (session_id=6B5F1EB51F18E17137D824F0EDF637C5) F1BCCB5B21A87D794D53A7AF1A5C5093 {
   "frameId": "80454CEEAEA28E5679D76DBC5C21834A"
}
[1785844911.477][DEBUG]: DevTools WebSocket Event: Page.frameDetached (session_id=6B5F1EB51F18E17137D824F0EDF637C5) F1BCCB5B21A87D794D53A7AF1A5C5093 {
   "frameId": "80454CEEAEA28E5679D76DBC5C21834A",
   "reason": "remove"
}
[1785844911.477][DEBUG]: DevTools WebSocket Event: Runtime.executionContextDestroyed (session_id=6B5F1EB51F18E17137D824F0EDF637C5) F1BCCB5B21A87D794D53A7AF1A5C5093 {
   "executionContextId": 2,
   "executionContextUniqueId": "8088608613356222468.-8247830584347745312"
}
[1785844911.478][DEBUG]: DevTools WebSocket Event: Page.frameAttached (session_id=6B5F1EB51F18E17137D824F0EDF637C5) F1BCCB5B21A87D794D53A7AF1A5C5093 {
   "frameId": "5C13E3B1675E108F90DBF4F48017FF08",
   "parentFrameId": "F1BCCB5B21A87D794D53A7AF1A5C5093",
   "stack": {
      "callFrames": [ {
         "columnNumber": 15070,
         "functionName": "",
         "lineNumber": 0,
         "scriptId": "70",
         "url": "https://www.redditstatic.com/shreddit/sentry-DswLfAC_.js"
      }, {
         "columnNumber": 15288,
         "functionName": "",
         "lineNumber": 0,
         "scriptId": "70",
         "url": "https://www.redditstatic.com/shreddit/sentry-DswLfAC_.js"
      }, {
         "columnNumber": 16679,
         "functionName": "ct",
         "lineNumber": 0,
         "scriptId": "70",
         "url": "https://www.redditstatic.com/shreddit/sentry-DswLfAC_.js"
      }, {
         "columnNumber": 62664,
         "functionName": "e.setupOnce",
         "lineNumber": 0,
         "scriptId": "70",
         "url": "https://www.redditstatic.com/shreddit/sentry-DswLfAC_.js"
      }, {
         "columnNumber": 36397,
         "functionName": "",
         "lineNumber": 0,
         "scriptId": "70",
         "url": "https://www.redditstatic.com/shreddit/sentry-DswLfAC_.js"
      }, {
         "columnNumber": 36471,
         "functionName": "",
         "lineNumber": 0,
         "scriptId": "70",
         "url": "https://www.redditstatic.com/shreddit/sentry-DswLfAC_.js"
      }, {
         "columnNumber": 36325,
         "functionName": "",
         "lineNumber": 0,
         "scriptId": "70",
         "url": "https://www.redditstatic.com/shreddit/sentry-DswLfAC_.js"
      }, {
         "columnNumber": 36529,
         "functionName": "t.setupIntegrations",
         "lineNumber": 0,
         "scriptId": "70",
         "url": "https://www.redditstatic.com/shreddit/sentry-DswLfAC_.js"
      }, {
         "columnNumber": 27335,
         "functionName": "t.bindClient",
         "lineNumber": 0,
         "scriptId": "70",
         "url": "https://www.redditstatic.com/shreddit/sentry-DswLfAC_.js"
      }, {
         "columnNumber": 69428,
         "functionName": "",
         "lineNumber": 0,
         "scriptId": "70",
         "url": "https://www.redditstatic.com/shreddit/sentry-DswLfAC_.js"
      }, {
         "columnNumber": 69442,
         "functionName": "t.init",
         "lineNumber": 0,
         "scriptId": "70",
         "url": "https://www.redditstatic.com/shreddit/sentry-DswLfAC_.js"
      }, {
         "columnNumber": 2535,
         "functionName": "r.init",
         "lineNumber": 0,
         "scriptId": "16",
         "url": ""
      }, {
         "columnNumber": 2779,
         "functionName": "",
         "lineNumber": 0,
         "scriptId": "16",
         "url": ""
      }, {
         "columnNumber": 2976,
         "functionName": "",
         "lineNumber": 0,
         "scriptId": "16",
         "url": ""
      } ]
   }
}
[1785844911.478][DEBUG]: DevTools WebSocket Event: Page.frameRequestedNavigation (session_id=6B5F1EB51F18E17137D824F0EDF637C5) F1BCCB5B21A87D794D53A7AF1A5C5093 {
   "disposition": "currentTab",
   "frameId": "5C13E3B1675E108F90DBF4F48017FF08",
   "reason": "initialFrameNavigation",
   "url": "about:blank"
}
[1785844911.478][DEBUG]: DevTools WebSocket Event: Page.frameNavigated (session_id=6B5F1EB51F18E17137D824F0EDF637C5) F1BCCB5B21A87D794D53A7AF1A5C5093 {
   "frame": {
      "adFrameStatus": {
         "adFrameType": "none",
         "explanations": [  ]
      },
      "crossOriginIsolatedContextType": "NotIsolated",
      "domainAndRegistry": "",
      "gatedAPIFeatures": [  ],
      "id": "5C13E3B1675E108F90DBF4F48017FF08",
      "loaderId": "70C9D97D36D83D610C4C5E91F6B73D7D",
      "mimeType": "text/html",
      "name": "",
      "parentId": "F1BCCB5B21A87D794D53A7AF1A5C5093",
      "secureContextType": "Secure",
      "securityOrigin": "://",
      "securityOriginDetails": {
         "isLocalhost": false
      },
      "url": "about:blank"
   },
   "type": "Navigation"
}
[1785844911.490][DEBUG]: DevTools WebSocket Event: Page.frameStartedLoading (session_id=6B5F1EB51F18E17137D824F0EDF637C5) F1BCCB5B21A87D794D53A7AF1A5C5093 {
   "frameId": "5C13E3B1675E108F90DBF4F48017FF08"
}
[1785844911.523][DEBUG]: DevTools WebSocket Event: Runtime.executionContextCreated (session_id=6B5F1EB51F18E17137D824F0EDF637C5) F1BCCB5B21A87D794D53A7AF1A5C5093 {
   "context": {
      "auxData": {
         "frameId": "5C13E3B1675E108F90DBF4F48017FF08",
         "isDefault": true,
         "type": "default"
      },
      "id": 3,
      "name": "",
      "origin": "https://www.reddit.com",
      "uniqueId": "995937221324554045.-6386337610635852355"
   }
}
[1785844911.523][DEBUG]: DevTools WebSocket Event: Page.frameStoppedLoading (session_id=6B5F1EB51F18E17137D824F0EDF637C5) F1BCCB5B21A87D794D53A7AF1A5C5093 {
   "frameId": "5C13E3B1675E108F90DBF4F48017FF08"
}
[1785844911.523][DEBUG]: DevTools WebSocket Event: Page.frameSubtreeWillBeDetached (session_id=6B5F1EB51F18E17137D824F0EDF637C5) F1BCCB5B21A87D794D53A7AF1A5C5093 {
   "frameId": "5C13E3B1675E108F90DBF4F48017FF08"
}
[1785844911.523][DEBUG]: DevTools WebSocket Event: Page.frameDetached (session_id=6B5F1EB51F18E17137D824F0EDF637C5) F1BCCB5B21A87D794D53A7AF1A5C5093 {
   "frameId": "5C13E3B1675E108F90DBF4F48017FF08",
   "reason": "remove"
}
[1785844911.523][DEBUG]: DevTools WebSocket Event: Runtime.executionContextDestroyed (session_id=6B5F1EB51F18E17137D824F0EDF637C5) F1BCCB5B21A87D794D53A7AF1A5C5093 {
   "executionContextId": 3,
   "executionContextUniqueId": "995937221324554045.-6386337610635852355"
}
[1785844911.523][DEBUG]: DevTools WebSocket Response: Runtime.evaluate (id=20) (session_id=6B5F1EB51F18E17137D824F0EDF637C5) F1BCCB5B21A87D794D53A7AF1A5C5093 {
   "result": {
      "description": "1",
      "type": "number",
      "value": 1
   }
}
[1785844912.029][DEBUG]: DevTools WebSocket Command: Runtime.evaluate (id=21) (session_id=6B5F1EB51F18E17137D824F0EDF637C5) F1BCCB5B21A87D794D53A7AF1A5C5093 {
   "expression": "1"
}
[1785844912.032][DEBUG]: DevTools WebSocket Response: Runtime.evaluate (id=21) (session_id=6B5F1EB51F18E17137D824F0EDF637C5) F1BCCB5B21A87D794D53A7AF1A5C5093 {
   "result": {
      "description": "1",
      "type": "number",
      "value": 1
   }
}
[1785844912.551][DEBUG]: DevTools WebSocket Command: Runtime.evaluate (id=22) (session_id=6B5F1EB51F18E17137D824F0EDF637C5) F1BCCB5B21A87D794D53A7AF1A5C5093 {
   "expression": "1"
}
[1785844912.552][DEBUG]: DevTools WebSocket Event: Page.frameAttached (session_id=6B5F1EB51F18E17137D824F0EDF637C5) F1BCCB5B21A87D794D53A7AF1A5C5093 {
   "frameId": "44BB8B9DD5D485F8AA650C854CD2DAE1",
   "parentFrameId": "F1BCCB5B21A87D794D53A7AF1A5C5093",
   "stack": {
      "callFrames": [ {
         "columnNumber": 281,
         "functionName": "",
         "lineNumber": 216,
         "scriptId": "79",
         "url": "https://www.gstatic.com/recaptcha/releases/w_Yb7dGGXaKesJ7BMiqFJqBG/recaptcha__en.js"
      }, {
         "columnNumber": 42,
         "functionName": "iG.render",
         "lineNumber": 1561,
         "scriptId": "79",
         "url": "https://www.gstatic.com/recaptcha/releases/w_Yb7dGGXaKesJ7BMiqFJqBG/recaptcha__en.js"
      }, {
         "columnNumber": 295,
         "functionName": "",
         "lineNumber": 531,
         "scriptId": "79",
         "url": "https://www.gstatic.com/recaptcha/releases/w_Yb7dGGXaKesJ7BMiqFJqBG/recaptcha__en.js"
      }, {
         "columnNumber": 320,
         "functionName": "",
         "lineNumber": 444,
         "scriptId": "79",
         "url": "https://www.gstatic.com/recaptcha/releases/w_Yb7dGGXaKesJ7BMiqFJqBG/recaptcha__en.js"
      }, {
         "columnNumber": 159,
         "functionName": "",
         "lineNumber": 686,
         "scriptId": "79",
         "url": "https://www.gstatic.com/recaptcha/releases/w_Yb7dGGXaKesJ7BMiqFJqBG/recaptcha__en.js"
      }, {
         "columnNumber": 139,
         "functionName": "kM",
         "lineNumber": 827,
         "scriptId": "79",
         "url": "https://www.gstatic.com/recaptcha/releases/w_Yb7dGGXaKesJ7BMiqFJqBG/recaptcha__en.js"
      }, {
         "columnNumber": 43,
         "functionName": "",
         "lineNumber": 64,
         "scriptId": "79",
         "url": "https://www.gstatic.com/recaptcha/releases/w_Yb7dGGXaKesJ7BMiqFJqBG/recaptcha__en.js"
      }, {
         "columnNumber": 263,
         "functionName": "",
         "lineNumber": 375,
         "scriptId": "79",
         "url": "https://www.gstatic.com/recaptcha/releases/w_Yb7dGGXaKesJ7BMiqFJqBG/recaptcha__en.js"
      }, {
         "columnNumber": 204,
         "functionName": "Wo.\u003Ccomputed>.\u003Ccomputed>.\u003Ccomputed>.Wo.\u003Ccomputed>.\u003Ccomputed>.\u003Ccomputed>",
         "lineNumber": 624,
         "scriptId": "79",
         "url": "https://www.gstatic.com/recaptcha/releases/w_Yb7dGGXaKesJ7BMiqFJqBG/recaptcha__en.js"
      }, {
         "columnNumber": 138,
         "functionName": "",
         "lineNumber": 625,
         "scriptId": "79",
         "url": "https://www.gstatic.com/recaptcha/releases/w_Yb7dGGXaKesJ7BMiqFJqBG/recaptcha__en.js"
      }, {
         "columnNumber": 130,
         "functionName": "",
         "lineNumber": 515,
         "scriptId": "79",
         "url": "https://www.gstatic.com/recaptcha/releases/w_Yb7dGGXaKesJ7BMiqFJqBG/recaptcha__en.js"
      }, {
         "columnNumber": 84,
         "functionName": "",
         "lineNumber": 625,
         "scriptId": "79",
         "url": "https://www.gstatic.com/recaptcha/releases/w_Yb7dGGXaKesJ7BMiqFJqBG/recaptcha__en.js"
      }, {
         "columnNumber": 454,
         "functionName": "",
         "lineNumber": 1582,
         "scriptId": "79",
         "url": "https://www.gstatic.com/recaptcha/releases/w_Yb7dGGXaKesJ7BMiqFJqBG/recaptcha__en.js"
      }, {
         "columnNumber": 195,
         "functionName": "",
         "lineNumber": 1624,
         "scriptId": "79",
         "url": "https://www.gstatic.com/recaptcha/releases/w_Yb7dGGXaKesJ7BMiqFJqBG/recaptcha__en.js"
      } ]
   }
}
[1785844912.557][DEBUG]: DevTools WebSocket Event: Page.frameRequestedNavigation (session_id=6B5F1EB51F18E17137D824F0EDF637C5) F1BCCB5B21A87D794D53A7AF1A5C5093 {
   "disposition": "currentTab",
   "frameId": "44BB8B9DD5D485F8AA650C854CD2DAE1",
   "reason": "initialFrameNavigation",
   "url": "https://www.google.com/recaptcha/enterprise/anchor?ar=1&k=6LfirrMoAAAAAHZOipvza4kpp_VtTwLNuXVwURNQ&co=aHR0cHM6Ly93d3cucmVkZGl0LmNvbTo0NDM.&hl=en&v=w_Yb7dGGXaKesJ7BMiqFJqBG&size=invisible&anchor-ms=..."
}
[1785844912.571][DEBUG]: DevTools WebSocket Event: Page.frameStartedNavigating (session_id=6B5F1EB51F18E17137D824F0EDF637C5) F1BCCB5B21A87D794D53A7AF1A5C5093 {
   "frameId": "44BB8B9DD5D485F8AA650C854CD2DAE1",
   "loaderId": "CD4A27D5738295658D9086C8B00EC226",
   "navigationType": "differentDocument",
   "url": "https://www.google.com/recaptcha/enterprise/anchor?ar=1&k=6LfirrMoAAAAAHZOipvza4kpp_VtTwLNuXVwURNQ&co=aHR0cHM6Ly93d3cucmVkZGl0LmNvbTo0NDM.&hl=en&v=w_Yb7dGGXaKesJ7BMiqFJqBG&size=invisible&anchor-ms=..."
}
[1785844912.571][DEBUG]: DevTools WebSocket Event: Page.frameStartedLoading (session_id=6B5F1EB51F18E17137D824F0EDF637C5) F1BCCB5B21A87D794D53A7AF1A5C5093 {
   "frameId": "44BB8B9DD5D485F8AA650C854CD2DAE1"
}
[1785844912.577][DEBUG]: DevTools WebSocket Event: Runtime.executionContextCreated (session_id=6B5F1EB51F18E17137D824F0EDF637C5) F1BCCB5B21A87D794D53A7AF1A5C5093 {
   "context": {
      "auxData": {
         "frameId": "44BB8B9DD5D485F8AA650C854CD2DAE1",
         "isDefault": true,
         "type": "default"
      },
      "id": 4,
      "name": "",
      "origin": "https://www.reddit.com",
      "uniqueId": "2360624835277642444.1579646554494388011"
   }
}
[1785844912.589][DEBUG]: DevTools WebSocket Response: Runtime.evaluate (id=22) (session_id=6B5F1EB51F18E17137D824F0EDF637C5) F1BCCB5B21A87D794D53A7AF1A5C5093 {
   "result": {
      "description": "1",
      "type": "number",
      "value": 1
   }
}
[1785844912.899][DEBUG]: DevTools WebSocket Event: Target.attachedToTarget (session_id=6B5F1EB51F18E17137D824F0EDF637C5) F1BCCB5B21A87D794D53A7AF1A5C5093 {
   "sessionId": "421BD56E2E97F4D0522381843F915F80",
   "targetInfo": {
      "attached": true,
      "browserContextId": "848280274A9631CFC501307315014F8D",
      "canAccessOpener": false,
      "parentFrameId": "F1BCCB5B21A87D794D53A7AF1A5C5093",
      "parentId": "F1BCCB5B21A87D794D53A7AF1A5C5093",
      "targetId": "44BB8B9DD5D485F8AA650C854CD2DAE1",
      "title": "",
      "type": "iframe",
      "url": ""
   },
   "waitingForDebugger": false
}
[1785844912.899][DEBUG]: DevTools WebSocket Command: Page.enable (id=23) (session_id=421BD56E2E97F4D0522381843F915F80) 421BD56E2E97F4D0522381843F915F80 {
}
[1785844912.899][DEBUG]: DevTools WebSocket Command: Page.addScriptToEvaluateOnNewDocument (id=24) (session_id=421BD56E2E97F4D0522381843F915F80) 421BD56E2E97F4D0522381843F915F80 {
   "source": "(function () {window.cdc_adoQpoasnfa76pfcZLmcfl_Array = window.Array;window.cdc_adoQpoasnfa76pfcZLmcfl_Object = window.Object;window.cdc_adoQpoasnfa76pfcZLmcfl_Promise = window.Promise;window.cdc_a..."
}
[1785844912.901][DEBUG]: DevTools WebSocket Command: Runtime.evaluate (id=25) (session_id=421BD56E2E97F4D0522381843F915F80) 421BD56E2E97F4D0522381843F915F80 {
   "expression": "(function () {window.cdc_adoQpoasnfa76pfcZLmcfl_Array = window.Array;window.cdc_adoQpoasnfa76pfcZLmcfl_Object = window.Object;window.cdc_adoQpoasnfa76pfcZLmcfl_Promise = window.Promise;window.cdc_a..."
}
[1785844912.901][DEBUG]: DevTools WebSocket Command: Target.setAutoAttach (id=26) (session_id=421BD56E2E97F4D0522381843F915F80) 421BD56E2E97F4D0522381843F915F80 {
   "autoAttach": true,
   "flatten": true,
   "waitForDebuggerOnStart": false
}
[1785844912.924][DEBUG]: DevTools WebSocket Event: Target.targetInfoChanged (session_id=6B5F1EB51F18E17137D824F0EDF637C5) F1BCCB5B21A87D794D53A7AF1A5C5093 {
   "targetInfo": {
      "attached": true,
      "browserContextId": "848280274A9631CFC501307315014F8D",
      "canAccessOpener": false,
      "parentFrameId": "F1BCCB5B21A87D794D53A7AF1A5C5093",
      "parentId": "F1BCCB5B21A87D794D53A7AF1A5C5093",
      "targetId": "44BB8B9DD5D485F8AA650C854CD2DAE1",
      "title": "https://www.google.com/recaptcha/enterprise/anchor?ar=1&k=6LfirrMoAAAAAHZOipvza4kpp_VtTwLNuXVwURNQ&co=aHR0cHM6Ly93d3cucmVkZGl0LmNvbTo0NDM.&hl=en&v=w_Yb7dGGXaKesJ7BMiqFJqBG&size=invisible&anchor-ms=...",
      "type": "iframe",
      "url": "https://www.google.com/recaptcha/enterprise/anchor?ar=1&k=6LfirrMoAAAAAHZOipvza4kpp_VtTwLNuXVwURNQ&co=aHR0cHM6Ly93d3cucmVkZGl0LmNvbTo0NDM.&hl=en&v=w_Yb7dGGXaKesJ7BMiqFJqBG&size=invisible&anchor-ms=..."
   }
}
[1785844912.931][DEBUG]: DevTools WebSocket Event: Page.frameDetached (session_id=6B5F1EB51F18E17137D824F0EDF637C5) F1BCCB5B21A87D794D53A7AF1A5C5093 {
   "frameId": "44BB8B9DD5D485F8AA650C854CD2DAE1",
   "reason": "swap"
}
[1785844912.931][DEBUG]: DevTools WebSocket Event: Runtime.executionContextDestroyed (session_id=6B5F1EB51F18E17137D824F0EDF637C5) F1BCCB5B21A87D794D53A7AF1A5C5093 {
   "executionContextId": 4,
   "executionContextUniqueId": "2360624835277642444.1579646554494388011"
}
[1785844912.943][DEBUG]: DevTools WebSocket Response: Page.enable (id=23) (session_id=421BD56E2E97F4D0522381843F915F80) 421BD56E2E97F4D0522381843F915F80 {
}
[1785844912.944][DEBUG]: DevTools WebSocket Response: Page.addScriptToEvaluateOnNewDocument (id=24) (session_id=421BD56E2E97F4D0522381843F915F80) 421BD56E2E97F4D0522381843F915F80 {
   "identifier": "1"
}
[1785844912.945][DEBUG]: DevTools WebSocket Response: Runtime.evaluate (id=25) (session_id=421BD56E2E97F4D0522381843F915F80) 421BD56E2E97F4D0522381843F915F80 {
   "result": {
      "type": "undefined"
   }
}
[1785844912.945][DEBUG]: DevTools WebSocket Response: Target.setAutoAttach (id=26) (session_id=421BD56E2E97F4D0522381843F915F80) 421BD56E2E97F4D0522381843F915F80 {
}
[1785844912.945][DEBUG]: DevTools WebSocket Command: Runtime.enable (id=27) (session_id=421BD56E2E97F4D0522381843F915F80) 421BD56E2E97F4D0522381843F915F80 {
}
[1785844912.951][DEBUG]: DevTools WebSocket Event: Runtime.executionContextCreated (session_id=421BD56E2E97F4D0522381843F915F80) 421BD56E2E97F4D0522381843F915F80 {
   "context": {
      "auxData": {
         "frameId": "44BB8B9DD5D485F8AA650C854CD2DAE1",
         "isDefault": true,
         "type": "default"
      },
      "id": 1,
      "name": "",
      "origin": "https://www.google.com",
      "uniqueId": "6541122099290481984.2198315974306426838"
   }
}
[1785844912.951][DEBUG]: DevTools WebSocket Response: Runtime.enable (id=27) (session_id=421BD56E2E97F4D0522381843F915F80) 421BD56E2E97F4D0522381843F915F80 {
}
[1785844912.951][DEBUG]: DevTools WebSocket Command: Runtime.evaluate (id=28) (session_id=6B5F1EB51F18E17137D824F0EDF637C5) F1BCCB5B21A87D794D53A7AF1A5C5093 {
   "expression": "1"
}
[1785844912.954][DEBUG]: DevTools WebSocket Response: Runtime.evaluate (id=28) (session_id=6B5F1EB51F18E17137D824F0EDF637C5) F1BCCB5B21A87D794D53A7AF1A5C5093 {
   "result": {
      "description": "1",
      "type": "number",
      "value": 1
   }
}
[1785844912.954][DEBUG]: DevTools WebSocket Command: Runtime.evaluate (id=29) (session_id=6B5F1EB51F18E17137D824F0EDF637C5) F1BCCB5B21A87D794D53A7AF1A5C5093 {
   "expression": "document",
   "objectGroup": "91a32b18-3183-4832-b6ae-f878e41adde7"
}
[1785844912.959][DEBUG]: DevTools WebSocket Response: Runtime.evaluate (id=29) (session_id=6B5F1EB51F18E17137D824F0EDF637C5) F1BCCB5B21A87D794D53A7AF1A5C5093 {
   "result": {
      "className": "HTMLDocument",
      "description": "#document",
      "objectId": "3280294668383185029.1.2",
      "subtype": "node",
      "type": "object"
   }
}
[1785844912.959][DEBUG]: DevTools WebSocket Command: DOM.describeNode (id=30) (session_id=6B5F1EB51F18E17137D824F0EDF637C5) F1BCCB5B21A87D794D53A7AF1A5C5093 {
   "objectId": "3280294668383185029.1.2"
}
[1785844912.964][DEBUG]: DevTools WebSocket Response: DOM.describeNode (id=30) (session_id=6B5F1EB51F18E17137D824F0EDF637C5) F1BCCB5B21A87D794D53A7AF1A5C5093 {
   "node": {
      "backendNodeId": 29,
      "baseURL": "https://www.reddit.com/r/IsThisAScamIndia/comments/1v0vr5k/title_paid_1500_via_upi_seller_deleted_reddit/",
      "childNodeCount": 2,
      "compatibilityMode": "NoQuirksMode",
      "documentURL": "https://www.reddit.com/r/IsThisAScamIndia/comments/1v0vr5k/title_paid_1500_via_upi_seller_deleted_reddit/",
      "isScrollable": true,
      "localName": "",
      "nodeId": 0,
      "nodeName": "#document",
      "nodeType": 9,
      "nodeValue": "",
      "xmlVersion": ""
   }
}
[1785844912.964][DEBUG]: DevTools WebSocket Command: Runtime.releaseObjectGroup (id=31) (session_id=6B5F1EB51F18E17137D824F0EDF637C5) F1BCCB5B21A87D794D53A7AF1A5C5093 {
   "objectGroup": "91a32b18-3183-4832-b6ae-f878e41adde7"
}
[1785844912.967][DEBUG]: DevTools WebSocket Command: Runtime.evaluate (id=32) (session_id=6B5F1EB51F18E17137D824F0EDF637C5) F1BCCB5B21A87D794D53A7AF1A5C5093 {
   "awaitPromise": false,
   "expression": "document.readyState",
   "returnByValue": true,
   "uniqueContextId": "-6680027772082082329.-8331024923993458683"
}
[1785844912.970][DEBUG]: DevTools WebSocket Response: Runtime.releaseObjectGroup (id=31) (session_id=6B5F1EB51F18E17137D824F0EDF637C5) F1BCCB5B21A87D794D53A7AF1A5C5093 {
}
[1785844912.970][DEBUG]: DevTools WebSocket Response: Runtime.evaluate (id=32) (session_id=6B5F1EB51F18E17137D824F0EDF637C5) F1BCCB5B21A87D794D53A7AF1A5C5093 {
   "result": {
      "type": "string",
      "value": "interactive"
   }
}
[1785844913.216][DEBUG]: DevTools WebSocket Event: Page.frameAttached (session_id=6B5F1EB51F18E17137D824F0EDF637C5) F1BCCB5B21A87D794D53A7AF1A5C5093 {
   "frameId": "BF50565086A2201F7E4F269DCED702C1",
   "parentFrameId": "F1BCCB5B21A87D794D53A7AF1A5C5093",
   "stack": {
      "callFrames": [ {
         "columnNumber": 183,
         "functionName": "",
         "lineNumber": 282,
         "scriptId": "79",
         "url": "https://www.gstatic.com/recaptcha/releases/w_Yb7dGGXaKesJ7BMiqFJqBG/recaptcha__en.js"
      }, {
         "columnNumber": 253,
         "functionName": "",
         "lineNumber": 165,
         "scriptId": "79",
         "url": "https://www.gstatic.com/recaptcha/releases/w_Yb7dGGXaKesJ7BMiqFJqBG/recaptcha__en.js"
      }, {
         "columnNumber": 260,
         "functionName": "",
         "lineNumber": 214,
         "scriptId": "79",
         "url": "https://www.gstatic.com/recaptcha/releases/w_Yb7dGGXaKesJ7BMiqFJqBG/recaptcha__en.js"
      }, {
         "columnNumber": 257,
         "functionName": "",
         "lineNumber": 127,
         "scriptId": "79",
         "url": "https://www.gstatic.com/recaptcha/releases/w_Yb7dGGXaKesJ7BMiqFJqBG/recaptcha__en.js"
      }, {
         "columnNumber": 239,
         "functionName": "r.next",
         "lineNumber": 679,
         "scriptId": "79",
         "url": "https://www.gstatic.com/recaptcha/releases/w_Yb7dGGXaKesJ7BMiqFJqBG/recaptcha__en.js"
      }, {
         "columnNumber": 371,
         "functionName": "",
         "lineNumber": 138,
         "scriptId": "79",
         "url": "https://www.gstatic.com/recaptcha/releases/w_Yb7dGGXaKesJ7BMiqFJqBG/recaptcha__en.js"
      }, {
         "columnNumber": 264,
         "functionName": "",
         "lineNumber": 138,
         "scriptId": "79",
         "url": "https://www.gstatic.com/recaptcha/releases/w_Yb7dGGXaKesJ7BMiqFJqBG/recaptcha__en.js"
      }, {
         "columnNumber": 69,
         "functionName": "",
         "lineNumber": 722,
         "scriptId": "79",
         "url": "https://www.gstatic.com/recaptcha/releases/w_Yb7dGGXaKesJ7BMiqFJqBG/recaptcha__en.js"
      }, {
         "columnNumber": 178,
         "functionName": "",
         "lineNumber": 214,
         "scriptId": "79",
         "url": "https://www.gstatic.com/recaptcha/releases/w_Yb7dGGXaKesJ7BMiqFJqBG/recaptcha__en.js"
      }, {
         "columnNumber": 433,
         "functionName": "",
         "lineNumber": 504,
         "scriptId": "79",
         "url": "https://www.gstatic.com/recaptcha/releases/w_Yb7dGGXaKesJ7BMiqFJqBG/recaptcha__en.js"
      }, {
         "columnNumber": 257,
         "functionName": "",
         "lineNumber": 127,
         "scriptId": "79",
         "url": "https://www.gstatic.com/recaptcha/releases/w_Yb7dGGXaKesJ7BMiqFJqBG/recaptcha__en.js"
      }, {
         "columnNumber": 239,
         "functionName": "r.next",
         "lineNumber": 679,
         "scriptId": "79",
         "url": "https://www.gstatic.com/recaptcha/releases/w_Yb7dGGXaKesJ7BMiqFJqBG/recaptcha__en.js"
      }, {
         "columnNumber": 371,
         "functionName": "",
         "lineNumber": 138,
         "scriptId": "79",
         "url": "https://www.gstatic.com/recaptcha/releases/w_Yb7dGGXaKesJ7BMiqFJqBG/recaptcha__en.js"
      }, {
         "columnNumber": 264,
         "functionName": "",
         "lineNumber": 138,
         "scriptId": "79",
         "url": "https://www.gstatic.com/recaptcha/releases/w_Yb7dGGXaKesJ7BMiqFJqBG/recaptcha__en.js"
      }, {
         "columnNumber": 69,
         "functionName": "",
         "lineNumber": 722,
         "scriptId": "79",
         "url": "https://www.gstatic.com/recaptcha/releases/w_Yb7dGGXaKesJ7BMiqFJqBG/recaptcha__en.js"
      }, {
         "columnNumber": 369,
         "functionName": "",
         "lineNumber": 504,
         "scriptId": "79",
         "url": "https://www.gstatic.com/recaptcha/releases/w_Yb7dGGXaKesJ7BMiqFJqBG/recaptcha__en.js"
      }, {
         "columnNumber": 456,
         "functionName": "",
         "lineNumber": 1422,
         "scriptId": "79",
         "url": "https://www.gstatic.com/recaptcha/releases/w_Yb7dGGXaKesJ7BMiqFJqBG/recaptcha__en.js"
      }, {
         "columnNumber": 257,
         "functionName": "",
         "lineNumber": 127,
         "scriptId": "79",
         "url": "https://www.gstatic.com/recaptcha/releases/w_Yb7dGGXaKesJ7BMiqFJqBG/recaptcha__en.js"
      }, {
         "columnNumber": 239,
         "functionName": "r.next",
         "lineNumber": 679,
         "scriptId": "79",
         "url": "https://www.gstatic.com/recaptcha/releases/w_Yb7dGGXaKesJ7BMiqFJqBG/recaptcha__en.js"
      }, "..." ]
   }
}
[1785844913.216][DEBUG]: DevTools WebSocket Event: Page.frameRequestedNavigation (session_id=6B5F1EB51F18E17137D824F0EDF637C5) F1BCCB5B21A87D794D53A7AF1A5C5093 {
   "disposition": "currentTab",
   "frameId": "BF50565086A2201F7E4F269DCED702C1",
   "reason": "initialFrameNavigation",
   "url": "about:blank"
}
[1785844913.216][DEBUG]: DevTools WebSocket Event: Page.frameNavigated (session_id=6B5F1EB51F18E17137D824F0EDF637C5) F1BCCB5B21A87D794D53A7AF1A5C5093 {
   "frame": {
      "adFrameStatus": {
         "adFrameType": "none",
         "explanations": [  ]
      },
      "crossOriginIsolatedContextType": "NotIsolated",
      "domainAndRegistry": "",
      "gatedAPIFeatures": [  ],
      "id": "BF50565086A2201F7E4F269DCED702C1",
      "loaderId": "EECD19FF1B401BE617A1C30BE04A75C1",
      "mimeType": "text/html",
      "name": "",
      "parentId": "F1BCCB5B21A87D794D53A7AF1A5C5093",
      "secureContextType": "Secure",
      "securityOrigin": "://",
      "securityOriginDetails": {
         "isLocalhost": false
      },
      "url": "about:blank"
   },
   "type": "Navigation"
}
[1785844913.216][DEBUG]: DevTools WebSocket Event: Page.frameStartedLoading (session_id=6B5F1EB51F18E17137D824F0EDF637C5) F1BCCB5B21A87D794D53A7AF1A5C5093 {
   "frameId": "BF50565086A2201F7E4F269DCED702C1"
}
[1785844913.216][DEBUG]: DevTools WebSocket Command: Runtime.evaluate (id=33) (session_id=6B5F1EB51F18E17137D824F0EDF637C5) F1BCCB5B21A87D794D53A7AF1A5C5093 {
   "expression": "1"
}
[1785844913.223][DEBUG]: DevTools WebSocket Event: Runtime.executionContextCreated (session_id=6B5F1EB51F18E17137D824F0EDF637C5) F1BCCB5B21A87D794D53A7AF1A5C5093 {
   "context": {
      "auxData": {
         "frameId": "BF50565086A2201F7E4F269DCED702C1",
         "isDefault": true,
         "type": "default"
      },
      "id": 5,
      "name": "",
      "origin": "https://www.reddit.com",
      "uniqueId": "2045558371557005692.-8844134210092233913"
   }
}
[1785844913.223][DEBUG]: DevTools WebSocket Event: Page.frameStoppedLoading (session_id=6B5F1EB51F18E17137D824F0EDF637C5) F1BCCB5B21A87D794D53A7AF1A5C5093 {
   "frameId": "BF50565086A2201F7E4F269DCED702C1"
}
[1785844913.282][DEBUG]: DevTools WebSocket Response: Runtime.evaluate (id=33) (session_id=6B5F1EB51F18E17137D824F0EDF637C5) F1BCCB5B21A87D794D53A7AF1A5C5093 {
   "result": {
      "description": "1",
      "type": "number",
      "value": 1
   }
}
[1785844913.399][DEBUG]: DevTools WebSocket Event: Target.attachedToTarget (session_id=421BD56E2E97F4D0522381843F915F80) 421BD56E2E97F4D0522381843F915F80 {
   "sessionId": "9385E3991DC70E17DABCC6655C94CEB1",
   "targetInfo": {
      "attached": true,
      "browserContextId": "848280274A9631CFC501307315014F8D",
      "canAccessOpener": false,
      "parentFrameId": "44BB8B9DD5D485F8AA650C854CD2DAE1",
      "parentId": "44BB8B9DD5D485F8AA650C854CD2DAE1",
      "targetId": "C6FF39589D1BD5B37085ECC748F5C6FA",
      "title": "https://www.google.com/recaptcha/enterprise/webworker.js?hl=en&v=w_Yb7dGGXaKesJ7BMiqFJqBG",
      "type": "worker",
      "url": "https://www.google.com/recaptcha/enterprise/webworker.js?hl=en&v=w_Yb7dGGXaKesJ7BMiqFJqBG"
   },
   "waitingForDebugger": false
}
[1785844913.399][DEBUG]: DevTools WebSocket Command: Runtime.evaluate (id=34) (session_id=6B5F1EB51F18E17137D824F0EDF637C5) F1BCCB5B21A87D794D53A7AF1A5C5093 {
   "expression": "1"
}
[1785844913.461][DEBUG]: DevTools WebSocket Response: Runtime.evaluate (id=34) (session_id=6B5F1EB51F18E17137D824F0EDF637C5) F1BCCB5B21A87D794D53A7AF1A5C5093 {
   "result": {
      "description": "1",
      "type": "number",
      "value": 1
   }
}
[1785844913.541][DEBUG]: DevTools WebSocket Event: Page.domContentEventFired (session_id=421BD56E2E97F4D0522381843F915F80) 421BD56E2E97F4D0522381843F915F80 {
   "timestamp": 70229.765062
}
[1785844913.541][DEBUG]: DevTools WebSocket Event: Page.loadEventFired (session_id=421BD56E2E97F4D0522381843F915F80) 421BD56E2E97F4D0522381843F915F80 {
   "timestamp": 70229.765829
}
[1785844913.541][DEBUG]: DevTools WebSocket Event: Page.frameStoppedLoading (session_id=421BD56E2E97F4D0522381843F915F80) 421BD56E2E97F4D0522381843F915F80 {
   "frameId": "44BB8B9DD5D485F8AA650C854CD2DAE1"
}
[1785844913.541][DEBUG]: DevTools WebSocket Command: Runtime.evaluate (id=35) (session_id=6B5F1EB51F18E17137D824F0EDF637C5) F1BCCB5B21A87D794D53A7AF1A5C5093 {
   "expression": "1"
}
[25479:25479:0804/173153.551710:INFO:CONSOLE:4] "A preload for 'https://www.reddit.com/svc/events/preload-head?renderId=6b35ef54-2fe4-4f90-a8de-66746e010339&pageType=post_detail' is found, but is not used because the request credentials mode does not match. Consider taking a look at crossorigin attribute.", source: data:text/javascript,%0A%20%20%20%20%20%20%20%20window.STICKY_CANARY%20%3D%20'false'%3B%0A%20%20%20%20%20%20%20%20window.PRE_PRODUCTION%20%3D%20'false'%3B%0A%20%20%20%20%20%20%20%20if(%22fetch%22in%20window)%7Bconst%20n%3Dwindow.fetch%3Bwindow.fetch%3Dfunction(e%2Ct)%7Bconst%20r%3Dnew%20Headers(t%3F.headers%3F%3F(e%20instanceof%20Request%3Fe.headers%3Avoid%200))%2Ca%3De%20instanceof%20Request%3Fe.url%3Ae%2Co%3D!new%20URLSearchParams(a).has(%22x_use_preprod%22)%3Breturn%22true%22%3D%3D%3Dwindow.PRE_PRODUCTION%26%26o%26%26function(n)%7Bif(%22string%22%3D%3Dtypeof%20n%26%26n.match(%2F%5E%5C%2F%2F))return!0%3Bconst%20e%3Dn%20instanceof%20URL%3Fn%3Anew%20URL(n)%3Breturn%20window.location.host%3D%3D%3De.host%7D(a)%26%26r.set(%22X-Use-Preprod%22%2C%22always%22)%2Cn(e%2C%7B...t%7C%7C%7B%7D%2Cheaders%3Ar%7D)%7D%7Dif(%22sendBeacon%22in%20navigator)%7Bconst%20n%3Dnavigator.sendBeacon.bind(navigator)%3Bnavigator.sendBeacon%3Dfunction(e%2Ct)%7Bconst%20r%3Dfunction(n)%7Bif(%22true%22!%3D%3Dwindow.PRE_PRODUCTION)return%20n%3Bconst%20e%3Dn%20instanceof%20URL%3Fn%3Anew%20URL(n%2Cdocument.baseURI)%3Bif(!e.searchParams.has(%22x_use_preprod%22))return%20e.searchParams.set(%22x_use_preprod%22%2C%22always%22)%2Ce.toString()%3Breturn%20n%7D(e)%3Breturn%20n.call(navigator%2Cr%2Ct)%7D%7Dvar%20n%3D%7B%7D%3Bexport%7Bn%20as%20default%7D%3B%0A%3B%0A%20%20%20%20%20%20 (4)
[1785844913.555][DEBUG]: DevTools WebSocket Event: Log.entryAdded (session_id=6B5F1EB51F18E17137D824F0EDF637C5) F1BCCB5B21A87D794D53A7AF1A5C5093 {
   "entry": {
      "level": "warning",
      "lineNumber": 3,
      "source": "other",
      "stackTrace": {
         "callFrames": [ {
            "columnNumber": 440,
            "functionName": "window.fetch",
            "lineNumber": 3,
            "scriptId": "11",
            "url": ""
         }, {
            "columnNumber": 182385,
            "functionName": "apply",
            "lineNumber": 6,
            "scriptId": "22",
            "url": "https://www.redditstatic.com/js/concat?prefix=en-US/&chunks=CuwoqDoBPD,Dx0EaY5eE7,sef8IJAfJW"
         }, {
            "columnNumber": 15498,
            "functionName": "",
            "lineNumber": 0,
            "scriptId": "70",
            "url": "https://www.redditstatic.com/shreddit/sentry-DswLfAC_.js"
         }, {
            "columnNumber": 87,
            "functionName": "",
            "lineNumber": 19,
            "scriptId": "7",
            "url": "https://www.reddit.com/r/IsThisAScamIndia/comments/1v0vr5k/title_paid_1500_via_upi_seller_deleted_reddit/"
         } ]
      },
      "text": "A preload for 'https://www.reddit.com/svc/events/preload-head?renderId=6b35ef54-2fe4-4f90-a8de-66746e010339&pageType=post_detail' is found, but is not used because the request credentials mode does...",
      "timestamp": 1.785844913545943e+12,
      "url": "data:text/javascript,%0A%20%20%20%20%20%20%20%20window.STICKY_CANARY%20%3D%20'false'%3B%0A%20%20%20%20%20%20%20%20window.PRE_PRODUCTION%20%3D%20'false'%3B%0A%20%20%20%20%20%20%20%20if(%22fetch%22in..."
   }
}
[1785844913.601][DEBUG]: DevTools WebSocket Event: Page.loadEventFired (session_id=6B5F1EB51F18E17137D824F0EDF637C5) F1BCCB5B21A87D794D53A7AF1A5C5093 {
   "timestamp": 70229.783216
}
[1785844913.601][DEBUG]: DevTools WebSocket Command: Runtime.evaluate (id=36) (session_id=6B5F1EB51F18E17137D824F0EDF637C5) F1BCCB5B21A87D794D53A7AF1A5C5093 {
   "awaitPromise": false,
   "expression": "document.readyState",
   "returnByValue": true,
   "uniqueContextId": "-6680027772082082329.-8331024923993458683"
}
[1785844913.602][DEBUG]: DevTools WebSocket Event: Page.frameStoppedLoading (session_id=6B5F1EB51F18E17137D824F0EDF637C5) F1BCCB5B21A87D794D53A7AF1A5C5093 {
   "frameId": "F1BCCB5B21A87D794D53A7AF1A5C5093"
}
[1785844913.602][DEBUG]: DevTools WebSocket Response: Runtime.evaluate (id=35) (session_id=6B5F1EB51F18E17137D824F0EDF637C5) F1BCCB5B21A87D794D53A7AF1A5C5093 {
   "result": {
      "description": "1",
      "type": "number",
      "value": 1
   }
}
[25479:25479:0804/173153.663336:INFO:CONSOLE:0] "<meta name="apple-mobile-web-app-capable" content="yes"> is deprecated. Please include <meta name="mobile-web-app-capable" content="yes">", source: https://www.reddit.com/r/IsThisAScamIndia/comments/1v0vr5k/title_paid_1500_via_upi_seller_deleted_reddit/ (0)
[1785844913.686][DEBUG]: DevTools WebSocket Event: Log.entryAdded (session_id=6B5F1EB51F18E17137D824F0EDF637C5) F1BCCB5B21A87D794D53A7AF1A5C5093 {
   "entry": {
      "level": "warning",
      "source": "other",
      "text": "\u003Cmeta name=\"apple-mobile-web-app-capable\" content=\"yes\"> is deprecated. Please include \u003Cmeta name=\"mobile-web-app-capable\" content=\"yes\">",
      "timestamp": 1.785844913657041e+12,
      "url": "https://www.reddit.com/r/IsThisAScamIndia/comments/1v0vr5k/title_paid_1500_via_upi_seller_deleted_reddit/"
   }
}
[1785844913.686][DEBUG]: DevTools WebSocket Response: Runtime.evaluate (id=36) (session_id=6B5F1EB51F18E17137D824F0EDF637C5) F1BCCB5B21A87D794D53A7AF1A5C5093 {
   "result": {
      "type": "string",
      "value": "complete"
   }
}
[1785844913.686][INFO]: Done waiting for pending navigations. Status: ok
[1785844913.686][INFO]: [a90c3b2f4a48d5352240843ed6bac79e] RESPONSE Navigate
[25479:25479:0804/173153.845802:INFO:CONSOLE:0] "Banner not shown: beforeinstallpromptevent.preventDefault() called. The page must call beforeinstallpromptevent.prompt() to show the banner.", source: https://www.reddit.com/r/IsThisAScamIndia/comments/1v0vr5k/title_paid_1500_via_upi_seller_deleted_reddit/ (0)
[1785844918.770][INFO]: [a90c3b2f4a48d5352240843ed6bac79e] COMMAND Screenshot {
}
[1785844918.770][DEBUG]: DevTools WebSocket Event: Log.entryAdded (session_id=6B5F1EB51F18E17137D824F0EDF637C5) F1BCCB5B21A87D794D53A7AF1A5C5093 {
   "entry": {
      "level": "info",
      "source": "other",
      "text": "Banner not shown: beforeinstallpromptevent.preventDefault() called. The page must call beforeinstallpromptevent.prompt() to show the banner.",
      "timestamp": 1.785844913842067e+12,
      "url": "https://www.reddit.com/r/IsThisAScamIndia/comments/1v0vr5k/title_paid_1500_via_upi_seller_deleted_reddit/"
   }
}
[1785844918.772][DEBUG]: DevTools WebSocket Event: Page.frameAttached (session_id=421BD56E2E97F4D0522381843F915F80) 421BD56E2E97F4D0522381843F915F80 {
   "frameId": "BC1F534E4A106EC898A6B9717A2A7DA0",
   "parentFrameId": "44BB8B9DD5D485F8AA650C854CD2DAE1",
   "stack": {
      "callFrames": [ {
         "columnNumber": 183,
         "functionName": "",
         "lineNumber": 282,
         "scriptId": "7",
         "url": "https://www.gstatic.com/recaptcha/releases/w_Yb7dGGXaKesJ7BMiqFJqBG/recaptcha__en.js"
      }, {
         "columnNumber": 326,
         "functionName": "",
         "lineNumber": 1198,
         "scriptId": "7",
         "url": "https://www.gstatic.com/recaptcha/releases/w_Yb7dGGXaKesJ7BMiqFJqBG/recaptcha__en.js"
      }, {
         "columnNumber": 309,
         "functionName": "",
         "lineNumber": 1205,
         "scriptId": "7",
         "url": "https://www.gstatic.com/recaptcha/releases/w_Yb7dGGXaKesJ7BMiqFJqBG/recaptcha__en.js"
      }, {
         "columnNumber": 202,
         "functionName": "",
         "lineNumber": 352,
         "scriptId": "7",
         "url": "https://www.gstatic.com/recaptcha/releases/w_Yb7dGGXaKesJ7BMiqFJqBG/recaptcha__en.js"
      }, {
         "columnNumber": 194,
         "functionName": "",
         "lineNumber": 221,
         "scriptId": "7",
         "url": "https://www.gstatic.com/recaptcha/releases/w_Yb7dGGXaKesJ7BMiqFJqBG/recaptcha__en.js"
      }, {
         "columnNumber": 201,
         "functionName": "",
         "lineNumber": 575,
         "scriptId": "7",
         "url": "https://www.gstatic.com/recaptcha/releases/w_Yb7dGGXaKesJ7BMiqFJqBG/recaptcha__en.js"
      }, {
         "columnNumber": 94,
         "functionName": "",
         "lineNumber": 386,
         "scriptId": "7",
         "url": "https://www.gstatic.com/recaptcha/releases/w_Yb7dGGXaKesJ7BMiqFJqBG/recaptcha__en.js"
      }, {
         "columnNumber": 257,
         "functionName": "",
         "lineNumber": 127,
         "scriptId": "7",
         "url": "https://www.gstatic.com/recaptcha/releases/w_Yb7dGGXaKesJ7BMiqFJqBG/recaptcha__en.js"
      }, {
         "columnNumber": 239,
         "functionName": "r.next",
         "lineNumber": 679,
         "scriptId": "7",
         "url": "https://www.gstatic.com/recaptcha/releases/w_Yb7dGGXaKesJ7BMiqFJqBG/recaptcha__en.js"
      }, {
         "columnNumber": 371,
         "functionName": "",
         "lineNumber": 138,
         "scriptId": "7",
         "url": "https://www.gstatic.com/recaptcha/releases/w_Yb7dGGXaKesJ7BMiqFJqBG/recaptcha__en.js"
      }, {
         "columnNumber": 264,
         "functionName": "",
         "lineNumber": 138,
         "scriptId": "7",
         "url": "https://www.gstatic.com/recaptcha/releases/w_Yb7dGGXaKesJ7BMiqFJqBG/recaptcha__en.js"
      }, {
         "columnNumber": 69,
         "functionName": "",
         "lineNumber": 722,
         "scriptId": "7",
         "url": "https://www.gstatic.com/recaptcha/releases/w_Yb7dGGXaKesJ7BMiqFJqBG/recaptcha__en.js"
      }, {
         "columnNumber": 451,
         "functionName": "g.Y",
         "lineNumber": 385,
         "scriptId": "7",
         "url": "https://www.gstatic.com/recaptcha/releases/w_Yb7dGGXaKesJ7BMiqFJqBG/recaptcha__en.js"
      }, {
         "columnNumber": 217,
         "functionName": "",
         "lineNumber": 221,
         "scriptId": "7",
         "url": "https://www.gstatic.com/recaptcha/releases/w_Yb7dGGXaKesJ7BMiqFJqBG/recaptcha__en.js"
      }, {
         "columnNumber": 257,
         "functionName": "",
         "lineNumber": 127,
         "scriptId": "7",
         "url": "https://www.gstatic.com/recaptcha/releases/w_Yb7dGGXaKesJ7BMiqFJqBG/recaptcha__en.js"
      }, {
         "columnNumber": 239,
         "functionName": "r.next",
         "lineNumber": 679,
         "scriptId": "7",
         "url": "https://www.gstatic.com/recaptcha/releases/w_Yb7dGGXaKesJ7BMiqFJqBG/recaptcha__en.js"
      }, {
         "columnNumber": 371,
         "functionName": "",
         "lineNumber": 138,
         "scriptId": "7",
         "url": "https://www.gstatic.com/recaptcha/releases/w_Yb7dGGXaKesJ7BMiqFJqBG/recaptcha__en.js"
      }, {
         "columnNumber": 264,
         "functionName": "",
         "lineNumber": 138,
         "scriptId": "7",
         "url": "https://www.gstatic.com/recaptcha/releases/w_Yb7dGGXaKesJ7BMiqFJqBG/recaptcha__en.js"
      }, {
         "columnNumber": 69,
         "functionName": "",
         "lineNumber": 722,
         "scriptId": "7",
         "url": "https://www.gstatic.com/recaptcha/releases/w_Yb7dGGXaKesJ7BMiqFJqBG/recaptcha__en.js"
      }, "..." ]
   }
}
[1785844918.774][DEBUG]: DevTools WebSocket Event: Page.frameRequestedNavigation (session_id=421BD56E2E97F4D0522381843F915F80) 421BD56E2E97F4D0522381843F915F80 {
   "disposition": "currentTab",
   "frameId": "BC1F534E4A106EC898A6B9717A2A7DA0",
   "reason": "initialFrameNavigation",
   "url": "about:blank"
}
[1785844918.774][DEBUG]: DevTools WebSocket Event: Page.frameNavigated (session_id=421BD56E2E97F4D0522381843F915F80) 421BD56E2E97F4D0522381843F915F80 {
   "frame": {
      "adFrameStatus": {
         "adFrameType": "none",
         "explanations": [  ]
      },
      "crossOriginIsolatedContextType": "NotIsolatedFeatureDisabled",
      "domainAndRegistry": "",
      "gatedAPIFeatures": [  ],
      "id": "BC1F534E4A106EC898A6B9717A2A7DA0",
      "loaderId": "3E4B7D6A20CB5BB00229EB9AC7D4613C",
      "mimeType": "text/html",
      "name": "",
      "parentId": "44BB8B9DD5D485F8AA650C854CD2DAE1",
      "secureContextType": "Secure",
      "securityOrigin": "://",
      "securityOriginDetails": {
         "isLocalhost": false
      },
      "url": "about:blank"
   },
   "type": "Navigation"
}
[1785844918.774][DEBUG]: DevTools WebSocket Event: Page.frameStartedLoading (session_id=421BD56E2E97F4D0522381843F915F80) 421BD56E2E97F4D0522381843F915F80 {
   "frameId": "BC1F534E4A106EC898A6B9717A2A7DA0"
}
[1785844918.774][DEBUG]: DevTools WebSocket Event: Runtime.executionContextCreated (session_id=421BD56E2E97F4D0522381843F915F80) 421BD56E2E97F4D0522381843F915F80 {
   "context": {
      "auxData": {
         "frameId": "BC1F534E4A106EC898A6B9717A2A7DA0",
         "isDefault": true,
         "type": "default"
      },
      "id": 2,
      "name": "",
      "origin": "https://www.google.com",
      "uniqueId": "-6039600910868929746.-476486832588850059"
   }
}
[1785844918.774][DEBUG]: DevTools WebSocket Event: Page.frameStoppedLoading (session_id=421BD56E2E97F4D0522381843F915F80) 421BD56E2E97F4D0522381843F915F80 {
   "frameId": "BC1F534E4A106EC898A6B9717A2A7DA0"
}
[1785844918.774][DEBUG]: DevTools WebSocket Event: Page.frameAttached (session_id=6B5F1EB51F18E17137D824F0EDF637C5) F1BCCB5B21A87D794D53A7AF1A5C5093 {
   "frameId": "CA102EB6DCF21F612F687665C06248F4",
   "parentFrameId": "F1BCCB5B21A87D794D53A7AF1A5C5093",
   "stack": {
      "callFrames": [ {
         "columnNumber": 307,
         "functionName": "",
         "lineNumber": 305,
         "scriptId": "79",
         "url": "https://www.gstatic.com/recaptcha/releases/w_Yb7dGGXaKesJ7BMiqFJqBG/recaptcha__en.js"
      }, {
         "columnNumber": 54,
         "functionName": "jk.l.Y.dh",
         "lineNumber": 1571,
         "scriptId": "79",
         "url": "https://www.gstatic.com/recaptcha/releases/w_Yb7dGGXaKesJ7BMiqFJqBG/recaptcha__en.js"
      }, {
         "columnNumber": 101,
         "functionName": "",
         "lineNumber": 218,
         "scriptId": "79",
         "url": "https://www.gstatic.com/recaptcha/releases/w_Yb7dGGXaKesJ7BMiqFJqBG/recaptcha__en.js"
      }, {
         "columnNumber": 110,
         "functionName": "jk.l.Y.r3",
         "lineNumber": 1570,
         "scriptId": "79",
         "url": "https://www.gstatic.com/recaptcha/releases/w_Yb7dGGXaKesJ7BMiqFJqBG/recaptcha__en.js"
      }, {
         "columnNumber": 109,
         "functionName": "",
         "lineNumber": 669,
         "scriptId": "79",
         "url": "https://www.gstatic.com/recaptcha/releases/w_Yb7dGGXaKesJ7BMiqFJqBG/recaptcha__en.js"
      }, {
         "columnNumber": 290,
         "functionName": "S1",
         "lineNumber": 981,
         "scriptId": "79",
         "url": "https://www.gstatic.com/recaptcha/releases/w_Yb7dGGXaKesJ7BMiqFJqBG/recaptcha__en.js"
      }, {
         "columnNumber": 386,
         "functionName": "",
         "lineNumber": 399,
         "scriptId": "79",
         "url": "https://www.gstatic.com/recaptcha/releases/w_Yb7dGGXaKesJ7BMiqFJqBG/recaptcha__en.js"
      }, {
         "columnNumber": 463,
         "functionName": "jk.l.Y.ec",
         "lineNumber": 1571,
         "scriptId": "79",
         "url": "https://www.gstatic.com/recaptcha/releases/w_Yb7dGGXaKesJ7BMiqFJqBG/recaptcha__en.js"
      } ]
   }
}
[1785844918.775][DEBUG]: DevTools WebSocket Event: Page.frameRequestedNavigation (session_id=6B5F1EB51F18E17137D824F0EDF637C5) F1BCCB5B21A87D794D53A7AF1A5C5093 {
   "disposition": "currentTab",
   "frameId": "CA102EB6DCF21F612F687665C06248F4",
   "reason": "initialFrameNavigation",
   "url": "about:blank"
}
[1785844918.775][DEBUG]: DevTools WebSocket Event: Page.frameNavigated (session_id=6B5F1EB51F18E17137D824F0EDF637C5) F1BCCB5B21A87D794D53A7AF1A5C5093 {
   "frame": {
      "adFrameStatus": {
         "adFrameType": "none",
         "explanations": [  ]
      },
      "crossOriginIsolatedContextType": "NotIsolated",
      "domainAndRegistry": "",
      "gatedAPIFeatures": [  ],
      "id": "CA102EB6DCF21F612F687665C06248F4",
      "loaderId": "BF4230F97DAD827917C20878A310F223",
      "mimeType": "text/html",
      "name": "",
      "parentId": "F1BCCB5B21A87D794D53A7AF1A5C5093",
      "secureContextType": "Secure",
      "securityOrigin": "://",
      "securityOriginDetails": {
         "isLocalhost": false
      },
      "url": "about:blank"
   },
   "type": "Navigation"
}
[1785844918.775][DEBUG]: DevTools WebSocket Event: Page.frameStartedLoading (session_id=6B5F1EB51F18E17137D824F0EDF637C5) F1BCCB5B21A87D794D53A7AF1A5C5093 {
   "frameId": "CA102EB6DCF21F612F687665C06248F4"
}
[1785844918.775][DEBUG]: DevTools WebSocket Event: Runtime.executionContextCreated (session_id=6B5F1EB51F18E17137D824F0EDF637C5) F1BCCB5B21A87D794D53A7AF1A5C5093 {
   "context": {
      "auxData": {
         "frameId": "CA102EB6DCF21F612F687665C06248F4",
         "isDefault": true,
         "type": "default"
      },
      "id": 6,
      "name": "",
      "origin": "https://www.reddit.com",
      "uniqueId": "2312875832613241198.3252204154288556645"
   }
}
[1785844918.775][DEBUG]: DevTools WebSocket Event: Page.frameStoppedLoading (session_id=6B5F1EB51F18E17137D824F0EDF637C5) F1BCCB5B21A87D794D53A7AF1A5C5093 {
   "frameId": "CA102EB6DCF21F612F687665C06248F4"
}
[1785844918.775][DEBUG]: DevTools WebSocket Event: Page.frameSubtreeWillBeDetached (session_id=6B5F1EB51F18E17137D824F0EDF637C5) F1BCCB5B21A87D794D53A7AF1A5C5093 {
   "frameId": "CA102EB6DCF21F612F687665C06248F4"
}
[1785844918.775][DEBUG]: DevTools WebSocket Event: Page.frameDetached (session_id=6B5F1EB51F18E17137D824F0EDF637C5) F1BCCB5B21A87D794D53A7AF1A5C5093 {
   "frameId": "CA102EB6DCF21F612F687665C06248F4",
   "reason": "remove"
}
[1785844918.775][DEBUG]: DevTools WebSocket Event: Runtime.executionContextDestroyed (session_id=6B5F1EB51F18E17137D824F0EDF637C5) F1BCCB5B21A87D794D53A7AF1A5C5093 {
   "executionContextId": 6,
   "executionContextUniqueId": "2312875832613241198.3252204154288556645"
}
[1785844918.775][INFO]: Waiting for pending navigations...
[1785844918.775][DEBUG]: DevTools WebSocket Command: Runtime.evaluate (id=37) (session_id=6B5F1EB51F18E17137D824F0EDF637C5) F1BCCB5B21A87D794D53A7AF1A5C5093 {
   "expression": "1"
}
[1785844918.785][DEBUG]: DevTools WebSocket Response: Runtime.evaluate (id=37) (session_id=6B5F1EB51F18E17137D824F0EDF637C5) F1BCCB5B21A87D794D53A7AF1A5C5093 {
   "result": {
      "description": "1",
      "type": "number",
      "value": 1
   }
}
[1785844918.787][INFO]: Done waiting for pending navigations. Status: ok
[1785844918.819][DEBUG]: DevTools WebSocket Command: Target.activateTarget (id=38) (session_id=) browser {
   "targetId": "F1BCCB5B21A87D794D53A7AF1A5C5093"
}
[1785844918.827][DEBUG]: DevTools WebSocket Response: Target.activateTarget (id=38) (session_id=) browser {
}
[1785844918.827][DEBUG]: DevTools WebSocket Command: Page.captureScreenshot (id=39) (session_id=6B5F1EB51F18E17137D824F0EDF637C5) F1BCCB5B21A87D794D53A7AF1A5C5093 {
}
[25479:25479:0804/173158.888089:WARNING:ui/ozone/platform/wayland/host/zwp_idle_inhibit_manager.cc:65] Cannot inhibit going idle when no window is focused
[25479:25479:0804/173158.901249:ERROR:ui/compositor/compositor_animation_observer.cc:65] CompositorAnimationObserver is active for too long (384.67s) location=Button@ui/views/controls/button/button.cc:669
[1785844918.966][DEBUG]: DevTools WebSocket Event: Page.frameResized (session_id=6B5F1EB51F18E17137D824F0EDF637C5) F1BCCB5B21A87D794D53A7AF1A5C5093 {
}
[1785844921.620][DEBUG]: DevTools WebSocket Response: Page.captureScreenshot (id=39) (session_id=6B5F1EB51F18E17137D824F0EDF637C5) F1BCCB5B21A87D794D53A7AF1A5C5093 {
   "data": "iVBORw0KGgoAAAANSUhEUgAAB1QAAALJCAIAAACMVYahAAAQAElEQVR4nOzdBXwT5xsH8PeS1N1LvVCDAoXi7u7uDIYNhgxnsP/Y2JANhru7u0uhOBSngpW2VKm7N8n9n9wl19RTpS3P95N1l8vd5XIJyd3v3nteAU3TBCGEvkPstx8l/S/HSBbF3pX8j3koe6LsK..."
}
[1785844921.629][INFO]: Waiting for pending navigations...
[1785844921.631][DEBUG]: DevTools WebSocket Command: Runtime.evaluate (id=40) (session_id=6B5F1EB51F18E17137D824F0EDF637C5) F1BCCB5B21A87D794D53A7AF1A5C5093 {
   "expression": "1"
}
[1785844921.880][DEBUG]: DevTools WebSocket Response: Runtime.evaluate (id=40) (session_id=6B5F1EB51F18E17137D824F0EDF637C5) F1BCCB5B21A87D794D53A7AF1A5C5093 {
   "result": {
      "description": "1",
      "type": "number",
      "value": 1
   }
}
[1785844921.880][INFO]: Done waiting for pending navigations. Status: ok
[1785844921.880][INFO]: [a90c3b2f4a48d5352240843ed6bac79e] RESPONSE Screenshot "iVBORw0KGgoAAAANSUhEUgAAB1QAAALJCAIAAACMVYahAAAQAElEQVR4nOzdBXwT5xsH8PeS1N1LvVCDAoXi7u7uDIYNhgxnsP/Y2JANhru7u0uhOBSngpW2VKm7N8n9n9wl19RTpS3P95N1l8vd5XIJyd3v3nteAU3TBCGEvkPstx8l/S/HSBbF3pX8j3koe6LsK..."
[25479:25479:0804/173210.985282:INFO:CONSOLE:0] "The resource https://www.reddit.com/svc/events/preload-head?renderId=6b35ef54-2fe4-4f90-a8de-66746e010339&pageType=post_detail was preloaded using link preload but not used within a few seconds from the window's load event. Please make sure it has an appropriate `as` value and it is preloaded intentionally.", source: https://www.reddit.com/r/IsThisAScamIndia/comments/1v0vr5k/title_paid_1500_via_upi_seller_deleted_reddit/ (0)
[25479:25534:0804/173231.413952:ERROR:google_apis/gcm/engine/registration_request.cc:291] Registration response error message: DEPRECATED_ENDPOINT
[1785845117.541][INFO]: [a90c3b2f4a48d5352240843ed6bac79e] COMMAND Navigate {
   "url": "https://www.reddit.com/r/IsThisAScamIndia/comments/1ute5iw/upi_scam_while_booking_hotel/"
}
[1785845117.546][DEBUG]: DevTools WebSocket Event: Log.entryAdded (session_id=6B5F1EB51F18E17137D824F0EDF637C5) F1BCCB5B21A87D794D53A7AF1A5C5093 {
   "entry": {
      "level": "warning",
      "source": "javascript",
      "text": "The resource https://www.reddit.com/svc/events/preload-head?renderId=6b35ef54-2fe4-4f90-a8de-66746e010339&pageType=post_detail was preloaded using link preload but not used within a few seconds fro...",
      "timestamp": 1.785844930980258e+12,
      "url": "https://www.reddit.com/r/IsThisAScamIndia/comments/1v0vr5k/title_paid_1500_via_upi_seller_deleted_reddit/"
   }
}
[1785845117.546][INFO]: Waiting for pending navigations...
[1785845117.546][DEBUG]: DevTools WebSocket Command: Runtime.evaluate (id=41) (session_id=6B5F1EB51F18E17137D824F0EDF637C5) F1BCCB5B21A87D794D53A7AF1A5C5093 {
   "expression": "1"
}
[1785845117.714][DEBUG]: DevTools WebSocket Response: Runtime.evaluate (id=41) (session_id=6B5F1EB51F18E17137D824F0EDF637C5) F1BCCB5B21A87D794D53A7AF1A5C5093 {
   "result": {
      "description": "1",
      "type": "number",
      "value": 1
   }
}
[1785845117.714][INFO]: Done waiting for pending navigations. Status: ok
[1785845117.714][DEBUG]: DevTools WebSocket Command: Page.navigate (id=42) (session_id=6B5F1EB51F18E17137D824F0EDF637C5) F1BCCB5B21A87D794D53A7AF1A5C5093 {
   "url": "https://www.reddit.com/r/IsThisAScamIndia/comments/1ute5iw/upi_scam_while_booking_hotel/"
}
[1785845119.550][DEBUG]: DevTools WebSocket Event: Page.frameStartedNavigating (session_id=6B5F1EB51F18E17137D824F0EDF637C5) F1BCCB5B21A87D794D53A7AF1A5C5093 {
   "frameId": "F1BCCB5B21A87D794D53A7AF1A5C5093",
   "loaderId": "E72369E6B593D1B1C4333D7DB86C2644",
   "navigationType": "differentDocument",
   "url": "https://www.reddit.com/r/IsThisAScamIndia/comments/1ute5iw/upi_scam_while_booking_hotel/"
}
[1785845119.894][DEBUG]: DevTools WebSocket Event: Page.frameStartedLoading (session_id=6B5F1EB51F18E17137D824F0EDF637C5) F1BCCB5B21A87D794D53A7AF1A5C5093 {
   "frameId": "F1BCCB5B21A87D794D53A7AF1A5C5093"
}
[1785845120.535][DEBUG]: DevTools WebSocket Response: Page.navigate (id=42) (session_id=6B5F1EB51F18E17137D824F0EDF637C5) F1BCCB5B21A87D794D53A7AF1A5C5093 {
   "frameId": "F1BCCB5B21A87D794D53A7AF1A5C5093",
   "isDownload": false,
   "loaderId": "E72369E6B593D1B1C4333D7DB86C2644"
}
[1785845120.536][INFO]: Waiting for pending navigations...
[1785845120.536][DEBUG]: DevTools WebSocket Command: Runtime.evaluate (id=43) (session_id=6B5F1EB51F18E17137D824F0EDF637C5) F1BCCB5B21A87D794D53A7AF1A5C5093 {
   "expression": "1"
}
[1785845120.574][DEBUG]: DevTools WebSocket Event: Target.detachedFromTarget (session_id=6B5F1EB51F18E17137D824F0EDF637C5) F1BCCB5B21A87D794D53A7AF1A5C5093 {
   "sessionId": "421BD56E2E97F4D0522381843F915F80",
   "targetId": "44BB8B9DD5D485F8AA650C854CD2DAE1"
}
[1785845120.591][DEBUG]: DevTools WebSocket Event: Runtime.executionContextsCleared (session_id=6B5F1EB51F18E17137D824F0EDF637C5) F1BCCB5B21A87D794D53A7AF1A5C5093 {
}
[1785845120.646][DEBUG]: DevTools WebSocket Event: Page.frameDetached (session_id=6B5F1EB51F18E17137D824F0EDF637C5) F1BCCB5B21A87D794D53A7AF1A5C5093 {
   "frameId": "44BB8B9DD5D485F8AA650C854CD2DAE1",
   "reason": "remove"
}
[1785845120.793][DEBUG]: DevTools WebSocket Event: Runtime.executionContextsCleared (session_id=6B5F1EB51F18E17137D824F0EDF637C5) F1BCCB5B21A87D794D53A7AF1A5C5093 {
}
[1785845120.797][DEBUG]: DevTools WebSocket Event: Page.frameNavigated (session_id=6B5F1EB51F18E17137D824F0EDF637C5) F1BCCB5B21A87D794D53A7AF1A5C5093 {
   "frame": {
      "adFrameStatus": {
         "adFrameType": "none"
      },
      "crossOriginIsolatedContextType": "NotIsolated",
      "domainAndRegistry": "reddit.com",
      "gatedAPIFeatures": [  ],
      "id": "F1BCCB5B21A87D794D53A7AF1A5C5093",
      "loaderId": "E72369E6B593D1B1C4333D7DB86C2644",
      "mimeType": "text/html",
      "secureContextType": "Secure",
      "securityOrigin": "https://www.reddit.com",
      "securityOriginDetails": {
         "isLocalhost": false
      },
      "url": "https://www.reddit.com/r/IsThisAScamIndia/comments/1ute5iw/upi_scam_while_booking_hotel/"
   },
   "type": "Navigation"
}
[1785845120.974][DEBUG]: DevTools WebSocket Event: Runtime.executionContextCreated (session_id=6B5F1EB51F18E17137D824F0EDF637C5) F1BCCB5B21A87D794D53A7AF1A5C5093 {
   "context": {
      "auxData": {
         "frameId": "F1BCCB5B21A87D794D53A7AF1A5C5093",
         "isDefault": true,
         "type": "default"
      },
      "id": 7,
      "name": "",
      "origin": "https://www.reddit.com",
      "uniqueId": "1613965290626080511.-2172407407344146633"
   }
}
[1785845121.112][DEBUG]: DevTools WebSocket Response: Runtime.evaluate (id=43) (session_id=6B5F1EB51F18E17137D824F0EDF637C5) F1BCCB5B21A87D794D53A7AF1A5C5093 {
   "result": {
      "description": "1",
      "type": "number",
      "value": 1
   }
}
[1785845121.675][DEBUG]: DevTools WebSocket Command: Runtime.evaluate (id=44) (session_id=6B5F1EB51F18E17137D824F0EDF637C5) F1BCCB5B21A87D794D53A7AF1A5C5093 {
   "expression": "1"
}
[1785845122.008][DEBUG]: DevTools WebSocket Response: Runtime.evaluate (id=44) (session_id=6B5F1EB51F18E17137D824F0EDF637C5) F1BCCB5B21A87D794D53A7AF1A5C5093 {
   "result": {
      "description": "1",
      "type": "number",
      "value": 1
   }
}
[25479:25479:0804/173522.229277:INFO:CONSOLE:256] "Navigation listeners online", source: https://www.redditstatic.com/js/concat?prefix=en-US/&chunks=-KmOOjyGw1,-_Z8y8lWRC,0O3S-Z8Ewd,1Le3QCrRcK,1NFNvCeJcA,3RFrewsn-j,5MxjpAJ143,5gnsbNk4nB,5zUazaw7qg,6I6fxdyezN,87Jz88SbJL,90utJVOlBm,9PuujxW4b4,Ayj_o28QWA,B-WwcjICQk,B1WKhvkv5-,B2lVqhep_V,B3GVX4Rdkp,B4PNVipSVm,B65d8mZ9dk,B6tlmRaQ6b,B8HTKoonTq,BEOPiENBrb,BEyivIxm9a,BGvgIKlc50,BH7gXgvV9A,BKlBC92SXh,BTwVJOVWDt,BUMMeq8Zui,BWRPB7v4cF,BWvq4UpJaN,BY64KtJvTR,BYjM68Gr8i,B_mzHcc0PD,BcXjPCEWRo,BcnwXkLUXU,Be3s6QBziA,BgTVQg6EDg,BjEXIMGP05,BkB-rlSWxX,Bm_MFXrQev,BnKbhFhn6l,Bo7U5FQT2O,BrB1v0r_aZ,BrS8IisZvj,BvjY988e_d,Bwqj9Nk0We,BxsS_Ituw6,By3Q1qo6h5,C0Dyb-_txM,C0cW-ARjSr,C14EwL96qN,C3rRDMd0o_,C8wrP6DNqO,C9SVvkiLKt,CDR-ZMrvGl,CDXR-YYT26,CDZ6RrlJPA,CEvq12cbO2,CGCtuxFQj3,CGERehv_tC,CGexpwSDzn,CH8C78J0qI,CJKyOD_bN3,CJZO6zCEnN,CK2AsMbmGu,CK6oYdFMqB,CKRR6IrfWM,CKxrtMNEGu,CNaCdGiJNn,COpfg54yKR,CPNDQntYf6,CPrxmHiDch,CQo8HkpzMb,CQq-Cp0Blx,CRoedqMYhX,CUjWhuc4Cr,CVtwyzvyLf,CWdgPT4hz8,CZ97L14WTF,C_wkn9Z44-,CafmMtcdXC,CbKa0Kvkuq,CcQznlnToQ,CenfgK95y4,Cgu8KpvBJu,CjasHxKCEN,CkfXZN4_5P,CkwJJunXoW,Cl4z8y9ZCv,CqHuGQ-dJI,CuF89IFCaB,CvHJqPANHh,Cvq5ocxcYo,Cx7gyJDN-E,D-Arrjud8b,D-EVHM4B1-,D05IYu91Io,D0JPJDZ8Gm,D0_pb16XMD,D2V-44U665,D5OS95bB1f,D8Ec_3T1lX,D8OVN1k_Fk,DAsnN8jNqq,DBdLVQ9vSp,DCN4G9zUB7,DDS7LsJD4u,DDfu0dLjsJ,DF9OG6IEsl,DHHv70wd1E,DJ9_kIlSX2,DMisApyvNK,DO1p8fYwRq,DO_GW4J2V3,DQpecAW_AH,DRkjQoy4xY,DTHgGYvzLH,DUjjq2ZphM,DW6wCOG2M0,DZ1C92KZQ0,D_8jTuZoIB,D_mGuLkW0_,DaqPytQETE,DeX6KsM9me,DerZ3y8kxw,DfFy62ZuSE,Dgioc3PhWI,Dh6MTQuO0R,DiKKE9lFYS,DmZxnxYM3-,DmpRPa9t8U,DnJU73yLA8,DoL9rQ-e8n,DskjgVZ08z,Du42KGPYbk,DwNVCX27fq,DzXnbRCb5h,E0zvCuW4Ws,ECe39Nk3HF,GjdLWOW600,Hy54JnqbbU,Itsmpwic0V,JCaUZajuVA,LTKChQOqAn,LaOuLx0DjO,NELI-W6wWl,Ps7ODeibXm,QUY4U243y4,RNTpNHlM6M,SAKjj1el0H,SxF0nnzF18,UsFJaVvFY0,VvBYKHC73P,WQhPRvAMHC,ZxDGjUiK9o,aXF80aXccu,b_hQOB7con,fKeuEcfPBi,gYn-7O9ZxJ,hDPI-TN32M,hXqif9vxl8,jlIGvMzKfA,jtW2R-nON3,lXmtgL270o,munE2tb7I1,nR-YITLJKf,oOrhxKUPUU,oUPk-XcWPs,pOZEd-zbzi,pjmgHYXXQ1,sj5bztRxwq,tTJ6vWIv2F,tbO7K_O15f,ulu4Q0BL0z,ynkffpluXR,yyeqxZP5AF (256)
[1785845122.234][DEBUG]: DevTools WebSocket Event: Runtime.consoleAPICalled (session_id=6B5F1EB51F18E17137D824F0EDF637C5) F1BCCB5B21A87D794D53A7AF1A5C5093 {
   "args": [ {
      "type": "string",
      "value": "Navigation listeners online"
   } ],
   "executionContextId": 7,
   "stackTrace": {
      "callFrames": [ {
         "columnNumber": 6004,
         "functionName": "enableHybridNavigation",
         "lineNumber": 255,
         "scriptId": "130",
         "url": "https://www.redditstatic.com/js/concat?prefix=en-US/&chunks=-KmOOjyGw1,-_Z8y8lWRC,0O3S-Z8Ewd,1Le3QCrRcK,1NFNvCeJcA,3RFrewsn-j,5MxjpAJ143,5gnsbNk4nB,5zUazaw7qg,6I6fxdyezN,87Jz88SbJL,90utJVOlBm,9Puuj..."
      } ]
   },
   "timestamp": 1.785845122228575e+12,
   "type": "log"
}
[1785845122.234][DEBUG]: DevTools WebSocket Command: Runtime.evaluate (id=45) (session_id=6B5F1EB51F18E17137D824F0EDF637C5) F1BCCB5B21A87D794D53A7AF1A5C5093 {
   "expression": "1"
}
[1785845123.630][DEBUG]: DevTools WebSocket Event: Page.domContentEventFired (session_id=6B5F1EB51F18E17137D824F0EDF637C5) F1BCCB5B21A87D794D53A7AF1A5C5093 {
   "timestamp": 70439.841058
}
[1785845123.772][DEBUG]: DevTools WebSocket Response: Runtime.evaluate (id=45) (session_id=6B5F1EB51F18E17137D824F0EDF637C5) F1BCCB5B21A87D794D53A7AF1A5C5093 {
   "result": {
      "description": "1",
      "type": "number",
      "value": 1
   }
}
[25479:25479:0804/173523.925585:INFO:CONSOLE:7] "Error: platform-health", source: https://www.redditstatic.com/js/concat?prefix=en-US/&chunks=CuwoqDoBPD,Dx0EaY5eE7,sef8IJAfJW (7)
[1785845123.932][DEBUG]: DevTools WebSocket Event: Runtime.consoleAPICalled (session_id=6B5F1EB51F18E17137D824F0EDF637C5) F1BCCB5B21A87D794D53A7AF1A5C5093 {
   "args": [ {
      "className": "Error",
      "description": "Error: platform-health",
      "objectId": "3280294668383185029.7.1",
      "preview": {
         "description": "Error: platform-health",
         "overflow": false,
         "properties": [ {
            "name": "stack",
            "type": "accessor"
         }, {
            "name": "message",
            "type": "string",
            "value": "platform-health"
         } ],
         "subtype": "error",
         "type": "object"
      },
      "subtype": "error",
      "type": "object"
   } ],
   "executionContextId": 7,
   "stackTrace": {
      "callFrames": [ {
         "columnNumber": 144884,
         "functionName": "sd",
         "lineNumber": 6,
         "scriptId": "22",
         "url": "https://www.redditstatic.com/js/concat?prefix=en-US/&chunks=CuwoqDoBPD,Dx0EaY5eE7,sef8IJAfJW"
      }, {
         "columnNumber": 145375,
         "functionName": "",
         "lineNumber": 6,
         "scriptId": "22",
         "url": "https://www.redditstatic.com/js/concat?prefix=en-US/&chunks=CuwoqDoBPD,Dx0EaY5eE7,sef8IJAfJW"
      } ]
   },
   "timestamp": 1.785845123924952e+12,
   "type": "debug"
}
[1785845123.932][DEBUG]: DevTools WebSocket Command: Runtime.evaluate (id=46) (session_id=6B5F1EB51F18E17137D824F0EDF637C5) F1BCCB5B21A87D794D53A7AF1A5C5093 {
   "expression": "1"
}
[25479:25479:0804/173524.078688:INFO:CONSOLE:4] "Connecting to 'https://ad.doubleclick.net/ccm/s/collect?auid=1384499798.1785831673&gtm=45be67v1v9217137991za200zd9217137991xec' violates the following Content Security Policy directive: "connect-src 'self' *.redditmedia.com *.redd.it *.reddit.com www.redditstatic.com vimeo.com accounts.google.com/gsi/ www.google.com/recaptcha/ reddit-uploaded-emoji.s3-accelerate.amazonaws.com reddit-uploaded-media.s3.amazonaws.com reddit-uploaded-media.s3-accelerate.amazonaws.com reddit-uploaded-video.s3.amazonaws.com reddit-uploaded-video.s3-accelerate.amazonaws.com reddit-subreddit-uploaded-media.s3-accelerate.amazonaws.com wss://*.wss.redditmedia.com wss://gql-realtime.reddit.com *.giphy.com js.stripe.com support.reddithelp.com matrix.redditspace.com www.google.com/ccm/ bridge.worldcoin.org". The action has been blocked.", source: data:text/javascript,%0A%20%20%20%20%20%20%20%20window.STICKY_CANARY%20%3D%20'false'%3B%0A%20%20%20%20%20%20%20%20window.PRE_PRODUCTION%20%3D%20'false'%3B%0A%20%20%20%20%20%20%20%20if(%22fetch%22in%20window)%7Bconst%20n%3Dwindow.fetch%3Bwindow.fetch%3Dfunction(e%2Ct)%7Bconst%20r%3Dnew%20Headers(t%3F.headers%3F%3F(e%20instanceof%20Request%3Fe.headers%3Avoid%200))%2Ca%3De%20instanceof%20Request%3Fe.url%3Ae%2Co%3D!new%20URLSearchParams(a).has(%22x_use_preprod%22)%3Breturn%22true%22%3D%3D%3Dwindow.PRE_PRODUCTION%26%26o%26%26function(n)%7Bif(%22string%22%3D%3Dtypeof%20n%26%26n.match(%2F%5E%5C%2F%2F))return!0%3Bconst%20e%3Dn%20instanceof%20URL%3Fn%3Anew%20URL(n)%3Breturn%20window.location.host%3D%3D%3De.host%7D(a)%26%26r.set(%22X-Use-Preprod%22%2C%22always%22)%2Cn(e%2C%7B...t%7C%7C%7B%7D%2Cheaders%3Ar%7D)%7D%7Dif(%22sendBeacon%22in%20navigator)%7Bconst%20n%3Dnavigator.sendBeacon.bind(navigator)%3Bnavigator.sendBeacon%3Dfunction(e%2Ct)%7Bconst%20r%3Dfunction(n)%7Bif(%22true%22!%3D%3Dwindow.PRE_PRODUCTION)return%20n%3Bconst%20e%3Dn%20instanceof%20URL%3Fn%3Anew%20URL(n%2Cdocument.baseURI)%3Bif(!e.searchParams.has(%22x_use_preprod%22))return%20e.searchParams.set(%22x_use_preprod%22%2C%22always%22)%2Ce.toString()%3Breturn%20n%7D(e)%3Breturn%20n.call(navigator%2Cr%2Ct)%7D%7Dvar%20n%3D%7B%7D%3Bexport%7Bn%20as%20default%7D%3B%0A%3B%0A%20%20%20%20%20%20 (4)
[25479:25479:0804/173524.086295:INFO:CONSOLE:4] "Fetch API cannot load https://ad.doubleclick.net/ccm/s/collect?auid=1384499798.1785831673&gtm=45be67v1v9217137991za200zd9217137991xec. Refused to connect because it violates the document's Content Security Policy.", source: data:text/javascript,%0A%20%20%20%20%20%20%20%20window.STICKY_CANARY%20%3D%20'false'%3B%0A%20%20%20%20%20%20%20%20window.PRE_PRODUCTION%20%3D%20'false'%3B%0A%20%20%20%20%20%20%20%20if(%22fetch%22in%20window)%7Bconst%20n%3Dwindow.fetch%3Bwindow.fetch%3Dfunction(e%2Ct)%7Bconst%20r%3Dnew%20Headers(t%3F.headers%3F%3F(e%20instanceof%20Request%3Fe.headers%3Avoid%200))%2Ca%3De%20instanceof%20Request%3Fe.url%3Ae%2Co%3D!new%20URLSearchParams(a).has(%22x_use_preprod%22)%3Breturn%22true%22%3D%3D%3Dwindow.PRE_PRODUCTION%26%26o%26%26function(n)%7Bif(%22string%22%3D%3Dtypeof%20n%26%26n.match(%2F%5E%5C%2F%2F))return!0%3Bconst%20e%3Dn%20instanceof%20URL%3Fn%3Anew%20URL(n)%3Breturn%20window.location.host%3D%3D%3De.host%7D(a)%26%26r.set(%22X-Use-Preprod%22%2C%22always%22)%2Cn(e%2C%7B...t%7C%7C%7B%7D%2Cheaders%3Ar%7D)%7D%7Dif(%22sendBeacon%22in%20navigator)%7Bconst%20n%3Dnavigator.sendBeacon.bind(navigator)%3Bnavigator.sendBeacon%3Dfunction(e%2Ct)%7Bconst%20r%3Dfunction(n)%7Bif(%22true%22!%3D%3Dwindow.PRE_PRODUCTION)return%20n%3Bconst%20e%3Dn%20instanceof%20URL%3Fn%3Anew%20URL(n%2Cdocument.baseURI)%3Bif(!e.searchParams.has(%22x_use_preprod%22))return%20e.searchParams.set(%22x_use_preprod%22%2C%22always%22)%2Ce.toString()%3Breturn%20n%7D(e)%3Breturn%20n.call(navigator%2Cr%2Ct)%7D%7Dvar%20n%3D%7B%7D%3Bexport%7Bn%20as%20default%7D%3B%0A%3B%0A%20%20%20%20%20%20 (4)
[1785845124.096][DEBUG]: DevTools WebSocket Event: Log.entryAdded (session_id=6B5F1EB51F18E17137D824F0EDF637C5) F1BCCB5B21A87D794D53A7AF1A5C5093 {
   "entry": {
      "level": "error",
      "lineNumber": 3,
      "source": "security",
      "stackTrace": {
         "callFrames": [ {
            "columnNumber": 440,
            "functionName": "window.fetch",
            "lineNumber": 3,
            "scriptId": "92",
            "url": ""
         }, {
            "columnNumber": 182385,
            "functionName": "apply",
            "lineNumber": 6,
            "scriptId": "22",
            "url": "https://www.redditstatic.com/js/concat?prefix=en-US/&chunks=CuwoqDoBPD,Dx0EaY5eE7,sef8IJAfJW"
         }, {
            "columnNumber": 390,
            "functionName": "pd",
            "lineNumber": 144,
            "scriptId": "109",
            "url": "https://www.googletagmanager.com/gtag/js?id=AW-788729857"
         }, {
            "columnNumber": 1283,
            "functionName": "ko",
            "lineNumber": 310,
            "scriptId": "109",
            "url": "https://www.googletagmanager.com/gtag/js?id=AW-788729857"
         }, {
            "columnNumber": 738,
            "functionName": "Wy",
            "lineNumber": 530,
            "scriptId": "109",
            "url": "https://www.googletagmanager.com/gtag/js?id=AW-788729857"
         }, {
            "columnNumber": 120,
            "functionName": "fA",
            "lineNumber": 541,
            "scriptId": "109",
            "url": "https://www.googletagmanager.com/gtag/js?id=AW-788729857"
         }, {
            "columnNumber": 102,
            "functionName": "XL",
            "lineNumber": 752,
            "scriptId": "109",
            "url": "https://www.googletagmanager.com/gtag/js?id=AW-788729857"
         }, {
            "columnNumber": 280,
            "functionName": "ON",
            "lineNumber": 778,
            "scriptId": "109",
            "url": "https://www.googletagmanager.com/gtag/js?id=AW-788729857"
         }, {
            "columnNumber": 441,
            "functionName": "f",
            "lineNumber": 779,
            "scriptId": "109",
            "url": "https://www.googletagmanager.com/gtag/js?id=AW-788729857"
         }, {
            "columnNumber": 428,
            "functionName": "",
            "lineNumber": 781,
            "scriptId": "109",
            "url": "https://www.googletagmanager.com/gtag/js?id=AW-788729857"
         }, {
            "columnNumber": 75,
            "functionName": "Rl",
            "lineNumber": 293,
            "scriptId": "109",
            "url": "https://www.googletagmanager.com/gtag/js?id=AW-788729857"
         }, {
            "columnNumber": 240,
            "functionName": "np",
            "lineNumber": 322,
            "scriptId": "109",
            "url": "https://www.googletagmanager.com/gtag/js?id=AW-788729857"
         }, {
            "columnNumber": 414,
            "functionName": "QN",
            "lineNumber": 781,
            "scriptId": "109",
            "url": "https://www.googletagmanager.com/gtag/js?id=AW-788729857"
         }, {
            "columnNumber": 269,
            "functionName": "u",
            "lineNumber": 598,
            "scriptId": "109",
            "url": "https://www.googletagmanager.com/gtag/js?id=AW-788729857"
         }, {
            "columnNumber": 647,
            "functionName": "uo",
            "lineNumber": 312,
            "scriptId": "109",
            "url": "https://www.googletagmanager.com/gtag/js?id=AW-788729857"
         }, {
            "columnNumber": 368,
            "functionName": "oD",
            "lineNumber": 598,
            "scriptId": "109",
            "url": "https://www.googletagmanager.com/gtag/js?id=AW-788729857"
         }, {
            "columnNumber": 80,
            "functionName": "",
            "lineNumber": 602,
            "scriptId": "109",
            "url": "https://www.googletagmanager.com/gtag/js?id=AW-788729857"
         }, {
            "columnNumber": 378,
            "functionName": "",
            "lineNumber": 600,
            "scriptId": "109",
            "url": "https://www.googletagmanager.com/gtag/js?id=AW-788729857"
         }, {
            "columnNumber": 626,
            "functionName": "wD",
            "lineNumber": 604,
            "scriptId": "109",
            "url": "https://www.googletagmanager.com/gtag/js?id=AW-788729857"
         }, "..." ]
      },
      "text": "Connecting to 'https://ad.doubleclick.net/ccm/s/collect?auid=1384499798.1785831673&gtm=45be67v1v9217137991za200zd9217137991xec' violates the following Content Security Policy directive: \"connect-sr...",
      "timestamp": 1.785845124077377e+12,
      "url": "data:text/javascript,%0A%20%20%20%20%20%20%20%20window.STICKY_CANARY%20%3D%20'false'%3B%0A%20%20%20%20%20%20%20%20window.PRE_PRODUCTION%20%3D%20'false'%3B%0A%20%20%20%20%20%20%20%20if(%22fetch%22in..."
   }
}
[1785845124.097][DEBUG]: DevTools WebSocket Event: Log.entryAdded (session_id=6B5F1EB51F18E17137D824F0EDF637C5) F1BCCB5B21A87D794D53A7AF1A5C5093 {
   "entry": {
      "level": "error",
      "lineNumber": 3,
      "source": "javascript",
      "stackTrace": {
         "callFrames": [ {
            "columnNumber": 440,
            "functionName": "window.fetch",
            "lineNumber": 3,
            "scriptId": "92",
            "url": ""
         }, {
            "columnNumber": 182385,
            "functionName": "apply",
            "lineNumber": 6,
            "scriptId": "22",
            "url": "https://www.redditstatic.com/js/concat?prefix=en-US/&chunks=CuwoqDoBPD,Dx0EaY5eE7,sef8IJAfJW"
         }, {
            "columnNumber": 390,
            "functionName": "pd",
            "lineNumber": 144,
            "scriptId": "109",
            "url": "https://www.googletagmanager.com/gtag/js?id=AW-788729857"
         }, {
            "columnNumber": 1283,
            "functionName": "ko",
            "lineNumber": 310,
            "scriptId": "109",
            "url": "https://www.googletagmanager.com/gtag/js?id=AW-788729857"
         }, {
            "columnNumber": 738,
            "functionName": "Wy",
            "lineNumber": 530,
            "scriptId": "109",
            "url": "https://www.googletagmanager.com/gtag/js?id=AW-788729857"
         }, {
            "columnNumber": 120,
            "functionName": "fA",
            "lineNumber": 541,
            "scriptId": "109",
            "url": "https://www.googletagmanager.com/gtag/js?id=AW-788729857"
         }, {
            "columnNumber": 102,
            "functionName": "XL",
            "lineNumber": 752,
            "scriptId": "109",
            "url": "https://www.googletagmanager.com/gtag/js?id=AW-788729857"
         }, {
            "columnNumber": 280,
            "functionName": "ON",
            "lineNumber": 778,
            "scriptId": "109",
            "url": "https://www.googletagmanager.com/gtag/js?id=AW-788729857"
         }, {
            "columnNumber": 441,
            "functionName": "f",
            "lineNumber": 779,
            "scriptId": "109",
            "url": "https://www.googletagmanager.com/gtag/js?id=AW-788729857"
         }, {
            "columnNumber": 428,
            "functionName": "",
            "lineNumber": 781,
            "scriptId": "109",
            "url": "https://www.googletagmanager.com/gtag/js?id=AW-788729857"
         }, {
            "columnNumber": 75,
            "functionName": "Rl",
            "lineNumber": 293,
            "scriptId": "109",
            "url": "https://www.googletagmanager.com/gtag/js?id=AW-788729857"
         }, {
            "columnNumber": 240,
            "functionName": "np",
            "lineNumber": 322,
            "scriptId": "109",
            "url": "https://www.googletagmanager.com/gtag/js?id=AW-788729857"
         }, {
            "columnNumber": 414,
            "functionName": "QN",
            "lineNumber": 781,
            "scriptId": "109",
            "url": "https://www.googletagmanager.com/gtag/js?id=AW-788729857"
         }, {
            "columnNumber": 269,
            "functionName": "u",
            "lineNumber": 598,
            "scriptId": "109",
            "url": "https://www.googletagmanager.com/gtag/js?id=AW-788729857"
         }, {
            "columnNumber": 647,
            "functionName": "uo",
            "lineNumber": 312,
            "scriptId": "109",
            "url": "https://www.googletagmanager.com/gtag/js?id=AW-788729857"
         }, {
            "columnNumber": 368,
            "functionName": "oD",
            "lineNumber": 598,
            "scriptId": "109",
            "url": "https://www.googletagmanager.com/gtag/js?id=AW-788729857"
         }, {
            "columnNumber": 80,
            "functionName": "",
            "lineNumber": 602,
            "scriptId": "109",
            "url": "https://www.googletagmanager.com/gtag/js?id=AW-788729857"
         }, {
            "columnNumber": 378,
            "functionName": "",
            "lineNumber": 600,
            "scriptId": "109",
            "url": "https://www.googletagmanager.com/gtag/js?id=AW-788729857"
         }, {
            "columnNumber": 626,
            "functionName": "wD",
            "lineNumber": 604,
            "scriptId": "109",
            "url": "https://www.googletagmanager.com/gtag/js?id=AW-788729857"
         }, "..." ]
      },
      "text": "Fetch API cannot load https://ad.doubleclick.net/ccm/s/collect?auid=1384499798.1785831673&gtm=45be67v1v9217137991za200zd9217137991xec. Refused to connect because it violates the document's Content ...",
      "timestamp": 1.78584512407996e+12,
      "url": "data:text/javascript,%0A%20%20%20%20%20%20%20%20window.STICKY_CANARY%20%3D%20'false'%3B%0A%20%20%20%20%20%20%20%20window.PRE_PRODUCTION%20%3D%20'false'%3B%0A%20%20%20%20%20%20%20%20if(%22fetch%22in..."
   }
}
[25479:25479:0804/173524.129561:INFO:CONSOLE:4] "Connecting to 'https://www.google.com/rmkt/collect/788729857/?random=1785845124038&cv=11&fst=1785845124038&fmt=8&bg=ffffff&guid=ON&async=1&en=gtag.config&gtm=45be67v1v9217137991za200zd9217137991xec&gcd=13l3l3l3l1l1&dma=0&tag_exp=115938465~115938468~118897920~118897930~119896803&u_w=1396&u_h=785&url=https%3A%2F%2Fwww.reddit.com%2Fr%2FIsThisAScamIndia%2Fcomments%2F1ute5iw%2Fupi_scam_while_booking_hotel%2F&rcb=15&frm=0&tiba=UPI%20Scam%20while%20booking%20hotel!!%20%3A%20r%2FIsThisAScamIndia&hn=www.googleadservices.com&npa=0&pscdl=noapi&auid=1384499798.1785831673&uaa=x86&uab=64&uafvl=Chromium%3B151.0.7922.71%7CNot%253DA%253FBrand%3B99.0.0.0&uamb=0&uam=&uap=Linux&uapv=&uaw=0&data=event%3Dgtag.config&ept=68&gcp=5' violates the following Content Security Policy directive: "connect-src 'self' *.redditmedia.com *.redd.it *.reddit.com www.redditstatic.com vimeo.com accounts.google.com/gsi/ www.google.com/recaptcha/ reddit-uploaded-emoji.s3-accelerate.amazonaws.com reddit-uploaded-media.s3.amazonaws.com reddit-uploaded-media.s3-accelerate.amazonaws.com reddit-uploaded-video.s3.amazonaws.com reddit-uploaded-video.s3-accelerate.amazonaws.com reddit-subreddit-uploaded-media.s3-accelerate.amazonaws.com wss://*.wss.redditmedia.com wss://gql-realtime.reddit.com *.giphy.com js.stripe.com support.reddithelp.com matrix.redditspace.com www.google.com/ccm/ bridge.worldcoin.org". The action has been blocked.", source: data:text/javascript,%0A%20%20%20%20%20%20%20%20window.STICKY_CANARY%20%3D%20'false'%3B%0A%20%20%20%20%20%20%20%20window.PRE_PRODUCTION%20%3D%20'false'%3B%0A%20%20%20%20%20%20%20%20if(%22fetch%22in%20window)%7Bconst%20n%3Dwindow.fetch%3Bwindow.fetch%3Dfunction(e%2Ct)%7Bconst%20r%3Dnew%20Headers(t%3F.headers%3F%3F(e%20instanceof%20Request%3Fe.headers%3Avoid%200))%2Ca%3De%20instanceof%20Request%3Fe.url%3Ae%2Co%3D!new%20URLSearchParams(a).has(%22x_use_preprod%22)%3Breturn%22true%22%3D%3D%3Dwindow.PRE_PRODUCTION%26%26o%26%26function(n)%7Bif(%22string%22%3D%3Dtypeof%20n%26%26n.match(%2F%5E%5C%2F%2F))return!0%3Bconst%20e%3Dn%20instanceof%20URL%3Fn%3Anew%20URL(n)%3Breturn%20window.location.host%3D%3D%3De.host%7D(a)%26%26r.set(%22X-Use-Preprod%22%2C%22always%22)%2Cn(e%2C%7B...t%7C%7C%7B%7D%2Cheaders%3Ar%7D)%7D%7Dif(%22sendBeacon%22in%20navigator)%7Bconst%20n%3Dnavigator.sendBeacon.bind(navigator)%3Bnavigator.sendBeacon%3Dfunction(e%2Ct)%7Bconst%20r%3Dfunction(n)%7Bif(%22true%22!%3D%3Dwindow.PRE_PRODUCTION)return%20n%3Bconst%20e%3Dn%20instanceof%20URL%3Fn%3Anew%20URL(n%2Cdocument.baseURI)%3Bif(!e.searchParams.has(%22x_use_preprod%22))return%20e.searchParams.set(%22x_use_preprod%22%2C%22always%22)%2Ce.toString()%3Breturn%20n%7D(e)%3Breturn%20n.call(navigator%2Cr%2Ct)%7D%7Dvar%20n%3D%7B%7D%3Bexport%7Bn%20as%20default%7D%3B%0A%3B%0A%20%20%20%20%20%20 (4)
[1785845124.132][DEBUG]: DevTools WebSocket Event: Log.entryAdded (session_id=6B5F1EB51F18E17137D824F0EDF637C5) F1BCCB5B21A87D794D53A7AF1A5C5093 {
   "entry": {
      "level": "error",
      "lineNumber": 3,
      "source": "security",
      "stackTrace": {
         "callFrames": [ {
            "columnNumber": 440,
            "functionName": "window.fetch",
            "lineNumber": 3,
            "scriptId": "92",
            "url": ""
         }, {
            "columnNumber": 182385,
            "functionName": "apply",
            "lineNumber": 6,
            "scriptId": "22",
            "url": "https://www.redditstatic.com/js/concat?prefix=en-US/&chunks=CuwoqDoBPD,Dx0EaY5eE7,sef8IJAfJW"
         }, {
            "columnNumber": 33,
            "functionName": "",
            "lineNumber": 327,
            "scriptId": "109",
            "url": "https://www.googletagmanager.com/gtag/js?id=AW-788729857"
         }, {
            "columnNumber": 736,
            "functionName": "",
            "lineNumber": 325,
            "scriptId": "109",
            "url": "https://www.googletagmanager.com/gtag/js?id=AW-788729857"
         }, {
            "columnNumber": 466,
            "functionName": "t",
            "lineNumber": 452,
            "scriptId": "109",
            "url": "https://www.googletagmanager.com/gtag/js?id=AW-788729857"
         }, {
            "columnNumber": 125,
            "functionName": "",
            "lineNumber": 519,
            "scriptId": "109",
            "url": "https://www.googletagmanager.com/gtag/js?id=AW-788729857"
         }, {
            "columnNumber": 389,
            "functionName": "Vu",
            "lineNumber": 453,
            "scriptId": "109",
            "url": "https://www.googletagmanager.com/gtag/js?id=AW-788729857"
         }, {
            "columnNumber": 859,
            "functionName": "t",
            "lineNumber": 450,
            "scriptId": "109",
            "url": "https://www.googletagmanager.com/gtag/js?id=AW-788729857"
         }, {
            "columnNumber": 908,
            "functionName": "Uu",
            "lineNumber": 450,
            "scriptId": "109",
            "url": "https://www.googletagmanager.com/gtag/js?id=AW-788729857"
         }, {
            "columnNumber": 326,
            "functionName": "Yu",
            "lineNumber": 455,
            "scriptId": "109",
            "url": "https://www.googletagmanager.com/gtag/js?id=AW-788729857"
         }, {
            "columnNumber": 746,
            "functionName": "Zu",
            "lineNumber": 455,
            "scriptId": "109",
            "url": "https://www.googletagmanager.com/gtag/js?id=AW-788729857"
         }, {
            "columnNumber": 303,
            "functionName": "",
            "lineNumber": 541,
            "scriptId": "109",
            "url": "https://www.googletagmanager.com/gtag/js?id=AW-788729857"
         }, {
            "columnNumber": 137,
            "functionName": "e",
            "lineNumber": 499,
            "scriptId": "109",
            "url": "https://www.googletagmanager.com/gtag/js?id=AW-788729857"
         }, {
            "columnNumber": 478,
            "functionName": "fx",
            "lineNumber": 499,
            "scriptId": "109",
            "url": "https://www.googletagmanager.com/gtag/js?id=AW-788729857"
         }, {
            "columnNumber": 182,
            "functionName": "fA",
            "lineNumber": 541,
            "scriptId": "109",
            "url": "https://www.googletagmanager.com/gtag/js?id=AW-788729857"
         }, {
            "columnNumber": 102,
            "functionName": "XL",
            "lineNumber": 752,
            "scriptId": "109",
            "url": "https://www.googletagmanager.com/gtag/js?id=AW-788729857"
         }, {
            "columnNumber": 280,
            "functionName": "ON",
            "lineNumber": 778,
            "scriptId": "109",
            "url": "https://www.googletagmanager.com/gtag/js?id=AW-788729857"
         }, {
            "columnNumber": 441,
            "functionName": "f",
            "lineNumber": 779,
            "scriptId": "109",
            "url": "https://www.googletagmanager.com/gtag/js?id=AW-788729857"
         }, {
            "columnNumber": 428,
            "functionName": "",
            "lineNumber": 781,
            "scriptId": "109",
            "url": "https://www.googletagmanager.com/gtag/js?id=AW-788729857"
         }, "..." ]
      },
      "text": "Connecting to 'https://www.google.com/rmkt/collect/788729857/?random=1785845124038&cv=11&fst=1785845124038&fmt=8&bg=ffffff&guid=ON&async=1&en=gtag.config&gtm=45be67v1v9217137991za200zd9217137991xec...",
      "timestamp": 1.785845124127923e+12,
      "url": "data:text/javascript,%0A%20%20%20%20%20%20%20%20window.STICKY_CANARY%20%3D%20'false'%3B%0A%20%20%20%20%20%20%20%20window.PRE_PRODUCTION%20%3D%20'false'%3B%0A%20%20%20%20%20%20%20%20if(%22fetch%22in..."
   }
}
[25479:25479:0804/173524.133593:INFO:CONSOLE:4] "Fetch API cannot load https://www.google.com/rmkt/collect/788729857/?random=1785845124038&cv=11&fst=1785845124038&fmt=8&bg=ffffff&guid=ON&async=1&en=gtag.config&gtm=45be67v1v9217137991za200zd9217137991xec&gcd=13l3l3l3l1l1&dma=0&tag_exp=115938465~115938468~118897920~118897930~119896803&u_w=1396&u_h=785&url=https%3A%2F%2Fwww.reddit.com%2Fr%2FIsThisAScamIndia%2Fcomments%2F1ute5iw%2Fupi_scam_while_booking_hotel%2F&rcb=15&frm=0&tiba=UPI%20Scam%20while%20booking%20hotel!!%20%3A%20r%2FIsThisAScamIndia&hn=www.googleadservices.com&npa=0&pscdl=noapi&auid=1384499798.1785831673&uaa=x86&uab=64&uafvl=Chromium%3B151.0.7922.71%7CNot%253DA%253FBrand%3B99.0.0.0&uamb=0&uam=&uap=Linux&uapv=&uaw=0&data=event%3Dgtag.config&ept=68&gcp=5. Refused to connect because it violates the document's Content Security Policy.", source: data:text/javascript,%0A%20%20%20%20%20%20%20%20window.STICKY_CANARY%20%3D%20'false'%3B%0A%20%20%20%20%20%20%20%20window.PRE_PRODUCTION%20%3D%20'false'%3B%0A%20%20%20%20%20%20%20%20if(%22fetch%22in%20window)%7Bconst%20n%3Dwindow.fetch%3Bwindow.fetch%3Dfunction(e%2Ct)%7Bconst%20r%3Dnew%20Headers(t%3F.headers%3F%3F(e%20instanceof%20Request%3Fe.headers%3Avoid%200))%2Ca%3De%20instanceof%20Request%3Fe.url%3Ae%2Co%3D!new%20URLSearchParams(a).has(%22x_use_preprod%22)%3Breturn%22true%22%3D%3D%3Dwindow.PRE_PRODUCTION%26%26o%26%26function(n)%7Bif(%22string%22%3D%3Dtypeof%20n%26%26n.match(%2F%5E%5C%2F%2F))return!0%3Bconst%20e%3Dn%20instanceof%20URL%3Fn%3Anew%20URL(n)%3Breturn%20window.location.host%3D%3D%3De.host%7D(a)%26%26r.set(%22X-Use-Preprod%22%2C%22always%22)%2Cn(e%2C%7B...t%7C%7C%7B%7D%2Cheaders%3Ar%7D)%7D%7Dif(%22sendBeacon%22in%20navigator)%7Bconst%20n%3Dnavigator.sendBeacon.bind(navigator)%3Bnavigator.sendBeacon%3Dfunction(e%2Ct)%7Bconst%20r%3Dfunction(n)%7Bif(%22true%22!%3D%3Dwindow.PRE_PRODUCTION)return%20n%3Bconst%20e%3Dn%20instanceof%20URL%3Fn%3Anew%20URL(n%2Cdocument.baseURI)%3Bif(!e.searchParams.has(%22x_use_preprod%22))return%20e.searchParams.set(%22x_use_preprod%22%2C%22always%22)%2Ce.toString()%3Breturn%20n%7D(e)%3Breturn%20n.call(navigator%2Cr%2Ct)%7D%7Dvar%20n%3D%7B%7D%3Bexport%7Bn%20as%20default%7D%3B%0A%3B%0A%20%20%20%20%20%20 (4)
[1785845124.135][DEBUG]: DevTools WebSocket Event: Log.entryAdded (session_id=6B5F1EB51F18E17137D824F0EDF637C5) F1BCCB5B21A87D794D53A7AF1A5C5093 {
   "entry": {
      "level": "error",
      "lineNumber": 3,
      "source": "javascript",
      "stackTrace": {
         "callFrames": [ {
            "columnNumber": 440,
            "functionName": "window.fetch",
            "lineNumber": 3,
            "scriptId": "92",
            "url": ""
         }, {
            "columnNumber": 182385,
            "functionName": "apply",
            "lineNumber": 6,
            "scriptId": "22",
            "url": "https://www.redditstatic.com/js/concat?prefix=en-US/&chunks=CuwoqDoBPD,Dx0EaY5eE7,sef8IJAfJW"
         }, {
            "columnNumber": 33,
            "functionName": "",
            "lineNumber": 327,
            "scriptId": "109",
            "url": "https://www.googletagmanager.com/gtag/js?id=AW-788729857"
         }, {
            "columnNumber": 736,
            "functionName": "",
            "lineNumber": 325,
            "scriptId": "109",
            "url": "https://www.googletagmanager.com/gtag/js?id=AW-788729857"
         }, {
            "columnNumber": 466,
            "functionName": "t",
            "lineNumber": 452,
            "scriptId": "109",
            "url": "https://www.googletagmanager.com/gtag/js?id=AW-788729857"
         }, {
            "columnNumber": 125,
            "functionName": "",
            "lineNumber": 519,
            "scriptId": "109",
            "url": "https://www.googletagmanager.com/gtag/js?id=AW-788729857"
         }, {
            "columnNumber": 389,
            "functionName": "Vu",
            "lineNumber": 453,
            "scriptId": "109",
            "url": "https://www.googletagmanager.com/gtag/js?id=AW-788729857"
         }, {
            "columnNumber": 859,
            "functionName": "t",
            "lineNumber": 450,
            "scriptId": "109",
            "url": "https://www.googletagmanager.com/gtag/js?id=AW-788729857"
         }, {
            "columnNumber": 908,
            "functionName": "Uu",
            "lineNumber": 450,
            "scriptId": "109",
            "url": "https://www.googletagmanager.com/gtag/js?id=AW-788729857"
         }, {
            "columnNumber": 326,
            "functionName": "Yu",
            "lineNumber": 455,
            "scriptId": "109",
            "url": "https://www.googletagmanager.com/gtag/js?id=AW-788729857"
         }, {
            "columnNumber": 746,
            "functionName": "Zu",
            "lineNumber": 455,
            "scriptId": "109",
            "url": "https://www.googletagmanager.com/gtag/js?id=AW-788729857"
         }, {
            "columnNumber": 303,
            "functionName": "",
            "lineNumber": 541,
            "scriptId": "109",
            "url": "https://www.googletagmanager.com/gtag/js?id=AW-788729857"
         }, {
            "columnNumber": 137,
            "functionName": "e",
            "lineNumber": 499,
            "scriptId": "109",
            "url": "https://www.googletagmanager.com/gtag/js?id=AW-788729857"
         }, {
            "columnNumber": 478,
            "functionName": "fx",
            "lineNumber": 499,
            "scriptId": "109",
            "url": "https://www.googletagmanager.com/gtag/js?id=AW-788729857"
         }, {
            "columnNumber": 182,
            "functionName": "fA",
            "lineNumber": 541,
            "scriptId": "109",
            "url": "https://www.googletagmanager.com/gtag/js?id=AW-788729857"
         }, {
            "columnNumber": 102,
            "functionName": "XL",
            "lineNumber": 752,
            "scriptId": "109",
            "url": "https://www.googletagmanager.com/gtag/js?id=AW-788729857"
         }, {
            "columnNumber": 280,
            "functionName": "ON",
            "lineNumber": 778,
            "scriptId": "109",
            "url": "https://www.googletagmanager.com/gtag/js?id=AW-788729857"
         }, {
            "columnNumber": 441,
            "functionName": "f",
            "lineNumber": 779,
            "scriptId": "109",
            "url": "https://www.googletagmanager.com/gtag/js?id=AW-788729857"
         }, {
            "columnNumber": 428,
            "functionName": "",
            "lineNumber": 781,
            "scriptId": "109",
            "url": "https://www.googletagmanager.com/gtag/js?id=AW-788729857"
         }, "..." ]
      },
      "text": "Fetch API cannot load https://www.google.com/rmkt/collect/788729857/?random=1785845124038&cv=11&fst=1785845124038&fmt=8&bg=ffffff&guid=ON&async=1&en=gtag.config&gtm=45be67v1v9217137991za200zd921713...",
      "timestamp": 1.785845124129195e+12,
      "url": "data:text/javascript,%0A%20%20%20%20%20%20%20%20window.STICKY_CANARY%20%3D%20'false'%3B%0A%20%20%20%20%20%20%20%20window.PRE_PRODUCTION%20%3D%20'false'%3B%0A%20%20%20%20%20%20%20%20if(%22fetch%22in..."
   }
}
[1785845124.176][DEBUG]: DevTools WebSocket Event: Log.entryAdded (session_id=6B5F1EB51F18E17137D824F0EDF637C5) F1BCCB5B21A87D794D53A7AF1A5C5093 {
   "entry": {
      "level": "error",
      "lineNumber": 3,
      "source": "security",
      "stackTrace": {
         "callFrames": [ {
            "columnNumber": 440,
            "functionName": "window.fetch",
            "lineNumber": 3,
            "scriptId": "92",
            "url": ""
         }, {
            "columnNumber": 182385,
            "functionName": "apply",
            "lineNumber": 6,
            "scriptId": "22",
            "url": "https://www.redditstatic.com/js/concat?prefix=en-US/&chunks=CuwoqDoBPD,Dx0EaY5eE7,sef8IJAfJW"
         }, {
            "columnNumber": 33,
            "functionName": "",
            "lineNumber": 327,
            "scriptId": "109",
            "url": "https://www.googletagmanager.com/gtag/js?id=AW-788729857"
         }, {
            "columnNumber": 736,
            "functionName": "",
            "lineNumber": 325,
            "scriptId": "109",
            "url": "https://www.googletagmanager.com/gtag/js?id=AW-788729857"
         }, {
            "columnNumber": 466,
            "functionName": "t",
            "lineNumber": 452,
            "scriptId": "109",
            "url": "https://www.googletagmanager.com/gtag/js?id=AW-788729857"
         }, {
            "columnNumber": 125,
            "functionName": "",
            "lineNumber": 519,
            "scriptId": "109",
            "url": "https://www.googletagmanager.com/gtag/js?id=AW-788729857"
         }, {
            "columnNumber": 389,
            "functionName": "Vu",
            "lineNumber": 453,
            "scriptId": "109",
            "url": "https://www.googletagmanager.com/gtag/js?id=AW-788729857"
         }, {
            "columnNumber": 859,
            "functionName": "t",
            "lineNumber": 450,
            "scriptId": "109",
            "url": "https://www.googletagmanager.com/gtag/js?id=AW-788729857"
         }, {
            "columnNumber": 908,
            "functionName": "Uu",
            "lineNumber": 450,
            "scriptId": "109",
            "url": "https://www.googletagmanager.com/gtag/js?id=AW-788729857"
         }, {
            "columnNumber": 326,
            "functionName": "Yu",
            "lineNumber": 455,
            "scriptId": "109",
            "url": "https://www.googletagmanager.com/gtag/js?id=AW-788729857"
         }, {
            "columnNumber": 746,
            "functionName": "Zu",
            "lineNumber": 455,
            "scriptId": "109",
            "url": "https://www.googletagmanager.com/gtag/js?id=AW-788729857"
         }, {
            "columnNumber": 303,
            "functionName": "",
            "lineNumber": 541,
            "scriptId": "109",
            "url": "https://www.googletagmanager.com/gtag/js?id=AW-788729857"
         }, {
            "columnNumber": 137,
            "functionName": "e",
            "lineNumber": 499,
            "scriptId": "109",
            "url": "https://www.googletagmanager.com/gtag/js?id=AW-788729857"
         }, {
            "columnNumber": 478,
            "functionName": "fx",
            "lineNumber": 499,
            "scriptId": "109",
            "url": "https://www.googletagmanager.com/gtag/js?id=AW-788729857"
         }, {
            "columnNumber": 182,
            "functionName": "fA",
            "lineNumber": 541,
            "scriptId": "109",
            "url": "https://www.googletagmanager.com/gtag/js?id=AW-788729857"
         }, {
            "columnNumber": 102,
            "functionName": "XL",
            "lineNumber": 752,
            "scriptId": "109",
            "url": "https://www.googletagmanager.com/gtag/js?id=AW-788729857"
         }, {
            "columnNumber": 280,
            "functionName": "ON",
            "lineNumber": 778,
            "scriptId": "109",
            "url": "https://www.googletagmanager.com/gtag/js?id=AW-788729857"
         }, {
            "columnNumber": 441,
            "functionName": "f",
            "lineNumber": 779,
            "scriptId": "109",
            "url": "https://www.googletagmanager.com/gtag/js?id=AW-788729857"
         }, {
            "columnNumber": 428,
            "functionName": "",
            "lineNumber": 781,
            "scriptId": "109",
            "url": "https://www.googletagmanager.com/gtag/js?id=AW-788729857"
         }, "..." ]
      },
      "text": "Connecting to 'https://www.google.com/rmkt/collect/788729857/?random=1785845124132&cv=11&fst=1785845124132&fmt=8&bg=ffffff&guid=ON&async=1&en=page_view&gtm=45be67v1v9217137991za200zd9217137991xec&g...",
      "timestamp": 1.785845124172446e+12,
      "url": "data:text/javascript,%0A%20%20%20%20%20%20%20%20window.STICKY_CANARY%20%3D%20'false'%3B%0A%20%20%20%20%20%20%20%20window.PRE_PRODUCTION%20%3D%20'false'%3B%0A%20%20%20%20%20%20%20%20if(%22fetch%22in..."
   }
}
[25479:25479:0804/173524.177108:INFO:CONSOLE:4] "Connecting to 'https://www.google.com/rmkt/collect/788729857/?random=1785845124132&cv=11&fst=1785845124132&fmt=8&bg=ffffff&guid=ON&async=1&en=page_view&gtm=45be67v1v9217137991za200zd9217137991xec&gcd=13l3l3l3l1l1&dma=0&tag_exp=115938465~115938468~118897920~118897930~119896803&u_w=1396&u_h=785&url=https%3A%2F%2Fwww.reddit.com%2Fr%2FIsThisAScamIndia%2Fcomments%2F1ute5iw%2Fupi_scam_while_booking_hotel%2F&rcb=15&frm=0&tiba=UPI%20Scam%20while%20booking%20hotel!!%20%3A%20r%2FIsThisAScamIndia&hn=www.googleadservices.com&npa=0&pscdl=noapi&auid=1384499798.1785831673&uaa=x86&uab=64&uafvl=Chromium%3B151.0.7922.71%7CNot%253DA%253FBrand%3B99.0.0.0&uamb=0&uam=&uap=Linux&uapv=&uaw=0&data=event%3Dpage_view%3Buser_status%3Dlogged_in&ept=68&gcp=5' violates the following Content Security Policy directive: "connect-src 'self' *.redditmedia.com *.redd.it *.reddit.com www.redditstatic.com vimeo.com accounts.google.com/gsi/ www.google.com/recaptcha/ reddit-uploaded-emoji.s3-accelerate.amazonaws.com reddit-uploaded-media.s3.amazonaws.com reddit-uploaded-media.s3-accelerate.amazonaws.com reddit-uploaded-video.s3.amazonaws.com reddit-uploaded-video.s3-accelerate.amazonaws.com reddit-subreddit-uploaded-media.s3-accelerate.amazonaws.com wss://*.wss.redditmedia.com wss://gql-realtime.reddit.com *.giphy.com js.stripe.com support.reddithelp.com matrix.redditspace.com www.google.com/ccm/ bridge.worldcoin.org". The action has been blocked.", source: data:text/javascript,%0A%20%20%20%20%20%20%20%20window.STICKY_CANARY%20%3D%20'false'%3B%0A%20%20%20%20%20%20%20%20window.PRE_PRODUCTION%20%3D%20'false'%3B%0A%20%20%20%20%20%20%20%20if(%22fetch%22in%20window)%7Bconst%20n%3Dwindow.fetch%3Bwindow.fetch%3Dfunction(e%2Ct)%7Bconst%20r%3Dnew%20Headers(t%3F.headers%3F%3F(e%20instanceof%20Request%3Fe.headers%3Avoid%200))%2Ca%3De%20instanceof%20Request%3Fe.url%3Ae%2Co%3D!new%20URLSearchParams(a).has(%22x_use_preprod%22)%3Breturn%22true%22%3D%3D%3Dwindow.PRE_PRODUCTION%26%26o%26%26function(n)%7Bif(%22string%22%3D%3Dtypeof%20n%26%26n.match(%2F%5E%5C%2F%2F))return!0%3Bconst%20e%3Dn%20instanceof%20URL%3Fn%3Anew%20URL(n)%3Breturn%20window.location.host%3D%3D%3De.host%7D(a)%26%26r.set(%22X-Use-Preprod%22%2C%22always%22)%2Cn(e%2C%7B...t%7C%7C%7B%7D%2Cheaders%3Ar%7D)%7D%7Dif(%22sendBeacon%22in%20navigator)%7Bconst%20n%3Dnavigator.sendBeacon.bind(navigator)%3Bnavigator.sendBeacon%3Dfunction(e%2Ct)%7Bconst%20r%3Dfunction(n)%7Bif(%22true%22!%3D%3Dwindow.PRE_PRODUCTION)return%20n%3Bconst%20e%3Dn%20instanceof%20URL%3Fn%3Anew%20URL(n%2Cdocument.baseURI)%3Bif(!e.searchParams.has(%22x_use_preprod%22))return%20e.searchParams.set(%22x_use_preprod%22%2C%22always%22)%2Ce.toString()%3Breturn%20n%7D(e)%3Breturn%20n.call(navigator%2Cr%2Ct)%7D%7Dvar%20n%3D%7B%7D%3Bexport%7Bn%20as%20default%7D%3B%0A%3B%0A%20%20%20%20%20%20 (4)
[25479:25479:0804/173524.178927:INFO:CONSOLE:4] "Fetch API cannot load https://www.google.com/rmkt/collect/788729857/?random=1785845124132&cv=11&fst=1785845124132&fmt=8&bg=ffffff&guid=ON&async=1&en=page_view&gtm=45be67v1v9217137991za200zd9217137991xec&gcd=13l3l3l3l1l1&dma=0&tag_exp=115938465~115938468~118897920~118897930~119896803&u_w=1396&u_h=785&url=https%3A%2F%2Fwww.reddit.com%2Fr%2FIsThisAScamIndia%2Fcomments%2F1ute5iw%2Fupi_scam_while_booking_hotel%2F&rcb=15&frm=0&tiba=UPI%20Scam%20while%20booking%20hotel!!%20%3A%20r%2FIsThisAScamIndia&hn=www.googleadservices.com&npa=0&pscdl=noapi&auid=1384499798.1785831673&uaa=x86&uab=64&uafvl=Chromium%3B151.0.7922.71%7CNot%253DA%253FBrand%3B99.0.0.0&uamb=0&uam=&uap=Linux&uapv=&uaw=0&data=event%3Dpage_view%3Buser_status%3Dlogged_in&ept=68&gcp=5. Refused to connect because it violates the document's Content Security Policy.", source: data:text/javascript,%0A%20%20%20%20%20%20%20%20window.STICKY_CANARY%20%3D%20'false'%3B%0A%20%20%20%20%20%20%20%20window.PRE_PRODUCTION%20%3D%20'false'%3B%0A%20%20%20%20%20%20%20%20if(%22fetch%22in%20window)%7Bconst%20n%3Dwindow.fetch%3Bwindow.fetch%3Dfunction(e%2Ct)%7Bconst%20r%3Dnew%20Headers(t%3F.headers%3F%3F(e%20instanceof%20Request%3Fe.headers%3Avoid%200))%2Ca%3De%20instanceof%20Request%3Fe.url%3Ae%2Co%3D!new%20URLSearchParams(a).has(%22x_use_preprod%22)%3Breturn%22true%22%3D%3D%3Dwindow.PRE_PRODUCTION%26%26o%26%26function(n)%7Bif(%22string%22%3D%3Dtypeof%20n%26%26n.match(%2F%5E%5C%2F%2F))return!0%3Bconst%20e%3Dn%20instanceof%20URL%3Fn%3Anew%20URL(n)%3Breturn%20window.location.host%3D%3D%3De.host%7D(a)%26%26r.set(%22X-Use-Preprod%22%2C%22always%22)%2Cn(e%2C%7B...t%7C%7C%7B%7D%2Cheaders%3Ar%7D)%7D%7Dif(%22sendBeacon%22in%20navigator)%7Bconst%20n%3Dnavigator.sendBeacon.bind(navigator)%3Bnavigator.sendBeacon%3Dfunction(e%2Ct)%7Bconst%20r%3Dfunction(n)%7Bif(%22true%22!%3D%3Dwindow.PRE_PRODUCTION)return%20n%3Bconst%20e%3Dn%20instanceof%20URL%3Fn%3Anew%20URL(n%2Cdocument.baseURI)%3Bif(!e.searchParams.has(%22x_use_preprod%22))return%20e.searchParams.set(%22x_use_preprod%22%2C%22always%22)%2Ce.toString()%3Breturn%20n%7D(e)%3Breturn%20n.call(navigator%2Cr%2Ct)%7D%7Dvar%20n%3D%7B%7D%3Bexport%7Bn%20as%20default%7D%3B%0A%3B%0A%20%20%20%20%20%20 (4)
[1785845124.184][DEBUG]: DevTools WebSocket Event: Log.entryAdded (session_id=6B5F1EB51F18E17137D824F0EDF637C5) F1BCCB5B21A87D794D53A7AF1A5C5093 {
   "entry": {
      "level": "error",
      "lineNumber": 3,
      "source": "javascript",
      "stackTrace": {
         "callFrames": [ {
            "columnNumber": 440,
            "functionName": "window.fetch",
            "lineNumber": 3,
            "scriptId": "92",
            "url": ""
         }, {
            "columnNumber": 182385,
            "functionName": "apply",
            "lineNumber": 6,
            "scriptId": "22",
            "url": "https://www.redditstatic.com/js/concat?prefix=en-US/&chunks=CuwoqDoBPD,Dx0EaY5eE7,sef8IJAfJW"
         }, {
            "columnNumber": 33,
            "functionName": "",
            "lineNumber": 327,
            "scriptId": "109",
            "url": "https://www.googletagmanager.com/gtag/js?id=AW-788729857"
         }, {
            "columnNumber": 736,
            "functionName": "",
            "lineNumber": 325,
            "scriptId": "109",
            "url": "https://www.googletagmanager.com/gtag/js?id=AW-788729857"
         }, {
            "columnNumber": 466,
            "functionName": "t",
            "lineNumber": 452,
            "scriptId": "109",
            "url": "https://www.googletagmanager.com/gtag/js?id=AW-788729857"
         }, {
            "columnNumber": 125,
            "functionName": "",
            "lineNumber": 519,
            "scriptId": "109",
            "url": "https://www.googletagmanager.com/gtag/js?id=AW-788729857"
         }, {
            "columnNumber": 389,
            "functionName": "Vu",
            "lineNumber": 453,
            "scriptId": "109",
            "url": "https://www.googletagmanager.com/gtag/js?id=AW-788729857"
         }, {
            "columnNumber": 859,
            "functionName": "t",
            "lineNumber": 450,
            "scriptId": "109",
            "url": "https://www.googletagmanager.com/gtag/js?id=AW-788729857"
         }, {
            "columnNumber": 908,
            "functionName": "Uu",
            "lineNumber": 450,
            "scriptId": "109",
            "url": "https://www.googletagmanager.com/gtag/js?id=AW-788729857"
         }, {
            "columnNumber": 326,
            "functionName": "Yu",
            "lineNumber": 455,
            "scriptId": "109",
            "url": "https://www.googletagmanager.com/gtag/js?id=AW-788729857"
         }, {
            "columnNumber": 746,
            "functionName": "Zu",
            "lineNumber": 455,
            "scriptId": "109",
            "url": "https://www.googletagmanager.com/gtag/js?id=AW-788729857"
         }, {
            "columnNumber": 303,
            "functionName": "",
            "lineNumber": 541,
            "scriptId": "109",
            "url": "https://www.googletagmanager.com/gtag/js?id=AW-788729857"
         }, {
            "columnNumber": 137,
            "functionName": "e",
            "lineNumber": 499,
            "scriptId": "109",
            "url": "https://www.googletagmanager.com/gtag/js?id=AW-788729857"
         }, {
            "columnNumber": 478,
            "functionName": "fx",
            "lineNumber": 499,
            "scriptId": "109",
            "url": "https://www.googletagmanager.com/gtag/js?id=AW-788729857"
         }, {
            "columnNumber": 182,
            "functionName": "fA",
            "lineNumber": 541,
            "scriptId": "109",
            "url": "https://www.googletagmanager.com/gtag/js?id=AW-788729857"
         }, {
            "columnNumber": 102,
            "functionName": "XL",
            "lineNumber": 752,
            "scriptId": "109",
            "url": "https://www.googletagmanager.com/gtag/js?id=AW-788729857"
         }, {
            "columnNumber": 280,
            "functionName": "ON",
            "lineNumber": 778,
            "scriptId": "109",
            "url": "https://www.googletagmanager.com/gtag/js?id=AW-788729857"
         }, {
            "columnNumber": 441,
            "functionName": "f",
            "lineNumber": 779,
            "scriptId": "109",
            "url": "https://www.googletagmanager.com/gtag/js?id=AW-788729857"
         }, {
            "columnNumber": 428,
            "functionName": "",
            "lineNumber": 781,
            "scriptId": "109",
            "url": "https://www.googletagmanager.com/gtag/js?id=AW-788729857"
         }, "..." ]
      },
      "text": "Fetch API cannot load https://www.google.com/rmkt/collect/788729857/?random=1785845124132&cv=11&fst=1785845124132&fmt=8&bg=ffffff&guid=ON&async=1&en=page_view&gtm=45be67v1v9217137991za200zd92171379...",
      "timestamp": 1.78584512417333e+12,
      "url": "data:text/javascript,%0A%20%20%20%20%20%20%20%20window.STICKY_CANARY%20%3D%20'false'%3B%0A%20%20%20%20%20%20%20%20window.PRE_PRODUCTION%20%3D%20'false'%3B%0A%20%20%20%20%20%20%20%20if(%22fetch%22in..."
   }
}
[1785845124.374][DEBUG]: DevTools WebSocket Response: Runtime.evaluate (id=46) (session_id=6B5F1EB51F18E17137D824F0EDF637C5) F1BCCB5B21A87D794D53A7AF1A5C5093 {
   "result": {
      "description": "1",
      "type": "number",
      "value": 1
   }
}
[1785845124.779][DEBUG]: DevTools WebSocket Event: Page.frameAttached (session_id=6B5F1EB51F18E17137D824F0EDF637C5) F1BCCB5B21A87D794D53A7AF1A5C5093 {
   "frameId": "B02921D39F0CCB3C682A269317601E54",
   "parentFrameId": "F1BCCB5B21A87D794D53A7AF1A5C5093",
   "stack": {
      "callFrames": [ {
         "columnNumber": 281,
         "functionName": "",
         "lineNumber": 216,
         "scriptId": "151",
         "url": "https://www.gstatic.com/recaptcha/releases/w_Yb7dGGXaKesJ7BMiqFJqBG/recaptcha__en.js"
      }, {
         "columnNumber": 42,
         "functionName": "iG.render",
         "lineNumber": 1561,
         "scriptId": "151",
         "url": "https://www.gstatic.com/recaptcha/releases/w_Yb7dGGXaKesJ7BMiqFJqBG/recaptcha__en.js"
      }, {
         "columnNumber": 295,
         "functionName": "",
         "lineNumber": 531,
         "scriptId": "151",
         "url": "https://www.gstatic.com/recaptcha/releases/w_Yb7dGGXaKesJ7BMiqFJqBG/recaptcha__en.js"
      }, {
         "columnNumber": 320,
         "functionName": "",
         "lineNumber": 444,
         "scriptId": "151",
         "url": "https://www.gstatic.com/recaptcha/releases/w_Yb7dGGXaKesJ7BMiqFJqBG/recaptcha__en.js"
      }, {
         "columnNumber": 159,
         "functionName": "",
         "lineNumber": 686,
         "scriptId": "151",
         "url": "https://www.gstatic.com/recaptcha/releases/w_Yb7dGGXaKesJ7BMiqFJqBG/recaptcha__en.js"
      }, {
         "columnNumber": 139,
         "functionName": "kM",
         "lineNumber": 827,
         "scriptId": "151",
         "url": "https://www.gstatic.com/recaptcha/releases/w_Yb7dGGXaKesJ7BMiqFJqBG/recaptcha__en.js"
      }, {
         "columnNumber": 43,
         "functionName": "",
         "lineNumber": 64,
         "scriptId": "151",
         "url": "https://www.gstatic.com/recaptcha/releases/w_Yb7dGGXaKesJ7BMiqFJqBG/recaptcha__en.js"
      }, {
         "columnNumber": 263,
         "functionName": "",
         "lineNumber": 375,
         "scriptId": "151",
         "url": "https://www.gstatic.com/recaptcha/releases/w_Yb7dGGXaKesJ7BMiqFJqBG/recaptcha__en.js"
      }, {
         "columnNumber": 204,
         "functionName": "Wo.\u003Ccomputed>.\u003Ccomputed>.\u003Ccomputed>.Wo.\u003Ccomputed>.\u003Ccomputed>.\u003Ccomputed>",
         "lineNumber": 624,
         "scriptId": "151",
         "url": "https://www.gstatic.com/recaptcha/releases/w_Yb7dGGXaKesJ7BMiqFJqBG/recaptcha__en.js"
      }, {
         "columnNumber": 138,
         "functionName": "",
         "lineNumber": 625,
         "scriptId": "151",
         "url": "https://www.gstatic.com/recaptcha/releases/w_Yb7dGGXaKesJ7BMiqFJqBG/recaptcha__en.js"
      }, {
         "columnNumber": 130,
         "functionName": "",
         "lineNumber": 515,
         "scriptId": "151",
         "url": "https://www.gstatic.com/recaptcha/releases/w_Yb7dGGXaKesJ7BMiqFJqBG/recaptcha__en.js"
      }, {
         "columnNumber": 84,
         "functionName": "",
         "lineNumber": 625,
         "scriptId": "151",
         "url": "https://www.gstatic.com/recaptcha/releases/w_Yb7dGGXaKesJ7BMiqFJqBG/recaptcha__en.js"
      }, {
         "columnNumber": 454,
         "functionName": "",
         "lineNumber": 1582,
         "scriptId": "151",
         "url": "https://www.gstatic.com/recaptcha/releases/w_Yb7dGGXaKesJ7BMiqFJqBG/recaptcha__en.js"
      }, {
         "columnNumber": 195,
         "functionName": "",
         "lineNumber": 1624,
         "scriptId": "151",
         "url": "https://www.gstatic.com/recaptcha/releases/w_Yb7dGGXaKesJ7BMiqFJqBG/recaptcha__en.js"
      } ]
   }
}
[1785845124.782][DEBUG]: DevTools WebSocket Command: Runtime.evaluate (id=47) (session_id=6B5F1EB51F18E17137D824F0EDF637C5) F1BCCB5B21A87D794D53A7AF1A5C5093 {
   "expression": "1"
}
[1785845124.793][DEBUG]: DevTools WebSocket Event: Page.frameRequestedNavigation (session_id=6B5F1EB51F18E17137D824F0EDF637C5) F1BCCB5B21A87D794D53A7AF1A5C5093 {
   "disposition": "currentTab",
   "frameId": "B02921D39F0CCB3C682A269317601E54",
   "reason": "initialFrameNavigation",
   "url": "https://www.google.com/recaptcha/enterprise/anchor?ar=1&k=6LfirrMoAAAAAHZOipvza4kpp_VtTwLNuXVwURNQ&co=aHR0cHM6Ly93d3cucmVkZGl0LmNvbTo0NDM.&hl=en&v=w_Yb7dGGXaKesJ7BMiqFJqBG&size=invisible&anchor-ms=..."
}
[1785845124.871][DEBUG]: DevTools WebSocket Event: Page.frameStartedNavigating (session_id=6B5F1EB51F18E17137D824F0EDF637C5) F1BCCB5B21A87D794D53A7AF1A5C5093 {
   "frameId": "B02921D39F0CCB3C682A269317601E54",
   "loaderId": "20BDCFEFC6210E13A3474F8B89809738",
   "navigationType": "differentDocument",
   "url": "https://www.google.com/recaptcha/enterprise/anchor?ar=1&k=6LfirrMoAAAAAHZOipvza4kpp_VtTwLNuXVwURNQ&co=aHR0cHM6Ly93d3cucmVkZGl0LmNvbTo0NDM.&hl=en&v=w_Yb7dGGXaKesJ7BMiqFJqBG&size=invisible&anchor-ms=..."
}
[1785845124.871][DEBUG]: DevTools WebSocket Event: Page.frameStartedLoading (session_id=6B5F1EB51F18E17137D824F0EDF637C5) F1BCCB5B21A87D794D53A7AF1A5C5093 {
   "frameId": "B02921D39F0CCB3C682A269317601E54"
}
[1785845124.879][DEBUG]: DevTools WebSocket Response: Runtime.evaluate (id=47) (session_id=6B5F1EB51F18E17137D824F0EDF637C5) F1BCCB5B21A87D794D53A7AF1A5C5093 {
   "result": {
      "description": "1",
      "type": "number",
      "value": 1
   }
}
[1785845124.904][DEBUG]: DevTools WebSocket Event: Runtime.executionContextCreated (session_id=6B5F1EB51F18E17137D824F0EDF637C5) F1BCCB5B21A87D794D53A7AF1A5C5093 {
   "context": {
      "auxData": {
         "frameId": "B02921D39F0CCB3C682A269317601E54",
         "isDefault": true,
         "type": "default"
      },
      "id": 8,
      "name": "",
      "origin": "https://www.reddit.com",
      "uniqueId": "-3414988678008790552.8491115732442073046"
   }
}
[1785845124.904][DEBUG]: DevTools WebSocket Command: Runtime.evaluate (id=48) (session_id=6B5F1EB51F18E17137D824F0EDF637C5) F1BCCB5B21A87D794D53A7AF1A5C5093 {
   "expression": "1"
}
[1785845125.032][DEBUG]: DevTools WebSocket Event: Page.frameAttached (session_id=6B5F1EB51F18E17137D824F0EDF637C5) F1BCCB5B21A87D794D53A7AF1A5C5093 {
   "frameId": "C832792A3EB0D156C2132096E89C30B4",
   "parentFrameId": "F1BCCB5B21A87D794D53A7AF1A5C5093",
   "stack": {
      "callFrames": [ {
         "columnNumber": 52736,
         "functionName": "",
         "lineNumber": 0,
         "scriptId": "152",
         "url": "https://www.redditstatic.com/shreddit/sentry-DswLfAC_.js"
      }, {
         "columnNumber": 52974,
         "functionName": "e",
         "lineNumber": 0,
         "scriptId": "152",
         "url": "https://www.redditstatic.com/shreddit/sentry-DswLfAC_.js"
      }, {
         "columnNumber": 55381,
         "functionName": "r.Ot",
         "lineNumber": 0,
         "scriptId": "152",
         "url": "https://www.redditstatic.com/shreddit/sentry-DswLfAC_.js"
      }, {
         "columnNumber": 40835,
         "functionName": "t",
         "lineNumber": 0,
         "scriptId": "152",
         "url": "https://www.redditstatic.com/shreddit/sentry-DswLfAC_.js"
      }, {
         "columnNumber": 54943,
         "functionName": "r",
         "lineNumber": 0,
         "scriptId": "152",
         "url": "https://www.redditstatic.com/shreddit/sentry-DswLfAC_.js"
      }, {
         "columnNumber": 34640,
         "functionName": "t",
         "lineNumber": 0,
         "scriptId": "152",
         "url": "https://www.redditstatic.com/shreddit/sentry-DswLfAC_.js"
      }, {
         "columnNumber": 67418,
         "functionName": "e",
         "lineNumber": 0,
         "scriptId": "152",
         "url": "https://www.redditstatic.com/shreddit/sentry-DswLfAC_.js"
      }, {
         "columnNumber": 69417,
         "functionName": "",
         "lineNumber": 0,
         "scriptId": "152",
         "url": "https://www.redditstatic.com/shreddit/sentry-DswLfAC_.js"
      }, {
         "columnNumber": 69442,
         "functionName": "t.init",
         "lineNumber": 0,
         "scriptId": "152",
         "url": "https://www.redditstatic.com/shreddit/sentry-DswLfAC_.js"
      }, {
         "columnNumber": 2535,
         "functionName": "r.init",
         "lineNumber": 0,
         "scriptId": "97",
         "url": ""
      }, {
         "columnNumber": 2779,
         "functionName": "",
         "lineNumber": 0,
         "scriptId": "97",
         "url": ""
      }, {
         "columnNumber": 2976,
         "functionName": "",
         "lineNumber": 0,
         "scriptId": "97",
         "url": ""
      } ]
   }
}
[1785845125.032][DEBUG]: DevTools WebSocket Event: Page.frameRequestedNavigation (session_id=6B5F1EB51F18E17137D824F0EDF637C5) F1BCCB5B21A87D794D53A7AF1A5C5093 {
   "disposition": "currentTab",
   "frameId": "C832792A3EB0D156C2132096E89C30B4",
   "reason": "initialFrameNavigation",
   "url": "about:blank"
}
[1785845125.032][DEBUG]: DevTools WebSocket Event: Page.frameNavigated (session_id=6B5F1EB51F18E17137D824F0EDF637C5) F1BCCB5B21A87D794D53A7AF1A5C5093 {
   "frame": {
      "adFrameStatus": {
         "adFrameType": "none",
         "explanations": [  ]
      },
      "crossOriginIsolatedContextType": "NotIsolated",
      "domainAndRegistry": "",
      "gatedAPIFeatures": [  ],
      "id": "C832792A3EB0D156C2132096E89C30B4",
      "loaderId": "FB583FD8E9AB4D2A7223BFFD2C64F244",
      "mimeType": "text/html",
      "name": "",
      "parentId": "F1BCCB5B21A87D794D53A7AF1A5C5093",
      "secureContextType": "Secure",
      "securityOrigin": "://",
      "securityOriginDetails": {
         "isLocalhost": false
      },
      "url": "about:blank"
   },
   "type": "Navigation"
}
[1785845125.032][DEBUG]: DevTools WebSocket Event: Page.frameStartedLoading (session_id=6B5F1EB51F18E17137D824F0EDF637C5) F1BCCB5B21A87D794D53A7AF1A5C5093 {
   "frameId": "C832792A3EB0D156C2132096E89C30B4"
}
[1785845125.045][DEBUG]: DevTools WebSocket Event: Runtime.executionContextCreated (session_id=6B5F1EB51F18E17137D824F0EDF637C5) F1BCCB5B21A87D794D53A7AF1A5C5093 {
   "context": {
      "auxData": {
         "frameId": "C832792A3EB0D156C2132096E89C30B4",
         "isDefault": true,
         "type": "default"
      },
      "id": 9,
      "name": "",
      "origin": "https://www.reddit.com",
      "uniqueId": "7114813845999215891.-842094807997344582"
   }
}
[1785845125.046][DEBUG]: DevTools WebSocket Event: Page.frameStoppedLoading (session_id=6B5F1EB51F18E17137D824F0EDF637C5) F1BCCB5B21A87D794D53A7AF1A5C5093 {
   "frameId": "C832792A3EB0D156C2132096E89C30B4"
}
[1785845125.046][DEBUG]: DevTools WebSocket Event: Page.frameSubtreeWillBeDetached (session_id=6B5F1EB51F18E17137D824F0EDF637C5) F1BCCB5B21A87D794D53A7AF1A5C5093 {
   "frameId": "C832792A3EB0D156C2132096E89C30B4"
}
[1785845125.061][DEBUG]: DevTools WebSocket Event: Page.frameDetached (session_id=6B5F1EB51F18E17137D824F0EDF637C5) F1BCCB5B21A87D794D53A7AF1A5C5093 {
   "frameId": "C832792A3EB0D156C2132096E89C30B4",
   "reason": "remove"
}
[1785845125.061][DEBUG]: DevTools WebSocket Event: Runtime.executionContextDestroyed (session_id=6B5F1EB51F18E17137D824F0EDF637C5) F1BCCB5B21A87D794D53A7AF1A5C5093 {
   "executionContextId": 9,
   "executionContextUniqueId": "7114813845999215891.-842094807997344582"
}
[1785845125.061][DEBUG]: DevTools WebSocket Event: Page.frameAttached (session_id=6B5F1EB51F18E17137D824F0EDF637C5) F1BCCB5B21A87D794D53A7AF1A5C5093 {
   "frameId": "F9F74A570864659E41574404BAE96723",
   "parentFrameId": "F1BCCB5B21A87D794D53A7AF1A5C5093",
   "stack": {
      "callFrames": [ {
         "columnNumber": 15070,
         "functionName": "",
         "lineNumber": 0,
         "scriptId": "152",
         "url": "https://www.redditstatic.com/shreddit/sentry-DswLfAC_.js"
      }, {
         "columnNumber": 15288,
         "functionName": "",
         "lineNumber": 0,
         "scriptId": "152",
         "url": "https://www.redditstatic.com/shreddit/sentry-DswLfAC_.js"
      }, {
         "columnNumber": 16679,
         "functionName": "ct",
         "lineNumber": 0,
         "scriptId": "152",
         "url": "https://www.redditstatic.com/shreddit/sentry-DswLfAC_.js"
      }, {
         "columnNumber": 62664,
         "functionName": "e.setupOnce",
         "lineNumber": 0,
         "scriptId": "152",
         "url": "https://www.redditstatic.com/shreddit/sentry-DswLfAC_.js"
      }, {
         "columnNumber": 36397,
         "functionName": "",
         "lineNumber": 0,
         "scriptId": "152",
         "url": "https://www.redditstatic.com/shreddit/sentry-DswLfAC_.js"
      }, {
         "columnNumber": 36471,
         "functionName": "",
         "lineNumber": 0,
         "scriptId": "152",
         "url": "https://www.redditstatic.com/shreddit/sentry-DswLfAC_.js"
      }, {
         "columnNumber": 36325,
         "functionName": "",
         "lineNumber": 0,
         "scriptId": "152",
         "url": "https://www.redditstatic.com/shreddit/sentry-DswLfAC_.js"
      }, {
         "columnNumber": 36529,
         "functionName": "t.setupIntegrations",
         "lineNumber": 0,
         "scriptId": "152",
         "url": "https://www.redditstatic.com/shreddit/sentry-DswLfAC_.js"
      }, {
         "columnNumber": 27335,
         "functionName": "t.bindClient",
         "lineNumber": 0,
         "scriptId": "152",
         "url": "https://www.redditstatic.com/shreddit/sentry-DswLfAC_.js"
      }, {
         "columnNumber": 69428,
         "functionName": "",
         "lineNumber": 0,
         "scriptId": "152",
         "url": "https://www.redditstatic.com/shreddit/sentry-DswLfAC_.js"
      }, {
         "columnNumber": 69442,
         "functionName": "t.init",
         "lineNumber": 0,
         "scriptId": "152",
         "url": "https://www.redditstatic.com/shreddit/sentry-DswLfAC_.js"
      }, {
         "columnNumber": 2535,
         "functionName": "r.init",
         "lineNumber": 0,
         "scriptId": "97",
         "url": ""
      }, {
         "columnNumber": 2779,
         "functionName": "",
         "lineNumber": 0,
         "scriptId": "97",
         "url": ""
      }, {
         "columnNumber": 2976,
         "functionName": "",
         "lineNumber": 0,
         "scriptId": "97",
         "url": ""
      } ]
   }
}
[1785845125.062][DEBUG]: DevTools WebSocket Event: Page.frameRequestedNavigation (session_id=6B5F1EB51F18E17137D824F0EDF637C5) F1BCCB5B21A87D794D53A7AF1A5C5093 {
   "disposition": "currentTab",
   "frameId": "F9F74A570864659E41574404BAE96723",
   "reason": "initialFrameNavigation",
   "url": "about:blank"
}
[1785845125.062][DEBUG]: DevTools WebSocket Event: Page.frameNavigated (session_id=6B5F1EB51F18E17137D824F0EDF637C5) F1BCCB5B21A87D794D53A7AF1A5C5093 {
   "frame": {
      "adFrameStatus": {
         "adFrameType": "none",
         "explanations": [  ]
      },
      "crossOriginIsolatedContextType": "NotIsolated",
      "domainAndRegistry": "",
      "gatedAPIFeatures": [  ],
      "id": "F9F74A570864659E41574404BAE96723",
      "loaderId": "A7E4CE348C6B357231D70DE3D671744F",
      "mimeType": "text/html",
      "name": "",
      "parentId": "F1BCCB5B21A87D794D53A7AF1A5C5093",
      "secureContextType": "Secure",
      "securityOrigin": "://",
      "securityOriginDetails": {
         "isLocalhost": false
      },
      "url": "about:blank"
   },
   "type": "Navigation"
}
[1785845125.062][DEBUG]: DevTools WebSocket Event: Page.frameStartedLoading (session_id=6B5F1EB51F18E17137D824F0EDF637C5) F1BCCB5B21A87D794D53A7AF1A5C5093 {
   "frameId": "F9F74A570864659E41574404BAE96723"
}
[1785845125.084][DEBUG]: DevTools WebSocket Event: Runtime.executionContextCreated (session_id=6B5F1EB51F18E17137D824F0EDF637C5) F1BCCB5B21A87D794D53A7AF1A5C5093 {
   "context": {
      "auxData": {
         "frameId": "F9F74A570864659E41574404BAE96723",
         "isDefault": true,
         "type": "default"
      },
      "id": 10,
      "name": "",
      "origin": "https://www.reddit.com",
      "uniqueId": "8736312410659536185.-5300507146993972436"
   }
}
[1785845125.085][DEBUG]: DevTools WebSocket Event: Page.frameStoppedLoading (session_id=6B5F1EB51F18E17137D824F0EDF637C5) F1BCCB5B21A87D794D53A7AF1A5C5093 {
   "frameId": "F9F74A570864659E41574404BAE96723"
}
[1785845125.085][DEBUG]: DevTools WebSocket Event: Page.frameSubtreeWillBeDetached (session_id=6B5F1EB51F18E17137D824F0EDF637C5) F1BCCB5B21A87D794D53A7AF1A5C5093 {
   "frameId": "F9F74A570864659E41574404BAE96723"
}
[1785845125.116][DEBUG]: DevTools WebSocket Event: Page.frameDetached (session_id=6B5F1EB51F18E17137D824F0EDF637C5) F1BCCB5B21A87D794D53A7AF1A5C5093 {
   "frameId": "F9F74A570864659E41574404BAE96723",
   "reason": "remove"
}
[1785845125.116][DEBUG]: DevTools WebSocket Event: Runtime.executionContextDestroyed (session_id=6B5F1EB51F18E17137D824F0EDF637C5) F1BCCB5B21A87D794D53A7AF1A5C5093 {
   "executionContextId": 10,
   "executionContextUniqueId": "8736312410659536185.-5300507146993972436"
}
[1785845125.116][DEBUG]: DevTools WebSocket Response: Runtime.evaluate (id=48) (session_id=6B5F1EB51F18E17137D824F0EDF637C5) F1BCCB5B21A87D794D53A7AF1A5C5093 {
   "result": {
      "description": "1",
      "type": "number",
      "value": 1
   }
}
[1785845125.184][DEBUG]: DevTools WebSocket Event: Target.attachedToTarget (session_id=6B5F1EB51F18E17137D824F0EDF637C5) F1BCCB5B21A87D794D53A7AF1A5C5093 {
   "sessionId": "42D50DE8F6B347F6F1007E8668A9B1E5",
   "targetInfo": {
      "attached": true,
      "browserContextId": "848280274A9631CFC501307315014F8D",
      "canAccessOpener": false,
      "parentFrameId": "F1BCCB5B21A87D794D53A7AF1A5C5093",
      "parentId": "F1BCCB5B21A87D794D53A7AF1A5C5093",
      "targetId": "B02921D39F0CCB3C682A269317601E54",
      "title": "",
      "type": "iframe",
      "url": ""
   },
   "waitingForDebugger": false
}
[1785845125.185][DEBUG]: DevTools WebSocket Command: Page.enable (id=49) (session_id=42D50DE8F6B347F6F1007E8668A9B1E5) 42D50DE8F6B347F6F1007E8668A9B1E5 {
}
[1785845125.190][DEBUG]: DevTools WebSocket Command: Page.addScriptToEvaluateOnNewDocument (id=50) (session_id=42D50DE8F6B347F6F1007E8668A9B1E5) 42D50DE8F6B347F6F1007E8668A9B1E5 {
   "source": "(function () {window.cdc_adoQpoasnfa76pfcZLmcfl_Array = window.Array;window.cdc_adoQpoasnfa76pfcZLmcfl_Object = window.Object;window.cdc_adoQpoasnfa76pfcZLmcfl_Promise = window.Promise;window.cdc_a..."
}
[1785845125.200][DEBUG]: DevTools WebSocket Command: Runtime.evaluate (id=51) (session_id=42D50DE8F6B347F6F1007E8668A9B1E5) 42D50DE8F6B347F6F1007E8668A9B1E5 {
   "expression": "(function () {window.cdc_adoQpoasnfa76pfcZLmcfl_Array = window.Array;window.cdc_adoQpoasnfa76pfcZLmcfl_Object = window.Object;window.cdc_adoQpoasnfa76pfcZLmcfl_Promise = window.Promise;window.cdc_a..."
}
[1785845125.203][DEBUG]: DevTools WebSocket Command: Target.setAutoAttach (id=52) (session_id=42D50DE8F6B347F6F1007E8668A9B1E5) 42D50DE8F6B347F6F1007E8668A9B1E5 {
   "autoAttach": true,
   "flatten": true,
   "waitForDebuggerOnStart": false
}
[1785845125.223][DEBUG]: DevTools WebSocket Event: Target.targetInfoChanged (session_id=6B5F1EB51F18E17137D824F0EDF637C5) F1BCCB5B21A87D794D53A7AF1A5C5093 {
   "targetInfo": {
      "attached": true,
      "browserContextId": "848280274A9631CFC501307315014F8D",
      "canAccessOpener": false,
      "parentFrameId": "F1BCCB5B21A87D794D53A7AF1A5C5093",
      "parentId": "F1BCCB5B21A87D794D53A7AF1A5C5093",
      "targetId": "B02921D39F0CCB3C682A269317601E54",
      "title": "https://www.google.com/recaptcha/enterprise/anchor?ar=1&k=6LfirrMoAAAAAHZOipvza4kpp_VtTwLNuXVwURNQ&co=aHR0cHM6Ly93d3cucmVkZGl0LmNvbTo0NDM.&hl=en&v=w_Yb7dGGXaKesJ7BMiqFJqBG&size=invisible&anchor-ms=...",
      "type": "iframe",
      "url": "https://www.google.com/recaptcha/enterprise/anchor?ar=1&k=6LfirrMoAAAAAHZOipvza4kpp_VtTwLNuXVwURNQ&co=aHR0cHM6Ly93d3cucmVkZGl0LmNvbTo0NDM.&hl=en&v=w_Yb7dGGXaKesJ7BMiqFJqBG&size=invisible&anchor-ms=..."
   }
}
[1785845125.270][DEBUG]: DevTools WebSocket Response: Page.enable (id=49) (session_id=42D50DE8F6B347F6F1007E8668A9B1E5) 42D50DE8F6B347F6F1007E8668A9B1E5 {
}
[1785845125.287][DEBUG]: DevTools WebSocket Response: Page.addScriptToEvaluateOnNewDocument (id=50) (session_id=42D50DE8F6B347F6F1007E8668A9B1E5) 42D50DE8F6B347F6F1007E8668A9B1E5 {
   "identifier": "1"
}
[1785845125.287][DEBUG]: DevTools WebSocket Response: Runtime.evaluate (id=51) (session_id=42D50DE8F6B347F6F1007E8668A9B1E5) 42D50DE8F6B347F6F1007E8668A9B1E5 {
   "result": {
      "type": "undefined"
   }
}
[1785845125.287][DEBUG]: DevTools WebSocket Response: Target.setAutoAttach (id=52) (session_id=42D50DE8F6B347F6F1007E8668A9B1E5) 42D50DE8F6B347F6F1007E8668A9B1E5 {
}
[1785845125.287][DEBUG]: DevTools WebSocket Command: Runtime.enable (id=53) (session_id=42D50DE8F6B347F6F1007E8668A9B1E5) 42D50DE8F6B347F6F1007E8668A9B1E5 {
}
[1785845125.387][DEBUG]: DevTools WebSocket Event: Runtime.executionContextCreated (session_id=42D50DE8F6B347F6F1007E8668A9B1E5) 42D50DE8F6B347F6F1007E8668A9B1E5 {
   "context": {
      "auxData": {
         "frameId": "B02921D39F0CCB3C682A269317601E54",
         "isDefault": true,
         "type": "default"
      },
      "id": 1,
      "name": "",
      "origin": "https://www.google.com",
      "uniqueId": "8651518606875197548.-5490415065290909416"
   }
}
[1785845125.387][DEBUG]: DevTools WebSocket Response: Runtime.enable (id=53) (session_id=42D50DE8F6B347F6F1007E8668A9B1E5) 42D50DE8F6B347F6F1007E8668A9B1E5 {
}
[1785845125.387][DEBUG]: DevTools WebSocket Command: Runtime.evaluate (id=54) (session_id=6B5F1EB51F18E17137D824F0EDF637C5) F1BCCB5B21A87D794D53A7AF1A5C5093 {
   "expression": "1"
}
[1785845126.019][DEBUG]: DevTools WebSocket Event: Target.attachedToTarget (session_id=42D50DE8F6B347F6F1007E8668A9B1E5) 42D50DE8F6B347F6F1007E8668A9B1E5 {
   "sessionId": "B904A672EFEFACFB37EADDF769F49FAC",
   "targetInfo": {
      "attached": true,
      "browserContextId": "848280274A9631CFC501307315014F8D",
      "canAccessOpener": false,
      "parentFrameId": "B02921D39F0CCB3C682A269317601E54",
      "parentId": "B02921D39F0CCB3C682A269317601E54",
      "targetId": "063AB2AE4576CC91A7FAB4E6287AC885",
      "title": "https://www.google.com/recaptcha/enterprise/webworker.js?hl=en&v=w_Yb7dGGXaKesJ7BMiqFJqBG",
      "type": "worker",
      "url": "https://www.google.com/recaptcha/enterprise/webworker.js?hl=en&v=w_Yb7dGGXaKesJ7BMiqFJqBG"
   },
   "waitingForDebugger": false
}
[1785845126.119][DEBUG]: DevTools WebSocket Event: Page.domContentEventFired (session_id=42D50DE8F6B347F6F1007E8668A9B1E5) 42D50DE8F6B347F6F1007E8668A9B1E5 {
   "timestamp": 70442.270943
}
[1785845126.119][DEBUG]: DevTools WebSocket Event: Page.loadEventFired (session_id=42D50DE8F6B347F6F1007E8668A9B1E5) 42D50DE8F6B347F6F1007E8668A9B1E5 {
   "timestamp": 70442.273137
}
[1785845126.124][DEBUG]: DevTools WebSocket Event: Page.frameStoppedLoading (session_id=42D50DE8F6B347F6F1007E8668A9B1E5) 42D50DE8F6B347F6F1007E8668A9B1E5 {
   "frameId": "B02921D39F0CCB3C682A269317601E54"
}
[1785845126.156][DEBUG]: DevTools WebSocket Event: Page.frameDetached (session_id=6B5F1EB51F18E17137D824F0EDF637C5) F1BCCB5B21A87D794D53A7AF1A5C5093 {
   "frameId": "B02921D39F0CCB3C682A269317601E54",
   "reason": "swap"
}
[1785845126.157][DEBUG]: DevTools WebSocket Event: Runtime.executionContextDestroyed (session_id=6B5F1EB51F18E17137D824F0EDF637C5) F1BCCB5B21A87D794D53A7AF1A5C5093 {
   "executionContextId": 8,
   "executionContextUniqueId": "-3414988678008790552.8491115732442073046"
}
[1785845126.164][DEBUG]: DevTools WebSocket Response: Runtime.evaluate (id=54) (session_id=6B5F1EB51F18E17137D824F0EDF637C5) F1BCCB5B21A87D794D53A7AF1A5C5093 {
   "result": {
      "description": "1",
      "type": "number",
      "value": 1
   }
}
[1785845126.165][DEBUG]: DevTools WebSocket Command: Runtime.evaluate (id=55) (session_id=6B5F1EB51F18E17137D824F0EDF637C5) F1BCCB5B21A87D794D53A7AF1A5C5093 {
   "expression": "document",
   "objectGroup": "28425ff7-12a5-4218-a4ea-102e43b8ac4f"
}
[1785845126.203][DEBUG]: DevTools WebSocket Event: Page.frameAttached (session_id=6B5F1EB51F18E17137D824F0EDF637C5) F1BCCB5B21A87D794D53A7AF1A5C5093 {
   "frameId": "263835EDD1F4858E802970F210D19A87",
   "parentFrameId": "F1BCCB5B21A87D794D53A7AF1A5C5093",
   "stack": {
      "callFrames": [ {
         "columnNumber": 183,
         "functionName": "",
         "lineNumber": 282,
         "scriptId": "151",
         "url": "https://www.gstatic.com/recaptcha/releases/w_Yb7dGGXaKesJ7BMiqFJqBG/recaptcha__en.js"
      }, {
         "columnNumber": 253,
         "functionName": "",
         "lineNumber": 165,
         "scriptId": "151",
         "url": "https://www.gstatic.com/recaptcha/releases/w_Yb7dGGXaKesJ7BMiqFJqBG/recaptcha__en.js"
      }, {
         "columnNumber": 260,
         "functionName": "",
         "lineNumber": 214,
         "scriptId": "151",
         "url": "https://www.gstatic.com/recaptcha/releases/w_Yb7dGGXaKesJ7BMiqFJqBG/recaptcha__en.js"
      }, {
         "columnNumber": 257,
         "functionName": "",
         "lineNumber": 127,
         "scriptId": "151",
         "url": "https://www.gstatic.com/recaptcha/releases/w_Yb7dGGXaKesJ7BMiqFJqBG/recaptcha__en.js"
      }, {
         "columnNumber": 239,
         "functionName": "r.next",
         "lineNumber": 679,
         "scriptId": "151",
         "url": "https://www.gstatic.com/recaptcha/releases/w_Yb7dGGXaKesJ7BMiqFJqBG/recaptcha__en.js"
      }, {
         "columnNumber": 371,
         "functionName": "",
         "lineNumber": 138,
         "scriptId": "151",
         "url": "https://www.gstatic.com/recaptcha/releases/w_Yb7dGGXaKesJ7BMiqFJqBG/recaptcha__en.js"
      }, {
         "columnNumber": 264,
         "functionName": "",
         "lineNumber": 138,
         "scriptId": "151",
         "url": "https://www.gstatic.com/recaptcha/releases/w_Yb7dGGXaKesJ7BMiqFJqBG/recaptcha__en.js"
      }, {
         "columnNumber": 69,
         "functionName": "",
         "lineNumber": 722,
         "scriptId": "151",
         "url": "https://www.gstatic.com/recaptcha/releases/w_Yb7dGGXaKesJ7BMiqFJqBG/recaptcha__en.js"
      }, {
         "columnNumber": 178,
         "functionName": "",
         "lineNumber": 214,
         "scriptId": "151",
         "url": "https://www.gstatic.com/recaptcha/releases/w_Yb7dGGXaKesJ7BMiqFJqBG/recaptcha__en.js"
      }, {
         "columnNumber": 433,
         "functionName": "",
         "lineNumber": 504,
         "scriptId": "151",
         "url": "https://www.gstatic.com/recaptcha/releases/w_Yb7dGGXaKesJ7BMiqFJqBG/recaptcha__en.js"
      }, {
         "columnNumber": 257,
         "functionName": "",
         "lineNumber": 127,
         "scriptId": "151",
         "url": "https://www.gstatic.com/recaptcha/releases/w_Yb7dGGXaKesJ7BMiqFJqBG/recaptcha__en.js"
      }, {
         "columnNumber": 239,
         "functionName": "r.next",
         "lineNumber": 679,
         "scriptId": "151",
         "url": "https://www.gstatic.com/recaptcha/releases/w_Yb7dGGXaKesJ7BMiqFJqBG/recaptcha__en.js"
      }, {
         "columnNumber": 371,
         "functionName": "",
         "lineNumber": 138,
         "scriptId": "151",
         "url": "https://www.gstatic.com/recaptcha/releases/w_Yb7dGGXaKesJ7BMiqFJqBG/recaptcha__en.js"
      }, {
         "columnNumber": 264,
         "functionName": "",
         "lineNumber": 138,
         "scriptId": "151",
         "url": "https://www.gstatic.com/recaptcha/releases/w_Yb7dGGXaKesJ7BMiqFJqBG/recaptcha__en.js"
      }, {
         "columnNumber": 69,
         "functionName": "",
         "lineNumber": 722,
         "scriptId": "151",
         "url": "https://www.gstatic.com/recaptcha/releases/w_Yb7dGGXaKesJ7BMiqFJqBG/recaptcha__en.js"
      }, {
         "columnNumber": 369,
         "functionName": "",
         "lineNumber": 504,
         "scriptId": "151",
         "url": "https://www.gstatic.com/recaptcha/releases/w_Yb7dGGXaKesJ7BMiqFJqBG/recaptcha__en.js"
      }, {
         "columnNumber": 456,
         "functionName": "",
         "lineNumber": 1422,
         "scriptId": "151",
         "url": "https://www.gstatic.com/recaptcha/releases/w_Yb7dGGXaKesJ7BMiqFJqBG/recaptcha__en.js"
      }, {
         "columnNumber": 257,
         "functionName": "",
         "lineNumber": 127,
         "scriptId": "151",
         "url": "https://www.gstatic.com/recaptcha/releases/w_Yb7dGGXaKesJ7BMiqFJqBG/recaptcha__en.js"
      }, {
         "columnNumber": 239,
         "functionName": "r.next",
         "lineNumber": 679,
         "scriptId": "151",
         "url": "https://www.gstatic.com/recaptcha/releases/w_Yb7dGGXaKesJ7BMiqFJqBG/recaptcha__en.js"
      }, "..." ]
   }
}
[1785845126.203][DEBUG]: DevTools WebSocket Event: Page.frameRequestedNavigation (session_id=6B5F1EB51F18E17137D824F0EDF637C5) F1BCCB5B21A87D794D53A7AF1A5C5093 {
   "disposition": "currentTab",
   "frameId": "263835EDD1F4858E802970F210D19A87",
   "reason": "initialFrameNavigation",
   "url": "about:blank"
}
[1785845126.203][DEBUG]: DevTools WebSocket Event: Page.frameNavigated (session_id=6B5F1EB51F18E17137D824F0EDF637C5) F1BCCB5B21A87D794D53A7AF1A5C5093 {
   "frame": {
      "adFrameStatus": {
         "adFrameType": "none",
         "explanations": [  ]
      },
      "crossOriginIsolatedContextType": "NotIsolated",
      "domainAndRegistry": "",
      "gatedAPIFeatures": [  ],
      "id": "263835EDD1F4858E802970F210D19A87",
      "loaderId": "7BD6F189E772851CF4A6727138435AC7",
      "mimeType": "text/html",
      "name": "",
      "parentId": "F1BCCB5B21A87D794D53A7AF1A5C5093",
      "secureContextType": "Secure",
      "securityOrigin": "://",
      "securityOriginDetails": {
         "isLocalhost": false
      },
      "url": "about:blank"
   },
   "type": "Navigation"
}
[1785845126.225][DEBUG]: DevTools WebSocket Event: Page.frameStartedLoading (session_id=6B5F1EB51F18E17137D824F0EDF637C5) F1BCCB5B21A87D794D53A7AF1A5C5093 {
   "frameId": "263835EDD1F4858E802970F210D19A87"
}
[1785845126.231][DEBUG]: DevTools WebSocket Event: Runtime.executionContextCreated (session_id=6B5F1EB51F18E17137D824F0EDF637C5) F1BCCB5B21A87D794D53A7AF1A5C5093 {
   "context": {
      "auxData": {
         "frameId": "263835EDD1F4858E802970F210D19A87",
         "isDefault": true,
         "type": "default"
      },
      "id": 11,
      "name": "",
      "origin": "https://www.reddit.com",
      "uniqueId": "-1554321489340460460.-1921392237646329510"
   }
}
[1785845126.236][DEBUG]: DevTools WebSocket Event: Page.frameStoppedLoading (session_id=6B5F1EB51F18E17137D824F0EDF637C5) F1BCCB5B21A87D794D53A7AF1A5C5093 {
   "frameId": "263835EDD1F4858E802970F210D19A87"
}
[1785845126.262][DEBUG]: DevTools WebSocket Response: Runtime.evaluate (id=55) (session_id=6B5F1EB51F18E17137D824F0EDF637C5) F1BCCB5B21A87D794D53A7AF1A5C5093 {
   "result": {
      "className": "HTMLDocument",
      "description": "#document",
      "objectId": "3280294668383185029.7.2",
      "subtype": "node",
      "type": "object"
   }
}
[1785845126.262][DEBUG]: DevTools WebSocket Command: DOM.describeNode (id=56) (session_id=6B5F1EB51F18E17137D824F0EDF637C5) F1BCCB5B21A87D794D53A7AF1A5C5093 {
   "objectId": "3280294668383185029.7.2"
}
[1785845126.354][DEBUG]: DevTools WebSocket Response: DOM.describeNode (id=56) (session_id=6B5F1EB51F18E17137D824F0EDF637C5) F1BCCB5B21A87D794D53A7AF1A5C5093 {
   "node": {
      "backendNodeId": 89,
      "baseURL": "https://www.reddit.com/r/IsThisAScamIndia/comments/1ute5iw/upi_scam_while_booking_hotel/",
      "childNodeCount": 2,
      "compatibilityMode": "NoQuirksMode",
      "documentURL": "https://www.reddit.com/r/IsThisAScamIndia/comments/1ute5iw/upi_scam_while_booking_hotel/",
      "isScrollable": true,
      "localName": "",
      "nodeId": 0,
      "nodeName": "#document",
      "nodeType": 9,
      "nodeValue": "",
      "xmlVersion": ""
   }
}
[1785845126.354][DEBUG]: DevTools WebSocket Command: Runtime.releaseObjectGroup (id=57) (session_id=6B5F1EB51F18E17137D824F0EDF637C5) F1BCCB5B21A87D794D53A7AF1A5C5093 {
   "objectGroup": "28425ff7-12a5-4218-a4ea-102e43b8ac4f"
}
[1785845126.355][DEBUG]: DevTools WebSocket Command: Runtime.evaluate (id=58) (session_id=6B5F1EB51F18E17137D824F0EDF637C5) F1BCCB5B21A87D794D53A7AF1A5C5093 {
   "awaitPromise": false,
   "expression": "document.readyState",
   "returnByValue": true,
   "uniqueContextId": "1613965290626080511.-2172407407344146633"
}
[1785845126.540][DEBUG]: DevTools WebSocket Response: Runtime.releaseObjectGroup (id=57) (session_id=6B5F1EB51F18E17137D824F0EDF637C5) F1BCCB5B21A87D794D53A7AF1A5C5093 {
}
[1785845126.540][DEBUG]: DevTools WebSocket Response: Runtime.evaluate (id=58) (session_id=6B5F1EB51F18E17137D824F0EDF637C5) F1BCCB5B21A87D794D53A7AF1A5C5093 {
   "result": {
      "type": "string",
      "value": "interactive"
   }
}
[1785845127.052][DEBUG]: DevTools WebSocket Command: Runtime.evaluate (id=59) (session_id=6B5F1EB51F18E17137D824F0EDF637C5) F1BCCB5B21A87D794D53A7AF1A5C5093 {
   "expression": "1"
}
[25479:25479:0804/173527.288567:INFO:CONSOLE:4] "A preload for 'https://www.reddit.com/svc/events/preload-head?renderId=fbd80f41-859f-42fe-af35-c4d25ff0355f&pageType=post_detail' is found, but is not used because the request credentials mode does not match. Consider taking a look at crossorigin attribute.", source: data:text/javascript,%0A%20%20%20%20%20%20%20%20window.STICKY_CANARY%20%3D%20'false'%3B%0A%20%20%20%20%20%20%20%20window.PRE_PRODUCTION%20%3D%20'false'%3B%0A%20%20%20%20%20%20%20%20if(%22fetch%22in%20window)%7Bconst%20n%3Dwindow.fetch%3Bwindow.fetch%3Dfunction(e%2Ct)%7Bconst%20r%3Dnew%20Headers(t%3F.headers%3F%3F(e%20instanceof%20Request%3Fe.headers%3Avoid%200))%2Ca%3De%20instanceof%20Request%3Fe.url%3Ae%2Co%3D!new%20URLSearchParams(a).has(%22x_use_preprod%22)%3Breturn%22true%22%3D%3D%3Dwindow.PRE_PRODUCTION%26%26o%26%26function(n)%7Bif(%22string%22%3D%3Dtypeof%20n%26%26n.match(%2F%5E%5C%2F%2F))return!0%3Bconst%20e%3Dn%20instanceof%20URL%3Fn%3Anew%20URL(n)%3Breturn%20window.location.host%3D%3D%3De.host%7D(a)%26%26r.set(%22X-Use-Preprod%22%2C%22always%22)%2Cn(e%2C%7B...t%7C%7C%7B%7D%2Cheaders%3Ar%7D)%7D%7Dif(%22sendBeacon%22in%20navigator)%7Bconst%20n%3Dnavigator.sendBeacon.bind(navigator)%3Bnavigator.sendBeacon%3Dfunction(e%2Ct)%7Bconst%20r%3Dfunction(n)%7Bif(%22true%22!%3D%3Dwindow.PRE_PRODUCTION)return%20n%3Bconst%20e%3Dn%20instanceof%20URL%3Fn%3Anew%20URL(n%2Cdocument.baseURI)%3Bif(!e.searchParams.has(%22x_use_preprod%22))return%20e.searchParams.set(%22x_use_preprod%22%2C%22always%22)%2Ce.toString()%3Breturn%20n%7D(e)%3Breturn%20n.call(navigator%2Cr%2Ct)%7D%7Dvar%20n%3D%7B%7D%3Bexport%7Bn%20as%20default%7D%3B%0A%3B%0A%20%20%20%20%20%20 (4)
[1785845127.289][DEBUG]: DevTools WebSocket Response: Runtime.evaluate (id=59) (session_id=6B5F1EB51F18E17137D824F0EDF637C5) F1BCCB5B21A87D794D53A7AF1A5C5093 {
   "result": {
      "description": "1",
      "type": "number",
      "value": 1
   }
}
[1785845127.290][DEBUG]: DevTools WebSocket Event: Log.entryAdded (session_id=6B5F1EB51F18E17137D824F0EDF637C5) F1BCCB5B21A87D794D53A7AF1A5C5093 {
   "entry": {
      "level": "warning",
      "lineNumber": 3,
      "source": "other",
      "stackTrace": {
         "callFrames": [ {
            "columnNumber": 440,
            "functionName": "window.fetch",
            "lineNumber": 3,
            "scriptId": "92",
            "url": ""
         }, {
            "columnNumber": 182385,
            "functionName": "apply",
            "lineNumber": 6,
            "scriptId": "22",
            "url": "https://www.redditstatic.com/js/concat?prefix=en-US/&chunks=CuwoqDoBPD,Dx0EaY5eE7,sef8IJAfJW"
         }, {
            "columnNumber": 15498,
            "functionName": "",
            "lineNumber": 0,
            "scriptId": "152",
            "url": "https://www.redditstatic.com/shreddit/sentry-DswLfAC_.js"
         }, {
            "columnNumber": 87,
            "functionName": "",
            "lineNumber": 19,
            "scriptId": "88",
            "url": "https://www.reddit.com/r/IsThisAScamIndia/comments/1ute5iw/upi_scam_while_booking_hotel/"
         } ]
      },
      "text": "A preload for 'https://www.reddit.com/svc/events/preload-head?renderId=fbd80f41-859f-42fe-af35-c4d25ff0355f&pageType=post_detail' is found, but is not used because the request credentials mode does...",
      "timestamp": 1.785845127281565e+12,
      "url": "data:text/javascript,%0A%20%20%20%20%20%20%20%20window.STICKY_CANARY%20%3D%20'false'%3B%0A%20%20%20%20%20%20%20%20window.PRE_PRODUCTION%20%3D%20'false'%3B%0A%20%20%20%20%20%20%20%20if(%22fetch%22in..."
   }
}
[1785845127.290][DEBUG]: DevTools WebSocket Command: Runtime.evaluate (id=60) (session_id=6B5F1EB51F18E17137D824F0EDF637C5) F1BCCB5B21A87D794D53A7AF1A5C5093 {
   "expression": "1"
}
[1785845127.325][DEBUG]: DevTools WebSocket Event: Page.loadEventFired (session_id=6B5F1EB51F18E17137D824F0EDF637C5) F1BCCB5B21A87D794D53A7AF1A5C5093 {
   "timestamp": 70443.520365
}
[1785845127.325][DEBUG]: DevTools WebSocket Command: Runtime.evaluate (id=61) (session_id=6B5F1EB51F18E17137D824F0EDF637C5) F1BCCB5B21A87D794D53A7AF1A5C5093 {
   "awaitPromise": false,
   "expression": "document.readyState",
   "returnByValue": true,
   "uniqueContextId": "1613965290626080511.-2172407407344146633"
}
[1785845127.339][DEBUG]: DevTools WebSocket Event: Page.frameStoppedLoading (session_id=6B5F1EB51F18E17137D824F0EDF637C5) F1BCCB5B21A87D794D53A7AF1A5C5093 {
   "frameId": "F1BCCB5B21A87D794D53A7AF1A5C5093"
}
[1785845127.379][DEBUG]: DevTools WebSocket Response: Runtime.evaluate (id=60) (session_id=6B5F1EB51F18E17137D824F0EDF637C5) F1BCCB5B21A87D794D53A7AF1A5C5093 {
   "result": {
      "description": "1",
      "type": "number",
      "value": 1
   }
}
[1785845127.379][DEBUG]: DevTools WebSocket Event: Log.entryAdded (session_id=6B5F1EB51F18E17137D824F0EDF637C5) F1BCCB5B21A87D794D53A7AF1A5C5093 {
   "entry": {
      "level": "warning",
      "source": "other",
      "text": "\u003Cmeta name=\"apple-mobile-web-app-capable\" content=\"yes\"> is deprecated. Please include \u003Cmeta name=\"mobile-web-app-capable\" content=\"yes\">",
      "timestamp": 1.785845127356993e+12,
      "url": "https://www.reddit.com/r/IsThisAScamIndia/comments/1ute5iw/upi_scam_while_booking_hotel/"
   }
}
[25479:25479:0804/173527.380140:INFO:CONSOLE:0] "<meta name="apple-mobile-web-app-capable" content="yes"> is deprecated. Please include <meta name="mobile-web-app-capable" content="yes">", source: https://www.reddit.com/r/IsThisAScamIndia/comments/1ute5iw/upi_scam_while_booking_hotel/ (0)
[1785845127.385][DEBUG]: DevTools WebSocket Response: Runtime.evaluate (id=61) (session_id=6B5F1EB51F18E17137D824F0EDF637C5) F1BCCB5B21A87D794D53A7AF1A5C5093 {
   "result": {
      "type": "string",
      "value": "complete"
   }
}
[1785845127.386][INFO]: Done waiting for pending navigations. Status: ok
[1785845127.407][INFO]: [a90c3b2f4a48d5352240843ed6bac79e] RESPONSE Navigate
[25479:25479:0804/173527.892692:INFO:CONSOLE:0] "Banner not shown: beforeinstallpromptevent.preventDefault() called. The page must call beforeinstallpromptevent.prompt() to show the banner.", source: https://www.reddit.com/r/IsThisAScamIndia/comments/1ute5iw/upi_scam_while_booking_hotel/ (0)
[25479:25479:0804/173531.010975:INFO:CONSOLE:0] "The resource https://www.reddit.com/svc/events/preload-head?renderId=fbd80f41-859f-42fe-af35-c4d25ff0355f&pageType=post_detail was preloaded using link preload but not used within a few seconds from the window's load event. Please make sure it has an appropriate `as` value and it is preloaded intentionally.", source: https://www.reddit.com/r/IsThisAScamIndia/comments/1ute5iw/upi_scam_while_booking_hotel/ (0)
[1785845134.395][INFO]: [a90c3b2f4a48d5352240843ed6bac79e] COMMAND Screenshot {
}
[1785845134.501][DEBUG]: DevTools WebSocket Event: Log.entryAdded (session_id=6B5F1EB51F18E17137D824F0EDF637C5) F1BCCB5B21A87D794D53A7AF1A5C5093 {
   "entry": {
      "level": "info",
      "source": "other",
      "text": "Banner not shown: beforeinstallpromptevent.preventDefault() called. The page must call beforeinstallpromptevent.prompt() to show the banner.",
      "timestamp": 1.785845127880429e+12,
      "url": "https://www.reddit.com/r/IsThisAScamIndia/comments/1ute5iw/upi_scam_while_booking_hotel/"
   }
}
[1785845134.501][DEBUG]: DevTools WebSocket Event: Log.entryAdded (session_id=6B5F1EB51F18E17137D824F0EDF637C5) F1BCCB5B21A87D794D53A7AF1A5C5093 {
   "entry": {
      "level": "warning",
      "source": "javascript",
      "text": "The resource https://www.reddit.com/svc/events/preload-head?renderId=fbd80f41-859f-42fe-af35-c4d25ff0355f&pageType=post_detail was preloaded using link preload but not used within a few seconds fro...",
      "timestamp": 1.78584513096591e+12,
      "url": "https://www.reddit.com/r/IsThisAScamIndia/comments/1ute5iw/upi_scam_while_booking_hotel/"
   }
}
[1785845134.501][DEBUG]: DevTools WebSocket Event: Page.frameAttached (session_id=42D50DE8F6B347F6F1007E8668A9B1E5) 42D50DE8F6B347F6F1007E8668A9B1E5 {
   "frameId": "BFBBDE036A71F0F38081B7E2448EC862",
   "parentFrameId": "B02921D39F0CCB3C682A269317601E54",
   "stack": {
      "callFrames": [ {
         "columnNumber": 183,
         "functionName": "",
         "lineNumber": 282,
         "scriptId": "7",
         "url": "https://www.gstatic.com/recaptcha/releases/w_Yb7dGGXaKesJ7BMiqFJqBG/recaptcha__en.js"
      }, {
         "columnNumber": 326,
         "functionName": "",
         "lineNumber": 1198,
         "scriptId": "7",
         "url": "https://www.gstatic.com/recaptcha/releases/w_Yb7dGGXaKesJ7BMiqFJqBG/recaptcha__en.js"
      }, {
         "columnNumber": 309,
         "functionName": "",
         "lineNumber": 1205,
         "scriptId": "7",
         "url": "https://www.gstatic.com/recaptcha/releases/w_Yb7dGGXaKesJ7BMiqFJqBG/recaptcha__en.js"
      }, {
         "columnNumber": 202,
         "functionName": "",
         "lineNumber": 352,
         "scriptId": "7",
         "url": "https://www.gstatic.com/recaptcha/releases/w_Yb7dGGXaKesJ7BMiqFJqBG/recaptcha__en.js"
      }, {
         "columnNumber": 194,
         "functionName": "",
         "lineNumber": 221,
         "scriptId": "7",
         "url": "https://www.gstatic.com/recaptcha/releases/w_Yb7dGGXaKesJ7BMiqFJqBG/recaptcha__en.js"
      }, {
         "columnNumber": 201,
         "functionName": "",
         "lineNumber": 575,
         "scriptId": "7",
         "url": "https://www.gstatic.com/recaptcha/releases/w_Yb7dGGXaKesJ7BMiqFJqBG/recaptcha__en.js"
      }, {
         "columnNumber": 94,
         "functionName": "",
         "lineNumber": 386,
         "scriptId": "7",
         "url": "https://www.gstatic.com/recaptcha/releases/w_Yb7dGGXaKesJ7BMiqFJqBG/recaptcha__en.js"
      }, {
         "columnNumber": 257,
         "functionName": "",
         "lineNumber": 127,
         "scriptId": "7",
         "url": "https://www.gstatic.com/recaptcha/releases/w_Yb7dGGXaKesJ7BMiqFJqBG/recaptcha__en.js"
      }, {
         "columnNumber": 239,
         "functionName": "r.next",
         "lineNumber": 679,
         "scriptId": "7",
         "url": "https://www.gstatic.com/recaptcha/releases/w_Yb7dGGXaKesJ7BMiqFJqBG/recaptcha__en.js"
      }, {
         "columnNumber": 371,
         "functionName": "",
         "lineNumber": 138,
         "scriptId": "7",
         "url": "https://www.gstatic.com/recaptcha/releases/w_Yb7dGGXaKesJ7BMiqFJqBG/recaptcha__en.js"
      }, {
         "columnNumber": 264,
         "functionName": "",
         "lineNumber": 138,
         "scriptId": "7",
         "url": "https://www.gstatic.com/recaptcha/releases/w_Yb7dGGXaKesJ7BMiqFJqBG/recaptcha__en.js"
      }, {
         "columnNumber": 69,
         "functionName": "",
         "lineNumber": 722,
         "scriptId": "7",
         "url": "https://www.gstatic.com/recaptcha/releases/w_Yb7dGGXaKesJ7BMiqFJqBG/recaptcha__en.js"
      }, {
         "columnNumber": 451,
         "functionName": "g.Y",
         "lineNumber": 385,
         "scriptId": "7",
         "url": "https://www.gstatic.com/recaptcha/releases/w_Yb7dGGXaKesJ7BMiqFJqBG/recaptcha__en.js"
      }, {
         "columnNumber": 217,
         "functionName": "",
         "lineNumber": 221,
         "scriptId": "7",
         "url": "https://www.gstatic.com/recaptcha/releases/w_Yb7dGGXaKesJ7BMiqFJqBG/recaptcha__en.js"
      }, {
         "columnNumber": 257,
         "functionName": "",
         "lineNumber": 127,
         "scriptId": "7",
         "url": "https://www.gstatic.com/recaptcha/releases/w_Yb7dGGXaKesJ7BMiqFJqBG/recaptcha__en.js"
      }, {
         "columnNumber": 239,
         "functionName": "r.next",
         "lineNumber": 679,
         "scriptId": "7",
         "url": "https://www.gstatic.com/recaptcha/releases/w_Yb7dGGXaKesJ7BMiqFJqBG/recaptcha__en.js"
      }, {
         "columnNumber": 371,
         "functionName": "",
         "lineNumber": 138,
         "scriptId": "7",
         "url": "https://www.gstatic.com/recaptcha/releases/w_Yb7dGGXaKesJ7BMiqFJqBG/recaptcha__en.js"
      }, {
         "columnNumber": 264,
         "functionName": "",
         "lineNumber": 138,
         "scriptId": "7",
         "url": "https://www.gstatic.com/recaptcha/releases/w_Yb7dGGXaKesJ7BMiqFJqBG/recaptcha__en.js"
      }, {
         "columnNumber": 69,
         "functionName": "",
         "lineNumber": 722,
         "scriptId": "7",
         "url": "https://www.gstatic.com/recaptcha/releases/w_Yb7dGGXaKesJ7BMiqFJqBG/recaptcha__en.js"
      }, "..." ]
   }
}
[1785845134.502][DEBUG]: DevTools WebSocket Event: Page.frameRequestedNavigation (session_id=42D50DE8F6B347F6F1007E8668A9B1E5) 42D50DE8F6B347F6F1007E8668A9B1E5 {
   "disposition": "currentTab",
   "frameId": "BFBBDE036A71F0F38081B7E2448EC862",
   "reason": "initialFrameNavigation",
   "url": "about:blank"
}
[1785845134.502][DEBUG]: DevTools WebSocket Event: Page.frameNavigated (session_id=42D50DE8F6B347F6F1007E8668A9B1E5) 42D50DE8F6B347F6F1007E8668A9B1E5 {
   "frame": {
      "adFrameStatus": {
         "adFrameType": "none",
         "explanations": [  ]
      },
      "crossOriginIsolatedContextType": "NotIsolatedFeatureDisabled",
      "domainAndRegistry": "",
      "gatedAPIFeatures": [  ],
      "id": "BFBBDE036A71F0F38081B7E2448EC862",
      "loaderId": "C933DE0279469DD6D5009F384C51DD51",
      "mimeType": "text/html",
      "name": "",
      "parentId": "B02921D39F0CCB3C682A269317601E54",
      "secureContextType": "Secure",
      "securityOrigin": "://",
      "securityOriginDetails": {
         "isLocalhost": false
      },
      "url": "about:blank"
   },
   "type": "Navigation"
}
[1785845134.502][INFO]: Waiting for pending navigations...
[1785845134.502][DEBUG]: DevTools WebSocket Command: Runtime.evaluate (id=62) (session_id=6B5F1EB51F18E17137D824F0EDF637C5) F1BCCB5B21A87D794D53A7AF1A5C5093 {
   "expression": "1"
}
[1785845134.870][DEBUG]: DevTools WebSocket Event: Page.frameStartedLoading (session_id=42D50DE8F6B347F6F1007E8668A9B1E5) 42D50DE8F6B347F6F1007E8668A9B1E5 {
   "frameId": "BFBBDE036A71F0F38081B7E2448EC862"
}
[1785845136.072][DEBUG]: DevTools WebSocket Event: Runtime.executionContextCreated (session_id=42D50DE8F6B347F6F1007E8668A9B1E5) 42D50DE8F6B347F6F1007E8668A9B1E5 {
   "context": {
      "auxData": {
         "frameId": "BFBBDE036A71F0F38081B7E2448EC862",
         "isDefault": true,
         "type": "default"
      },
      "id": 2,
      "name": "",
      "origin": "https://www.google.com",
      "uniqueId": "6855353048718808327.4773315321031682841"
   }
}
[1785845136.072][DEBUG]: DevTools WebSocket Event: Page.frameStoppedLoading (session_id=42D50DE8F6B347F6F1007E8668A9B1E5) 42D50DE8F6B347F6F1007E8668A9B1E5 {
   "frameId": "BFBBDE036A71F0F38081B7E2448EC862"
}
[1785845136.072][DEBUG]: DevTools WebSocket Event: Page.frameAttached (session_id=6B5F1EB51F18E17137D824F0EDF637C5) F1BCCB5B21A87D794D53A7AF1A5C5093 {
   "frameId": "C2E57BB9675271C04E1A9EF80A0AA052",
   "parentFrameId": "F1BCCB5B21A87D794D53A7AF1A5C5093",
   "stack": {
      "callFrames": [ {
         "columnNumber": 307,
         "functionName": "",
         "lineNumber": 305,
         "scriptId": "151",
         "url": "https://www.gstatic.com/recaptcha/releases/w_Yb7dGGXaKesJ7BMiqFJqBG/recaptcha__en.js"
      }, {
         "columnNumber": 54,
         "functionName": "jk.l.Y.dh",
         "lineNumber": 1571,
         "scriptId": "151",
         "url": "https://www.gstatic.com/recaptcha/releases/w_Yb7dGGXaKesJ7BMiqFJqBG/recaptcha__en.js"
      }, {
         "columnNumber": 101,
         "functionName": "",
         "lineNumber": 218,
         "scriptId": "151",
         "url": "https://www.gstatic.com/recaptcha/releases/w_Yb7dGGXaKesJ7BMiqFJqBG/recaptcha__en.js"
      }, {
         "columnNumber": 110,
         "functionName": "jk.l.Y.r3",
         "lineNumber": 1570,
         "scriptId": "151",
         "url": "https://www.gstatic.com/recaptcha/releases/w_Yb7dGGXaKesJ7BMiqFJqBG/recaptcha__en.js"
      }, {
         "columnNumber": 109,
         "functionName": "",
         "lineNumber": 669,
         "scriptId": "151",
         "url": "https://www.gstatic.com/recaptcha/releases/w_Yb7dGGXaKesJ7BMiqFJqBG/recaptcha__en.js"
      }, {
         "columnNumber": 290,
         "functionName": "S1",
         "lineNumber": 981,
         "scriptId": "151",
         "url": "https://www.gstatic.com/recaptcha/releases/w_Yb7dGGXaKesJ7BMiqFJqBG/recaptcha__en.js"
      }, {
         "columnNumber": 386,
         "functionName": "",
         "lineNumber": 399,
         "scriptId": "151",
         "url": "https://www.gstatic.com/recaptcha/releases/w_Yb7dGGXaKesJ7BMiqFJqBG/recaptcha__en.js"
      }, {
         "columnNumber": 463,
         "functionName": "jk.l.Y.ec",
         "lineNumber": 1571,
         "scriptId": "151",
         "url": "https://www.gstatic.com/recaptcha/releases/w_Yb7dGGXaKesJ7BMiqFJqBG/recaptcha__en.js"
      } ]
   }
}
[1785845136.132][DEBUG]: DevTools WebSocket Event: Page.frameRequestedNavigation (session_id=6B5F1EB51F18E17137D824F0EDF637C5) F1BCCB5B21A87D794D53A7AF1A5C5093 {
   "disposition": "currentTab",
   "frameId": "C2E57BB9675271C04E1A9EF80A0AA052",
   "reason": "initialFrameNavigation",
   "url": "about:blank"
}
[1785845136.132][DEBUG]: DevTools WebSocket Event: Page.frameNavigated (session_id=6B5F1EB51F18E17137D824F0EDF637C5) F1BCCB5B21A87D794D53A7AF1A5C5093 {
   "frame": {
      "adFrameStatus": {
         "adFrameType": "none",
         "explanations": [  ]
      },
      "crossOriginIsolatedContextType": "NotIsolated",
      "domainAndRegistry": "",
      "gatedAPIFeatures": [  ],
      "id": "C2E57BB9675271C04E1A9EF80A0AA052",
      "loaderId": "C67CCDAC9EB7CBDC43572582D5C31462",
      "mimeType": "text/html",
      "name": "",
      "parentId": "F1BCCB5B21A87D794D53A7AF1A5C5093",
      "secureContextType": "Secure",
      "securityOrigin": "://",
      "securityOriginDetails": {
         "isLocalhost": false
      },
      "url": "about:blank"
   },
   "type": "Navigation"
}
[1785845136.132][DEBUG]: DevTools WebSocket Event: Page.frameStartedLoading (session_id=6B5F1EB51F18E17137D824F0EDF637C5) F1BCCB5B21A87D794D53A7AF1A5C5093 {
   "frameId": "C2E57BB9675271C04E1A9EF80A0AA052"
}
[1785845136.153][DEBUG]: DevTools WebSocket Event: Runtime.executionContextCreated (session_id=6B5F1EB51F18E17137D824F0EDF637C5) F1BCCB5B21A87D794D53A7AF1A5C5093 {
   "context": {
      "auxData": {
         "frameId": "C2E57BB9675271C04E1A9EF80A0AA052",
         "isDefault": true,
         "type": "default"
      },
      "id": 12,
      "name": "",
      "origin": "https://www.reddit.com",
      "uniqueId": "-6445060037671199513.-7596924231013059772"
   }
}
[1785845136.153][DEBUG]: DevTools WebSocket Event: Page.frameStoppedLoading (session_id=6B5F1EB51F18E17137D824F0EDF637C5) F1BCCB5B21A87D794D53A7AF1A5C5093 {
   "frameId": "C2E57BB9675271C04E1A9EF80A0AA052"
}
[1785845136.153][DEBUG]: DevTools WebSocket Event: Page.frameSubtreeWillBeDetached (session_id=6B5F1EB51F18E17137D824F0EDF637C5) F1BCCB5B21A87D794D53A7AF1A5C5093 {
   "frameId": "C2E57BB9675271C04E1A9EF80A0AA052"
}
[1785845136.175][DEBUG]: DevTools WebSocket Event: Page.frameDetached (session_id=6B5F1EB51F18E17137D824F0EDF637C5) F1BCCB5B21A87D794D53A7AF1A5C5093 {
   "frameId": "C2E57BB9675271C04E1A9EF80A0AA052",
   "reason": "remove"
}
[1785845136.189][DEBUG]: DevTools WebSocket Event: Runtime.executionContextDestroyed (session_id=6B5F1EB51F18E17137D824F0EDF637C5) F1BCCB5B21A87D794D53A7AF1A5C5093 {
   "executionContextId": 12,
   "executionContextUniqueId": "-6445060037671199513.-7596924231013059772"
}
[1785845137.046][DEBUG]: DevTools WebSocket Response: Runtime.evaluate (id=62) (session_id=6B5F1EB51F18E17137D824F0EDF637C5) F1BCCB5B21A87D794D53A7AF1A5C5093 {
   "result": {
      "description": "1",
      "type": "number",
      "value": 1
   }
}
[1785845137.046][INFO]: Done waiting for pending navigations. Status: ok
[1785845137.050][DEBUG]: DevTools WebSocket Command: Target.activateTarget (id=63) (session_id=) browser {
   "targetId": "F1BCCB5B21A87D794D53A7AF1A5C5093"
}
[1785845137.079][DEBUG]: DevTools WebSocket Response: Target.activateTarget (id=63) (session_id=) browser {
}
[1785845137.079][DEBUG]: DevTools WebSocket Command: Page.captureScreenshot (id=64) (session_id=6B5F1EB51F18E17137D824F0EDF637C5) F1BCCB5B21A87D794D53A7AF1A5C5093 {
}
[25479:25479:0804/173537.803789:WARNING:ui/ozone/platform/wayland/host/zwp_idle_inhibit_manager.cc:65] Cannot inhibit going idle when no window is focused
[25579:25579:0804/173537.847374:ERROR:gpu/command_buffer/service/shared_image/shared_image_manager.cc:254] SharedImageManager::ProduceSkia: Trying to Produce a Skia representation from a non-existent mailbox.
[1785845140.524][DEBUG]: DevTools WebSocket Response: Page.captureScreenshot (id=64) (session_id=6B5F1EB51F18E17137D824F0EDF637C5) F1BCCB5B21A87D794D53A7AF1A5C5093 {
   "data": "iVBORw0KGgoAAAANSUhEUgAAB1QAAALJCAIAAACMVYahAAAQAElEQVR4nOzdBXwT5xsH8PeS1N1b6tBiRUpxd3cfOtyGjKFj/DfGgLENd3d315biUJy2aI2WurtG/s/dJdc0tVRpy/P9ZN3lcne5XEJy97v3nlcgkUgIQgh9h9hvP0r6X46RLIq9S/+PeSh7ouwpq..."
}
[1785845140.530][INFO]: Waiting for pending navigations...
[1785845140.530][DEBUG]: DevTools WebSocket Command: Runtime.evaluate (id=65) (session_id=6B5F1EB51F18E17137D824F0EDF637C5) F1BCCB5B21A87D794D53A7AF1A5C5093 {
   "expression": "1"
}
[1785845141.112][DEBUG]: DevTools WebSocket Event: Log.entryAdded (session_id=6B5F1EB51F18E17137D824F0EDF637C5) F1BCCB5B21A87D794D53A7AF1A5C5093 {
   "entry": {
      "level": "error",
      "networkRequestId": "25650.223",
      "source": "network",
      "text": "Failed to load resource: the server responded with a status of 404 ()",
      "timestamp": 1.785845141023624e+12,
      "url": "https://styles.redditmedia.com/t5_gwzkwu/styles/communityIcon_7o7voj315deh1.jpg?width=128&frame=1&auto=webp&s=ce3fc3b36a225f08b10e2c47dc078d499c73a1ca"
   }
}
[1785845141.338][DEBUG]: DevTools WebSocket Response: Runtime.evaluate (id=65) (session_id=6B5F1EB51F18E17137D824F0EDF637C5) F1BCCB5B21A87D794D53A7AF1A5C5093 {
   "result": {
      "description": "1",
      "type": "number",
      "value": 1
   }
}
[1785845141.339][INFO]: Done waiting for pending navigations. Status: ok
[1785845141.339][INFO]: [a90c3b2f4a48d5352240843ed6bac79e] RESPONSE Screenshot "iVBORw0KGgoAAAANSUhEUgAAB1QAAALJCAIAAACMVYahAAAQAElEQVR4nOzdBXwT5xsH8PeS1N1b6tBiRUpxd3cfOtyGjKFj/DfGgLENd3d315biUJy2aI2WurtG/s/dJdc0tVRpy/P9ZN3lcne5XEJy97v3nlcgkUgIQgh9h9hvP0r6X46RLIq9S/+PeSh7ouwpq..."
[25479:25479:0804/173543.063370:INFO:CONSOLE:0] "The resource https://www.reddit.com/svc/events/preload-head?renderId=fbd80f41-859f-42fe-af35-c4d25ff0355f&pageType=post_detail was preloaded using link preload but not used within a few seconds from the window's load event. Please make sure it has an appropriate `as` value and it is preloaded intentionally.", source: https://www.reddit.com/r/IsThisAScamIndia/comments/1ute5iw/upi_scam_while_booking_hotel/ (0)
[25479:25479:0804/173550.990098:INFO:CONSOLE:0] "The resource https://www.reddit.com/svc/events/preload-head?renderId=fbd80f41-859f-42fe-af35-c4d25ff0355f&pageType=post_detail was preloaded using link preload but not used within a few seconds from the window's load event. Please make sure it has an appropriate `as` value and it is preloaded intentionally.", source: https://www.reddit.com/r/IsThisAScamIndia/comments/1ute5iw/upi_scam_while_booking_hotel/ (0)
[1785845232.854][INFO]: [a90c3b2f4a48d5352240843ed6bac79e] COMMAND Navigate {
   "url": "https://www.reddit.com/r/IsThisAScamIndia/comments/1urw06f/instagram_fake_profile_gpay_upi_scam/"
}
[1785845232.867][DEBUG]: DevTools WebSocket Event: Log.entryAdded (session_id=6B5F1EB51F18E17137D824F0EDF637C5) F1BCCB5B21A87D794D53A7AF1A5C5093 {
   "entry": {
      "level": "warning",
      "source": "javascript",
      "text": "The resource https://www.reddit.com/svc/events/preload-head?renderId=fbd80f41-859f-42fe-af35-c4d25ff0355f&pageType=post_detail was preloaded using link preload but not used within a few seconds fro...",
      "timestamp": 1.785845142978909e+12,
      "url": "https://www.reddit.com/r/IsThisAScamIndia/comments/1ute5iw/upi_scam_while_booking_hotel/"
   }
}
[1785845232.867][DEBUG]: DevTools WebSocket Event: Log.entryAdded (session_id=6B5F1EB51F18E17137D824F0EDF637C5) F1BCCB5B21A87D794D53A7AF1A5C5093 {
   "entry": {
      "level": "warning",
      "source": "javascript",
      "text": "The resource https://www.reddit.com/svc/events/preload-head?renderId=fbd80f41-859f-42fe-af35-c4d25ff0355f&pageType=post_detail was preloaded using link preload but not used within a few seconds fro...",
      "timestamp": 1.785845150980545e+12,
      "url": "https://www.reddit.com/r/IsThisAScamIndia/comments/1ute5iw/upi_scam_while_booking_hotel/"
   }
}
[1785845232.867][INFO]: Waiting for pending navigations...
[1785845232.867][DEBUG]: DevTools WebSocket Command: Runtime.evaluate (id=66) (session_id=6B5F1EB51F18E17137D824F0EDF637C5) F1BCCB5B21A87D794D53A7AF1A5C5093 {
   "expression": "1"
}
[1785845233.004][DEBUG]: DevTools WebSocket Response: Runtime.evaluate (id=66) (session_id=6B5F1EB51F18E17137D824F0EDF637C5) F1BCCB5B21A87D794D53A7AF1A5C5093 {
   "result": {
      "description": "1",
      "type": "number",
      "value": 1
   }
}
[1785845233.005][INFO]: Done waiting for pending navigations. Status: ok
[1785845233.006][DEBUG]: DevTools WebSocket Command: Page.navigate (id=67) (session_id=6B5F1EB51F18E17137D824F0EDF637C5) F1BCCB5B21A87D794D53A7AF1A5C5093 {
   "url": "https://www.reddit.com/r/IsThisAScamIndia/comments/1urw06f/instagram_fake_profile_gpay_upi_scam/"
}
[1785845233.362][DEBUG]: DevTools WebSocket Event: Page.frameStartedNavigating (session_id=6B5F1EB51F18E17137D824F0EDF637C5) F1BCCB5B21A87D794D53A7AF1A5C5093 {
   "frameId": "F1BCCB5B21A87D794D53A7AF1A5C5093",
   "loaderId": "3AEB8BB6E777525EC93E068112FEFAD1",
   "navigationType": "differentDocument",
   "url": "https://www.reddit.com/r/IsThisAScamIndia/comments/1urw06f/instagram_fake_profile_gpay_upi_scam/"
}
[1785845233.609][DEBUG]: DevTools WebSocket Event: Page.frameStartedLoading (session_id=6B5F1EB51F18E17137D824F0EDF637C5) F1BCCB5B21A87D794D53A7AF1A5C5093 {
   "frameId": "F1BCCB5B21A87D794D53A7AF1A5C5093"
}
[1785845234.422][DEBUG]: DevTools WebSocket Response: Page.navigate (id=67) (session_id=6B5F1EB51F18E17137D824F0EDF637C5) F1BCCB5B21A87D794D53A7AF1A5C5093 {
   "frameId": "F1BCCB5B21A87D794D53A7AF1A5C5093",
   "isDownload": false,
   "loaderId": "3AEB8BB6E777525EC93E068112FEFAD1"
}
[1785845234.422][INFO]: Waiting for pending navigations...
[1785845234.422][DEBUG]: DevTools WebSocket Command: Runtime.evaluate (id=68) (session_id=6B5F1EB51F18E17137D824F0EDF637C5) F1BCCB5B21A87D794D53A7AF1A5C5093 {
   "expression": "1"
}
[1785845234.461][DEBUG]: DevTools WebSocket Event: Target.detachedFromTarget (session_id=6B5F1EB51F18E17137D824F0EDF637C5) F1BCCB5B21A87D794D53A7AF1A5C5093 {
   "sessionId": "42D50DE8F6B347F6F1007E8668A9B1E5",
   "targetId": "B02921D39F0CCB3C682A269317601E54"
}
[1785845234.549][DEBUG]: DevTools WebSocket Event: Runtime.executionContextsCleared (session_id=6B5F1EB51F18E17137D824F0EDF637C5) F1BCCB5B21A87D794D53A7AF1A5C5093 {
}
[1785845234.625][DEBUG]: DevTools WebSocket Event: Page.frameDetached (session_id=6B5F1EB51F18E17137D824F0EDF637C5) F1BCCB5B21A87D794D53A7AF1A5C5093 {
   "frameId": "B02921D39F0CCB3C682A269317601E54",
   "reason": "remove"
}
[1785845234.703][DEBUG]: DevTools WebSocket Event: Runtime.executionContextsCleared (session_id=6B5F1EB51F18E17137D824F0EDF637C5) F1BCCB5B21A87D794D53A7AF1A5C5093 {
}
[1785845234.703][DEBUG]: DevTools WebSocket Event: Page.frameNavigated (session_id=6B5F1EB51F18E17137D824F0EDF637C5) F1BCCB5B21A87D794D53A7AF1A5C5093 {
   "frame": {
      "adFrameStatus": {
         "adFrameType": "none"
      },
      "crossOriginIsolatedContextType": "NotIsolated",
      "domainAndRegistry": "reddit.com",
      "gatedAPIFeatures": [  ],
      "id": "F1BCCB5B21A87D794D53A7AF1A5C5093",
      "loaderId": "3AEB8BB6E777525EC93E068112FEFAD1",
      "mimeType": "text/html",
      "secureContextType": "Secure",
      "securityOrigin": "https://www.reddit.com",
      "securityOriginDetails": {
         "isLocalhost": false
      },
      "url": "https://www.reddit.com/r/IsThisAScamIndia/comments/1urw06f/instagram_fake_profile_gpay_upi_scam/"
   },
   "type": "Navigation"
}
[1785845235.201][DEBUG]: DevTools WebSocket Event: Runtime.executionContextCreated (session_id=6B5F1EB51F18E17137D824F0EDF637C5) F1BCCB5B21A87D794D53A7AF1A5C5093 {
   "context": {
      "auxData": {
         "frameId": "F1BCCB5B21A87D794D53A7AF1A5C5093",
         "isDefault": true,
         "type": "default"
      },
      "id": 13,
      "name": "",
      "origin": "https://www.reddit.com",
      "uniqueId": "6705386645285171645.3821749218210673423"
   }
}
[1785845235.298][DEBUG]: DevTools WebSocket Response: Runtime.evaluate (id=68) (session_id=6B5F1EB51F18E17137D824F0EDF637C5) F1BCCB5B21A87D794D53A7AF1A5C5093 {
   "result": {
      "description": "1",
      "type": "number",
      "value": 1
   }
}
[1785845235.569][DEBUG]: DevTools WebSocket Event: Page.domContentEventFired (session_id=6B5F1EB51F18E17137D824F0EDF637C5) F1BCCB5B21A87D794D53A7AF1A5C5093 {
   "timestamp": 70551.447937
}
[1785845235.571][DEBUG]: DevTools WebSocket Command: Runtime.evaluate (id=69) (session_id=6B5F1EB51F18E17137D824F0EDF637C5) F1BCCB5B21A87D794D53A7AF1A5C5093 {
   "expression": "1"
}
[1785845235.615][DEBUG]: DevTools WebSocket Response: Runtime.evaluate (id=69) (session_id=6B5F1EB51F18E17137D824F0EDF637C5) F1BCCB5B21A87D794D53A7AF1A5C5093 {
   "result": {
      "description": "1",
      "type": "number",
      "value": 1
   }
}
[25479:25479:0804/173715.984191:INFO:CONSOLE:370] "Navigation listeners online", source: https://www.redditstatic.com/js/concat?prefix=en-US/&chunks=-KmOOjyGw1,-_Z8y8lWRC,08y7PdU6zW,0O3S-Z8Ewd,16qbgFRuXU,1Le3QCrRcK,1NFNvCeJcA,2tgrsJhyYn,3RFrewsn-j,3SdddH1ehJ,42dusQFANQ,5MxjpAJ143,5gnsbNk4nB,5zUazaw7qg,6I6fxdyezN,6sJYESTzpL,87Jz88SbJL,90utJVOlBm,9KPYN0r90F,9PuujxW4b4,Ayj_o28QWA,B-WwcjICQk,B1WKhvkv5-,B2EwaqQcZ5,B2lVqhep_V,B3GVX4Rdkp,B4PNVipSVm,B5p3cOzi-t,B65d8mZ9dk,B6tlmRaQ6b,B8HTKoonTq,B9DKPyTEZw,BDNW6G7_U3,BEOPiENBrb,BEyivIxm9a,BGIHMp-QOJ,BGvgIKlc50,BH7gXgvV9A,BISeIKHqXw,BKlBC92SXh,BKtcazCatC,BOHVS3XvfD,BPzVLzsN1o,BRBEKyCK4z,BRiYGcWOr-,BRzKFJiEal,BSMAJ9fDdn,BTwVJOVWDt,BUMMeq8Zui,BUhybUtttN,BWRPB7v4cF,BWvq4UpJaN,BXXgKkaOPX,BY64KtJvTR,BYjM68Gr8i,B_MDaTXkUW,B_mzHcc0PD,BbW-hW7X_5,BcXjPCEWRo,BcnwXkLUXU,Be3s6QBziA,BgTVQg6EDg,BhmGVpndTD,BidnaRyR03,BjEXIMGP05,BkB-rlSWxX,BlVOGlgJR4,Bm_MFXrQev,BnKbhFhn6l,Bo7U5FQT2O,BrB1v0r_aZ,BrS8IisZvj,BvjY988e_d,Bwqj9Nk0We,BxsS_Ituw6,By3Q1qo6h5,C0Dyb-_txM,C0cW-ARjSr,C14EwL96qN,C3dTXRjxS9,C3rRDMd0o_,C50AfiQtHD,C5FI5pecM8,C8wrP6DNqO,C9SVvkiLKt,CD1xFNGFiA,CDR-ZMrvGl,CDXR-YYT26,CDZ6RrlJPA,CEvq12cbO2,CGCtuxFQj3,CGERehv_tC,CGexpwSDzn,CH8C78J0qI,CJKyOD_bN3,CJZO6zCEnN,CJgmADX7X2,CK2AsMbmGu,CK6oYdFMqB,CKRR6IrfWM,CKxrtMNEGu,CNaCdGiJNn,COpfg54yKR,CPNDQntYf6,CPrxmHiDch,CQJ3DGdqJF,CQo8HkpzMb,CQq-Cp0Blx,CRoedqMYhX,CS61MZGaAB,CSmXbHpgjr,CUjWhuc4Cr,CUnzqlDEOV,CVtwyzvyLf,CWdgPT4hz8,CZ97L14WTF,C_wkn9Z44-,CaLU6siFb-,CaPrWvE-gG,CafmMtcdXC,CbKa0Kvkuq,CcQznlnToQ,CenfgK95y4,CgBvNNpxda,CgPjN5-bJ-,Cgu8KpvBJu,ChdOnn69lo,Cizw1qXet2,CjasHxKCEN,CkfXZN4_5P,CkwJJunXoW,Cl4z8y9ZCv,CqHuGQ-dJI,Cs19cXlrmZ,CsJ9jkLQSY,Ct_V1_1Iq9,CuF89IFCaB,CvHJqPANHh,CvdNLZy_6I,Cvq5ocxcYo,Cx7gyJDN-E,D-Arrjud8b,D-EVHM4B1-,D05IYu91Io,D0JPJDZ8Gm,D0_pb16XMD,D2V-44U665,D5OS95bB1f,D8Ec_3T1lX,D8OVN1k_Fk,DAsnN8jNqq,DBdLVQ9vSp,DCN4G9zUB7,DDS7LsJD4u,DDfu0dLjsJ,DF9OG6IEsl,DGVfP0xEDO,DH7Cu6Xx10,DHHv70wd1E,DJ9_kIlSX2,DKFdpF2EL6,DLn0XlwLZK,DMJi8fKWjs,DMisApyvNK,DO1p8fYwRq,DOBMj1-q9s,DO_GW4J2V3,DQpecAW_AH,DQtJwCOKZ1,DRkjQoy4xY,DTHgGYvzLH,DUjjq2ZphM,DW6wCOG2M0,DZ1C92KZQ0,DZx28qil9e,D_8jTuZoIB,D_mGuLkW0_,DaqPytQETE,DeX6KsM9me,DerZ3y8kxw,DfFy62ZuSE,Dg-uf-AAZM,Dgioc3PhWI,Dh6MTQuO0R,DiKKE9lFYS,DlZhFhbeIB,Dm5fNiFVpg,DmZxnxYM3-,DmpRPa9t8U,DnJU73yLA8,DoL9rQ-e8n,DskjgVZ08z,Du42KGPYbk,DvMQgDcKjg,DwNVCX27fq,DzXnbRCb5h,E0zvCuW4Ws,ECe39Nk3HF,GP-EU5__2o,GjdLWOW600,Hy54JnqbbU,Itsmpwic0V,J5Pi2QIJnB,JCaUZajuVA,KkdgqwB0BJ,LMqjufl_WW,LTKChQOqAn,LaOuLx0DjO,MpebUPTBtT,NELI-W6wWl,Ps7ODeibXm,QUY4U243y4,RNTpNHlM6M,SAKjj1el0H,SxF0nnzF18,Ui9I3bP1Qi,UsFJaVvFY0,VvBYKHC73P,WQhPRvAMHC,Xd6PFe627X,ZxDGjUiK9o,aQ-cqOIBkW,aXF80aXccu,b_hQOB7con,ccB42_B4Gs,fKeuEcfPBi,gYn-7O9ZxJ,hDPI-TN32M,hXqif9vxl8,jlIGvMzKfA,jtW2R-nON3,l5bLH5YrVy,lXmtgL270o,munE2tb7I1,nR-YITLJKf,oOrhxKUPUU,oUPk-XcWPs,pOZEd-zbzi,pjmgHYXXQ1,potCvVE70Q,s95aNgOPqt,sckv9PCrPW,sj5bztRxwq,tTJ6vWIv2F,tbO7K_O15f,ulu4Q0BL0z,v3NQcCKlpX,xw9oywGUJO,ynkffpluXR,yyeqxZP5AF (370)
[1785845235.985][DEBUG]: DevTools WebSocket Event: Runtime.consoleAPICalled (session_id=6B5F1EB51F18E17137D824F0EDF637C5) F1BCCB5B21A87D794D53A7AF1A5C5093 {
   "args": [ {
      "type": "string",
      "value": "Navigation listeners online"
   } ],
   "executionContextId": 13,
   "stackTrace": {
      "callFrames": [ {
         "columnNumber": 6004,
         "functionName": "enableHybridNavigation",
         "lineNumber": 369,
         "scriptId": "57",
         "url": "https://www.redditstatic.com/js/concat?prefix=en-US/&chunks=-KmOOjyGw1,-_Z8y8lWRC,08y7PdU6zW,0O3S-Z8Ewd,16qbgFRuXU,1Le3QCrRcK,1NFNvCeJcA,2tgrsJhyYn,3RFrewsn-j,3SdddH1ehJ,42dusQFANQ,5MxjpAJ143,5gnsb..."
      } ]
   },
   "timestamp": 1.785845235983822e+12,
   "type": "log"
}
[1785845235.986][DEBUG]: DevTools WebSocket Command: Runtime.evaluate (id=70) (session_id=6B5F1EB51F18E17137D824F0EDF637C5) F1BCCB5B21A87D794D53A7AF1A5C5093 {
   "expression": "1"
}
[1785845237.780][DEBUG]: DevTools WebSocket Response: Runtime.evaluate (id=70) (session_id=6B5F1EB51F18E17137D824F0EDF637C5) F1BCCB5B21A87D794D53A7AF1A5C5093 {
   "result": {
      "description": "1",
      "type": "number",
      "value": 1
   }
}
[25479:25479:0804/173718.051521:INFO:CONSOLE:7] "Error: platform-health", source: https://www.redditstatic.com/js/concat?prefix=en-US/&chunks=CuwoqDoBPD,Dx0EaY5eE7,sef8IJAfJW (7)
[1785845238.055][DEBUG]: DevTools WebSocket Event: Runtime.consoleAPICalled (session_id=6B5F1EB51F18E17137D824F0EDF637C5) F1BCCB5B21A87D794D53A7AF1A5C5093 {
   "args": [ {
      "className": "Error",
      "description": "Error: platform-health",
      "objectId": "3280294668383185029.13.1",
      "preview": {
         "description": "Error: platform-health",
         "overflow": false,
         "properties": [ {
            "name": "stack",
            "type": "accessor"
         }, {
            "name": "message",
            "type": "string",
            "value": "platform-health"
         } ],
         "subtype": "error",
         "type": "object"
      },
      "subtype": "error",
      "type": "object"
   } ],
   "executionContextId": 13,
   "stackTrace": {
      "callFrames": [ {
         "columnNumber": 144884,
         "functionName": "sd",
         "lineNumber": 6,
         "scriptId": "22",
         "url": "https://www.redditstatic.com/js/concat?prefix=en-US/&chunks=CuwoqDoBPD,Dx0EaY5eE7,sef8IJAfJW"
      }, {
         "columnNumber": 145375,
         "functionName": "",
         "lineNumber": 6,
         "scriptId": "22",
         "url": "https://www.redditstatic.com/js/concat?prefix=en-US/&chunks=CuwoqDoBPD,Dx0EaY5eE7,sef8IJAfJW"
      } ]
   },
   "timestamp": 1.785845238047558e+12,
   "type": "debug"
}
[1785845238.055][DEBUG]: DevTools WebSocket Command: Runtime.evaluate (id=71) (session_id=6B5F1EB51F18E17137D824F0EDF637C5) F1BCCB5B21A87D794D53A7AF1A5C5093 {
   "expression": "1"
}
[1785845238.268][DEBUG]: DevTools WebSocket Event: Log.entryAdded (session_id=6B5F1EB51F18E17137D824F0EDF637C5) F1BCCB5B21A87D794D53A7AF1A5C5093 {
   "entry": {
      "level": "error",
      "lineNumber": 3,
      "source": "security",
      "stackTrace": {
         "callFrames": [ {
            "columnNumber": 440,
            "functionName": "window.fetch",
            "lineNumber": 3,
            "scriptId": "172",
            "url": ""
         }, {
            "columnNumber": 182385,
            "functionName": "apply",
            "lineNumber": 6,
            "scriptId": "22",
            "url": "https://www.redditstatic.com/js/concat?prefix=en-US/&chunks=CuwoqDoBPD,Dx0EaY5eE7,sef8IJAfJW"
         }, {
            "columnNumber": 390,
            "functionName": "pd",
            "lineNumber": 144,
            "scriptId": "214",
            "url": "https://www.googletagmanager.com/gtag/js?id=AW-788729857"
         }, {
            "columnNumber": 1283,
            "functionName": "ko",
            "lineNumber": 310,
            "scriptId": "214",
            "url": "https://www.googletagmanager.com/gtag/js?id=AW-788729857"
         }, {
            "columnNumber": 738,
            "functionName": "Wy",
            "lineNumber": 530,
            "scriptId": "214",
            "url": "https://www.googletagmanager.com/gtag/js?id=AW-788729857"
         }, {
            "columnNumber": 120,
            "functionName": "fA",
            "lineNumber": 541,
            "scriptId": "214",
            "url": "https://www.googletagmanager.com/gtag/js?id=AW-788729857"
         }, {
            "columnNumber": 102,
            "functionName": "XL",
            "lineNumber": 752,
            "scriptId": "214",
            "url": "https://www.googletagmanager.com/gtag/js?id=AW-788729857"
         }, {
            "columnNumber": 280,
            "functionName": "ON",
            "lineNumber": 778,
            "scriptId": "214",
            "url": "https://www.googletagmanager.com/gtag/js?id=AW-788729857"
         }, {
            "columnNumber": 441,
            "functionName": "f",
            "lineNumber": 779,
            "scriptId": "214",
            "url": "https://www.googletagmanager.com/gtag/js?id=AW-788729857"
         }, {
            "columnNumber": 428,
            "functionName": "",
            "lineNumber": 781,
            "scriptId": "214",
            "url": "https://www.googletagmanager.com/gtag/js?id=AW-788729857"
         }, {
            "columnNumber": 75,
            "functionName": "Rl",
            "lineNumber": 293,
            "scriptId": "214",
            "url": "https://www.googletagmanager.com/gtag/js?id=AW-788729857"
         }, {
            "columnNumber": 240,
            "functionName": "np",
            "lineNumber": 322,
            "scriptId": "214",
            "url": "https://www.googletagmanager.com/gtag/js?id=AW-788729857"
         }, {
            "columnNumber": 414,
            "functionName": "QN",
            "lineNumber": 781,
            "scriptId": "214",
            "url": "https://www.googletagmanager.com/gtag/js?id=AW-788729857"
         }, {
            "columnNumber": 269,
            "functionName": "u",
            "lineNumber": 598,
            "scriptId": "214",
            "url": "https://www.googletagmanager.com/gtag/js?id=AW-788729857"
         }, {
            "columnNumber": 647,
            "functionName": "uo",
            "lineNumber": 312,
            "scriptId": "214",
            "url": "https://www.googletagmanager.com/gtag/js?id=AW-788729857"
         }, {
            "columnNumber": 368,
            "functionName": "oD",
            "lineNumber": 598,
            "scriptId": "214",
            "url": "https://www.googletagmanager.com/gtag/js?id=AW-788729857"
         }, {
            "columnNumber": 80,
            "functionName": "",
            "lineNumber": 602,
            "scriptId": "214",
            "url": "https://www.googletagmanager.com/gtag/js?id=AW-788729857"
         }, {
            "columnNumber": 378,
            "functionName": "",
            "lineNumber": 600,
            "scriptId": "214",
            "url": "https://www.googletagmanager.com/gtag/js?id=AW-788729857"
         }, {
            "columnNumber": 626,
            "functionName": "wD",
            "lineNumber": 604,
            "scriptId": "214",
            "url": "https://www.googletagmanager.com/gtag/js?id=AW-788729857"
         }, "..." ]
      },
      "text": "Connecting to 'https://ad.doubleclick.net/ccm/s/collect?auid=1384499798.1785831673&gtm=45be67v1v9217137991za200zd9217137991xec' violates the following Content Security Policy directive: \"connect-sr...",
      "timestamp": 1.785845238254304e+12,
      "url": "data:text/javascript,%0A%20%20%20%20%20%20%20%20window.STICKY_CANARY%20%3D%20'false'%3B%0A%20%20%20%20%20%20%20%20window.PRE_PRODUCTION%20%3D%20'false'%3B%0A%20%20%20%20%20%20%20%20if(%22fetch%22in..."
   }
}
[25479:25479:0804/173718.272237:INFO:CONSOLE:4] "Connecting to 'https://ad.doubleclick.net/ccm/s/collect?auid=1384499798.1785831673&gtm=45be67v1v9217137991za200zd9217137991xec' violates the following Content Security Policy directive: "connect-src 'self' *.redditmedia.com *.redd.it *.reddit.com www.redditstatic.com vimeo.com accounts.google.com/gsi/ www.google.com/recaptcha/ reddit-uploaded-emoji.s3-accelerate.amazonaws.com reddit-uploaded-media.s3.amazonaws.com reddit-uploaded-media.s3-accelerate.amazonaws.com reddit-uploaded-video.s3.amazonaws.com reddit-uploaded-video.s3-accelerate.amazonaws.com reddit-subreddit-uploaded-media.s3-accelerate.amazonaws.com wss://*.wss.redditmedia.com wss://gql-realtime.reddit.com *.giphy.com js.stripe.com support.reddithelp.com matrix.redditspace.com www.google.com/ccm/ bridge.worldcoin.org". The action has been blocked.", source: data:text/javascript,%0A%20%20%20%20%20%20%20%20window.STICKY_CANARY%20%3D%20'false'%3B%0A%20%20%20%20%20%20%20%20window.PRE_PRODUCTION%20%3D%20'false'%3B%0A%20%20%20%20%20%20%20%20if(%22fetch%22in%20window)%7Bconst%20n%3Dwindow.fetch%3Bwindow.fetch%3Dfunction(e%2Ct)%7Bconst%20r%3Dnew%20Headers(t%3F.headers%3F%3F(e%20instanceof%20Request%3Fe.headers%3Avoid%200))%2Ca%3De%20instanceof%20Request%3Fe.url%3Ae%2Co%3D!new%20URLSearchParams(a).has(%22x_use_preprod%22)%3Breturn%22true%22%3D%3D%3Dwindow.PRE_PRODUCTION%26%26o%26%26function(n)%7Bif(%22string%22%3D%3Dtypeof%20n%26%26n.match(%2F%5E%5C%2F%2F))return!0%3Bconst%20e%3Dn%20instanceof%20URL%3Fn%3Anew%20URL(n)%3Breturn%20window.location.host%3D%3D%3De.host%7D(a)%26%26r.set(%22X-Use-Preprod%22%2C%22always%22)%2Cn(e%2C%7B...t%7C%7C%7B%7D%2Cheaders%3Ar%7D)%7D%7Dif(%22sendBeacon%22in%20navigator)%7Bconst%20n%3Dnavigator.sendBeacon.bind(navigator)%3Bnavigator.sendBeacon%3Dfunction(e%2Ct)%7Bconst%20r%3Dfunction(n)%7Bif(%22true%22!%3D%3Dwindow.PRE_PRODUCTION)return%20n%3Bconst%20e%3Dn%20instanceof%20URL%3Fn%3Anew%20URL(n%2Cdocument.baseURI)%3Bif(!e.searchParams.has(%22x_use_preprod%22))return%20e.searchParams.set(%22x_use_preprod%22%2C%22always%22)%2Ce.toString()%3Breturn%20n%7D(e)%3Breturn%20n.call(navigator%2Cr%2Ct)%7D%7Dvar%20n%3D%7B%7D%3Bexport%7Bn%20as%20default%7D%3B%0A%3B%0A%20%20%20%20%20%20 (4)
[25479:25479:0804/173718.274926:INFO:CONSOLE:4] "Fetch API cannot load https://ad.doubleclick.net/ccm/s/collect?auid=1384499798.1785831673&gtm=45be67v1v9217137991za200zd9217137991xec. Refused to connect because it violates the document's Content Security Policy.", source: data:text/javascript,%0A%20%20%20%20%20%20%20%20window.STICKY_CANARY%20%3D%20'false'%3B%0A%20%20%20%20%20%20%20%20window.PRE_PRODUCTION%20%3D%20'false'%3B%0A%20%20%20%20%20%20%20%20if(%22fetch%22in%20window)%7Bconst%20n%3Dwindow.fetch%3Bwindow.fetch%3Dfunction(e%2Ct)%7Bconst%20r%3Dnew%20Headers(t%3F.headers%3F%3F(e%20instanceof%20Request%3Fe.headers%3Avoid%200))%2Ca%3De%20instanceof%20Request%3Fe.url%3Ae%2Co%3D!new%20URLSearchParams(a).has(%22x_use_preprod%22)%3Breturn%22true%22%3D%3D%3Dwindow.PRE_PRODUCTION%26%26o%26%26function(n)%7Bif(%22string%22%3D%3Dtypeof%20n%26%26n.match(%2F%5E%5C%2F%2F))return!0%3Bconst%20e%3Dn%20instanceof%20URL%3Fn%3Anew%20URL(n)%3Breturn%20window.location.host%3D%3D%3De.host%7D(a)%26%26r.set(%22X-Use-Preprod%22%2C%22always%22)%2Cn(e%2C%7B...t%7C%7C%7B%7D%2Cheaders%3Ar%7D)%7D%7Dif(%22sendBeacon%22in%20navigator)%7Bconst%20n%3Dnavigator.sendBeacon.bind(navigator)%3Bnavigator.sendBeacon%3Dfunction(e%2Ct)%7Bconst%20r%3Dfunction(n)%7Bif(%22true%22!%3D%3Dwindow.PRE_PRODUCTION)return%20n%3Bconst%20e%3Dn%20instanceof%20URL%3Fn%3Anew%20URL(n%2Cdocument.baseURI)%3Bif(!e.searchParams.has(%22x_use_preprod%22))return%20e.searchParams.set(%22x_use_preprod%22%2C%22always%22)%2Ce.toString()%3Breturn%20n%7D(e)%3Breturn%20n.call(navigator%2Cr%2Ct)%7D%7Dvar%20n%3D%7B%7D%3Bexport%7Bn%20as%20default%7D%3B%0A%3B%0A%20%20%20%20%20%20 (4)
[1785845238.278][DEBUG]: DevTools WebSocket Event: Log.entryAdded (session_id=6B5F1EB51F18E17137D824F0EDF637C5) F1BCCB5B21A87D794D53A7AF1A5C5093 {
   "entry": {
      "level": "error",
      "lineNumber": 3,
      "source": "javascript",
      "stackTrace": {
         "callFrames": [ {
            "columnNumber": 440,
            "functionName": "window.fetch",
            "lineNumber": 3,
            "scriptId": "172",
            "url": ""
         }, {
            "columnNumber": 182385,
            "functionName": "apply",
            "lineNumber": 6,
            "scriptId": "22",
            "url": "https://www.redditstatic.com/js/concat?prefix=en-US/&chunks=CuwoqDoBPD,Dx0EaY5eE7,sef8IJAfJW"
         }, {
            "columnNumber": 390,
            "functionName": "pd",
            "lineNumber": 144,
            "scriptId": "214",
            "url": "https://www.googletagmanager.com/gtag/js?id=AW-788729857"
         }, {
            "columnNumber": 1283,
            "functionName": "ko",
            "lineNumber": 310,
            "scriptId": "214",
            "url": "https://www.googletagmanager.com/gtag/js?id=AW-788729857"
         }, {
            "columnNumber": 738,
            "functionName": "Wy",
            "lineNumber": 530,
            "scriptId": "214",
            "url": "https://www.googletagmanager.com/gtag/js?id=AW-788729857"
         }, {
            "columnNumber": 120,
            "functionName": "fA",
            "lineNumber": 541,
            "scriptId": "214",
            "url": "https://www.googletagmanager.com/gtag/js?id=AW-788729857"
         }, {
            "columnNumber": 102,
            "functionName": "XL",
            "lineNumber": 752,
            "scriptId": "214",
            "url": "https://www.googletagmanager.com/gtag/js?id=AW-788729857"
         }, {
            "columnNumber": 280,
            "functionName": "ON",
            "lineNumber": 778,
            "scriptId": "214",
            "url": "https://www.googletagmanager.com/gtag/js?id=AW-788729857"
         }, {
            "columnNumber": 441,
            "functionName": "f",
            "lineNumber": 779,
            "scriptId": "214",
            "url": "https://www.googletagmanager.com/gtag/js?id=AW-788729857"
         }, {
            "columnNumber": 428,
            "functionName": "",
            "lineNumber": 781,
            "scriptId": "214",
            "url": "https://www.googletagmanager.com/gtag/js?id=AW-788729857"
         }, {
            "columnNumber": 75,
            "functionName": "Rl",
            "lineNumber": 293,
            "scriptId": "214",
            "url": "https://www.googletagmanager.com/gtag/js?id=AW-788729857"
         }, {
            "columnNumber": 240,
            "functionName": "np",
            "lineNumber": 322,
            "scriptId": "214",
            "url": "https://www.googletagmanager.com/gtag/js?id=AW-788729857"
         }, {
            "columnNumber": 414,
            "functionName": "QN",
            "lineNumber": 781,
            "scriptId": "214",
            "url": "https://www.googletagmanager.com/gtag/js?id=AW-788729857"
         }, {
            "columnNumber": 269,
            "functionName": "u",
            "lineNumber": 598,
            "scriptId": "214",
            "url": "https://www.googletagmanager.com/gtag/js?id=AW-788729857"
         }, {
            "columnNumber": 647,
            "functionName": "uo",
            "lineNumber": 312,
            "scriptId": "214",
            "url": "https://www.googletagmanager.com/gtag/js?id=AW-788729857"
         }, {
            "columnNumber": 368,
            "functionName": "oD",
            "lineNumber": 598,
            "scriptId": "214",
            "url": "https://www.googletagmanager.com/gtag/js?id=AW-788729857"
         }, {
            "columnNumber": 80,
            "functionName": "",
            "lineNumber": 602,
            "scriptId": "214",
            "url": "https://www.googletagmanager.com/gtag/js?id=AW-788729857"
         }, {
            "columnNumber": 378,
            "functionName": "",
            "lineNumber": 600,
            "scriptId": "214",
            "url": "https://www.googletagmanager.com/gtag/js?id=AW-788729857"
         }, {
            "columnNumber": 626,
            "functionName": "wD",
            "lineNumber": 604,
            "scriptId": "214",
            "url": "https://www.googletagmanager.com/gtag/js?id=AW-788729857"
         }, "..." ]
      },
      "text": "Fetch API cannot load https://ad.doubleclick.net/ccm/s/collect?auid=1384499798.1785831673&gtm=45be67v1v9217137991za200zd9217137991xec. Refused to connect because it violates the document's Content ...",
      "timestamp": 1.785845238260629e+12,
      "url": "data:text/javascript,%0A%20%20%20%20%20%20%20%20window.STICKY_CANARY%20%3D%20'false'%3B%0A%20%20%20%20%20%20%20%20window.PRE_PRODUCTION%20%3D%20'false'%3B%0A%20%20%20%20%20%20%20%20if(%22fetch%22in..."
   }
}
[25479:25479:0804/173718.357308:INFO:CONSOLE:4] "Connecting to 'https://www.google.com/rmkt/collect/788729857/?random=1785845238218&cv=11&fst=1785845238218&fmt=8&bg=ffffff&guid=ON&async=1&en=gtag.config&gtm=45be67v1v9217137991za200zd9217137991xec&gcd=13l3l3l3l1l1&dma=0&tag_exp=115938466~115938468~118395335~118897920~118897930~119896803&u_w=1396&u_h=785&url=https%3A%2F%2Fwww.reddit.com%2Fr%2FIsThisAScamIndia%2Fcomments%2F1urw06f%2Finstagram_fake_profile_gpay_upi_scam%2F&rcb=12&frm=0&tiba=Instagram%20fake%20profile%20-%20Gpay%20UPI%20Scam%20%3A%20r%2FIsThisAScamIndia&hn=www.googleadservices.com&npa=0&pscdl=noapi&auid=1384499798.1785831673&uaa=x86&uab=64&uafvl=Chromium%3B151.0.7922.71%7CNot%253DA%253FBrand%3B99.0.0.0&uamb=0&uam=&uap=Linux&uapv=&uaw=0&data=event%3Dgtag.config&ept=68&gcp=5' violates the following Content Security Policy directive: "connect-src 'self' *.redditmedia.com *.redd.it *.reddit.com www.redditstatic.com vimeo.com accounts.google.com/gsi/ www.google.com/recaptcha/ reddit-uploaded-emoji.s3-accelerate.amazonaws.com reddit-uploaded-media.s3.amazonaws.com reddit-uploaded-media.s3-accelerate.amazonaws.com reddit-uploaded-video.s3.amazonaws.com reddit-uploaded-video.s3-accelerate.amazonaws.com reddit-subreddit-uploaded-media.s3-accelerate.amazonaws.com wss://*.wss.redditmedia.com wss://gql-realtime.reddit.com *.giphy.com js.stripe.com support.reddithelp.com matrix.redditspace.com www.google.com/ccm/ bridge.worldcoin.org". The action has been blocked.", source: data:text/javascript,%0A%20%20%20%20%20%20%20%20window.STICKY_CANARY%20%3D%20'false'%3B%0A%20%20%20%20%20%20%20%20window.PRE_PRODUCTION%20%3D%20'false'%3B%0A%20%20%20%20%20%20%20%20if(%22fetch%22in%20window)%7Bconst%20n%3Dwindow.fetch%3Bwindow.fetch%3Dfunction(e%2Ct)%7Bconst%20r%3Dnew%20Headers(t%3F.headers%3F%3F(e%20instanceof%20Request%3Fe.headers%3Avoid%200))%2Ca%3De%20instanceof%20Request%3Fe.url%3Ae%2Co%3D!new%20URLSearchParams(a).has(%22x_use_preprod%22)%3Breturn%22true%22%3D%3D%3Dwindow.PRE_PRODUCTION%26%26o%26%26function(n)%7Bif(%22string%22%3D%3Dtypeof%20n%26%26n.match(%2F%5E%5C%2F%2F))return!0%3Bconst%20e%3Dn%20instanceof%20URL%3Fn%3Anew%20URL(n)%3Breturn%20window.location.host%3D%3D%3De.host%7D(a)%26%26r.set(%22X-Use-Preprod%22%2C%22always%22)%2Cn(e%2C%7B...t%7C%7C%7B%7D%2Cheaders%3Ar%7D)%7D%7Dif(%22sendBeacon%22in%20navigator)%7Bconst%20n%3Dnavigator.sendBeacon.bind(navigator)%3Bnavigator.sendBeacon%3Dfunction(e%2Ct)%7Bconst%20r%3Dfunction(n)%7Bif(%22true%22!%3D%3Dwindow.PRE_PRODUCTION)return%20n%3Bconst%20e%3Dn%20instanceof%20URL%3Fn%3Anew%20URL(n%2Cdocument.baseURI)%3Bif(!e.searchParams.has(%22x_use_preprod%22))return%20e.searchParams.set(%22x_use_preprod%22%2C%22always%22)%2Ce.toString()%3Breturn%20n%7D(e)%3Breturn%20n.call(navigator%2Cr%2Ct)%7D%7Dvar%20n%3D%7B%7D%3Bexport%7Bn%20as%20default%7D%3B%0A%3B%0A%20%20%20%20%20%20 (4)
[1785845238.359][DEBUG]: DevTools WebSocket Event: Log.entryAdded (session_id=6B5F1EB51F18E17137D824F0EDF637C5) F1BCCB5B21A87D794D53A7AF1A5C5093 {
   "entry": {
      "level": "error",
      "lineNumber": 3,
      "source": "security",
      "stackTrace": {
         "callFrames": [ {
            "columnNumber": 440,
            "functionName": "window.fetch",
            "lineNumber": 3,
            "scriptId": "172",
            "url": ""
         }, {
            "columnNumber": 182385,
            "functionName": "apply",
            "lineNumber": 6,
            "scriptId": "22",
            "url": "https://www.redditstatic.com/js/concat?prefix=en-US/&chunks=CuwoqDoBPD,Dx0EaY5eE7,sef8IJAfJW"
         }, {
            "columnNumber": 33,
            "functionName": "",
            "lineNumber": 327,
            "scriptId": "214",
            "url": "https://www.googletagmanager.com/gtag/js?id=AW-788729857"
         }, {
            "columnNumber": 736,
            "functionName": "",
            "lineNumber": 325,
            "scriptId": "214",
            "url": "https://www.googletagmanager.com/gtag/js?id=AW-788729857"
         }, {
            "columnNumber": 466,
            "functionName": "t",
            "lineNumber": 452,
            "scriptId": "214",
            "url": "https://www.googletagmanager.com/gtag/js?id=AW-788729857"
         }, {
            "columnNumber": 125,
            "functionName": "",
            "lineNumber": 519,
            "scriptId": "214",
            "url": "https://www.googletagmanager.com/gtag/js?id=AW-788729857"
         }, {
            "columnNumber": 389,
            "functionName": "Vu",
            "lineNumber": 453,
            "scriptId": "214",
            "url": "https://www.googletagmanager.com/gtag/js?id=AW-788729857"
         }, {
            "columnNumber": 859,
            "functionName": "t",
            "lineNumber": 450,
            "scriptId": "214",
            "url": "https://www.googletagmanager.com/gtag/js?id=AW-788729857"
         }, {
            "columnNumber": 908,
            "functionName": "Uu",
            "lineNumber": 450,
            "scriptId": "214",
            "url": "https://www.googletagmanager.com/gtag/js?id=AW-788729857"
         }, {
            "columnNumber": 326,
            "functionName": "Yu",
            "lineNumber": 455,
            "scriptId": "214",
            "url": "https://www.googletagmanager.com/gtag/js?id=AW-788729857"
         }, {
            "columnNumber": 746,
            "functionName": "Zu",
            "lineNumber": 455,
            "scriptId": "214",
            "url": "https://www.googletagmanager.com/gtag/js?id=AW-788729857"
         }, {
            "columnNumber": 303,
            "functionName": "",
            "lineNumber": 541,
            "scriptId": "214",
            "url": "https://www.googletagmanager.com/gtag/js?id=AW-788729857"
         }, {
            "columnNumber": 137,
            "functionName": "e",
            "lineNumber": 499,
            "scriptId": "214",
            "url": "https://www.googletagmanager.com/gtag/js?id=AW-788729857"
         }, {
            "columnNumber": 478,
            "functionName": "fx",
            "lineNumber": 499,
            "scriptId": "214",
            "url": "https://www.googletagmanager.com/gtag/js?id=AW-788729857"
         }, {
            "columnNumber": 182,
            "functionName": "fA",
            "lineNumber": 541,
            "scriptId": "214",
            "url": "https://www.googletagmanager.com/gtag/js?id=AW-788729857"
         }, {
            "columnNumber": 102,
            "functionName": "XL",
            "lineNumber": 752,
            "scriptId": "214",
            "url": "https://www.googletagmanager.com/gtag/js?id=AW-788729857"
         }, {
            "columnNumber": 280,
            "functionName": "ON",
            "lineNumber": 778,
            "scriptId": "214",
            "url": "https://www.googletagmanager.com/gtag/js?id=AW-788729857"
         }, {
            "columnNumber": 441,
            "functionName": "f",
            "lineNumber": 779,
            "scriptId": "214",
            "url": "https://www.googletagmanager.com/gtag/js?id=AW-788729857"
         }, {
            "columnNumber": 428,
            "functionName": "",
            "lineNumber": 781,
            "scriptId": "214",
            "url": "https://www.googletagmanager.com/gtag/js?id=AW-788729857"
         }, "..." ]
      },
      "text": "Connecting to 'https://www.google.com/rmkt/collect/788729857/?random=1785845238218&cv=11&fst=1785845238218&fmt=8&bg=ffffff&guid=ON&async=1&en=gtag.config&gtm=45be67v1v9217137991za200zd9217137991xec...",
      "timestamp": 1.785845238354975e+12,
      "url": "data:text/javascript,%0A%20%20%20%20%20%20%20%20window.STICKY_CANARY%20%3D%20'false'%3B%0A%20%20%20%20%20%20%20%20window.PRE_PRODUCTION%20%3D%20'false'%3B%0A%20%20%20%20%20%20%20%20if(%22fetch%22in..."
   }
}
[25479:25479:0804/173718.367565:INFO:CONSOLE:4] "Fetch API cannot load https://www.google.com/rmkt/collect/788729857/?random=1785845238218&cv=11&fst=1785845238218&fmt=8&bg=ffffff&guid=ON&async=1&en=gtag.config&gtm=45be67v1v9217137991za200zd9217137991xec&gcd=13l3l3l3l1l1&dma=0&tag_exp=115938466~115938468~118395335~118897920~118897930~119896803&u_w=1396&u_h=785&url=https%3A%2F%2Fwww.reddit.com%2Fr%2FIsThisAScamIndia%2Fcomments%2F1urw06f%2Finstagram_fake_profile_gpay_upi_scam%2F&rcb=12&frm=0&tiba=Instagram%20fake%20profile%20-%20Gpay%20UPI%20Scam%20%3A%20r%2FIsThisAScamIndia&hn=www.googleadservices.com&npa=0&pscdl=noapi&auid=1384499798.1785831673&uaa=x86&uab=64&uafvl=Chromium%3B151.0.7922.71%7CNot%253DA%253FBrand%3B99.0.0.0&uamb=0&uam=&uap=Linux&uapv=&uaw=0&data=event%3Dgtag.config&ept=68&gcp=5. Refused to connect because it violates the document's Content Security Policy.", source: data:text/javascript,%0A%20%20%20%20%20%20%20%20window.STICKY_CANARY%20%3D%20'false'%3B%0A%20%20%20%20%20%20%20%20window.PRE_PRODUCTION%20%3D%20'false'%3B%0A%20%20%20%20%20%20%20%20if(%22fetch%22in%20window)%7Bconst%20n%3Dwindow.fetch%3Bwindow.fetch%3Dfunction(e%2Ct)%7Bconst%20r%3Dnew%20Headers(t%3F.headers%3F%3F(e%20instanceof%20Request%3Fe.headers%3Avoid%200))%2Ca%3De%20instanceof%20Request%3Fe.url%3Ae%2Co%3D!new%20URLSearchParams(a).has(%22x_use_preprod%22)%3Breturn%22true%22%3D%3D%3Dwindow.PRE_PRODUCTION%26%26o%26%26function(n)%7Bif(%22string%22%3D%3Dtypeof%20n%26%26n.match(%2F%5E%5C%2F%2F))return!0%3Bconst%20e%3Dn%20instanceof%20URL%3Fn%3Anew%20URL(n)%3Breturn%20window.location.host%3D%3D%3De.host%7D(a)%26%26r.set(%22X-Use-Preprod%22%2C%22always%22)%2Cn(e%2C%7B...t%7C%7C%7B%7D%2Cheaders%3Ar%7D)%7D%7Dif(%22sendBeacon%22in%20navigator)%7Bconst%20n%3Dnavigator.sendBeacon.bind(navigator)%3Bnavigator.sendBeacon%3Dfunction(e%2Ct)%7Bconst%20r%3Dfunction(n)%7Bif(%22true%22!%3D%3Dwindow.PRE_PRODUCTION)return%20n%3Bconst%20e%3Dn%20instanceof%20URL%3Fn%3Anew%20URL(n%2Cdocument.baseURI)%3Bif(!e.searchParams.has(%22x_use_preprod%22))return%20e.searchParams.set(%22x_use_preprod%22%2C%22always%22)%2Ce.toString()%3Breturn%20n%7D(e)%3Breturn%20n.call(navigator%2Cr%2Ct)%7D%7Dvar%20n%3D%7B%7D%3Bexport%7Bn%20as%20default%7D%3B%0A%3B%0A%20%20%20%20%20%20 (4)
[1785845238.372][DEBUG]: DevTools WebSocket Event: Log.entryAdded (session_id=6B5F1EB51F18E17137D824F0EDF637C5) F1BCCB5B21A87D794D53A7AF1A5C5093 {
   "entry": {
      "level": "error",
      "lineNumber": 3,
      "source": "javascript",
      "stackTrace": {
         "callFrames": [ {
            "columnNumber": 440,
            "functionName": "window.fetch",
            "lineNumber": 3,
            "scriptId": "172",
            "url": ""
         }, {
            "columnNumber": 182385,
            "functionName": "apply",
            "lineNumber": 6,
            "scriptId": "22",
            "url": "https://www.redditstatic.com/js/concat?prefix=en-US/&chunks=CuwoqDoBPD,Dx0EaY5eE7,sef8IJAfJW"
         }, {
            "columnNumber": 33,
            "functionName": "",
            "lineNumber": 327,
            "scriptId": "214",
            "url": "https://www.googletagmanager.com/gtag/js?id=AW-788729857"
         }, {
            "columnNumber": 736,
            "functionName": "",
            "lineNumber": 325,
            "scriptId": "214",
            "url": "https://www.googletagmanager.com/gtag/js?id=AW-788729857"
         }, {
            "columnNumber": 466,
            "functionName": "t",
            "lineNumber": 452,
            "scriptId": "214",
            "url": "https://www.googletagmanager.com/gtag/js?id=AW-788729857"
         }, {
            "columnNumber": 125,
            "functionName": "",
            "lineNumber": 519,
            "scriptId": "214",
            "url": "https://www.googletagmanager.com/gtag/js?id=AW-788729857"
         }, {
            "columnNumber": 389,
            "functionName": "Vu",
            "lineNumber": 453,
            "scriptId": "214",
            "url": "https://www.googletagmanager.com/gtag/js?id=AW-788729857"
         }, {
            "columnNumber": 859,
            "functionName": "t",
            "lineNumber": 450,
            "scriptId": "214",
            "url": "https://www.googletagmanager.com/gtag/js?id=AW-788729857"
         }, {
            "columnNumber": 908,
            "functionName": "Uu",
            "lineNumber": 450,
            "scriptId": "214",
            "url": "https://www.googletagmanager.com/gtag/js?id=AW-788729857"
         }, {
            "columnNumber": 326,
            "functionName": "Yu",
            "lineNumber": 455,
            "scriptId": "214",
            "url": "https://www.googletagmanager.com/gtag/js?id=AW-788729857"
         }, {
            "columnNumber": 746,
            "functionName": "Zu",
            "lineNumber": 455,
            "scriptId": "214",
            "url": "https://www.googletagmanager.com/gtag/js?id=AW-788729857"
         }, {
            "columnNumber": 303,
            "functionName": "",
            "lineNumber": 541,
            "scriptId": "214",
            "url": "https://www.googletagmanager.com/gtag/js?id=AW-788729857"
         }, {
            "columnNumber": 137,
            "functionName": "e",
            "lineNumber": 499,
            "scriptId": "214",
            "url": "https://www.googletagmanager.com/gtag/js?id=AW-788729857"
         }, {
            "columnNumber": 478,
            "functionName": "fx",
            "lineNumber": 499,
            "scriptId": "214",
            "url": "https://www.googletagmanager.com/gtag/js?id=AW-788729857"
         }, {
            "columnNumber": 182,
            "functionName": "fA",
            "lineNumber": 541,
            "scriptId": "214",
            "url": "https://www.googletagmanager.com/gtag/js?id=AW-788729857"
         }, {
            "columnNumber": 102,
            "functionName": "XL",
            "lineNumber": 752,
            "scriptId": "214",
            "url": "https://www.googletagmanager.com/gtag/js?id=AW-788729857"
         }, {
            "columnNumber": 280,
            "functionName": "ON",
            "lineNumber": 778,
            "scriptId": "214",
            "url": "https://www.googletagmanager.com/gtag/js?id=AW-788729857"
         }, {
            "columnNumber": 441,
            "functionName": "f",
            "lineNumber": 779,
            "scriptId": "214",
            "url": "https://www.googletagmanager.com/gtag/js?id=AW-788729857"
         }, {
            "columnNumber": 428,
            "functionName": "",
            "lineNumber": 781,
            "scriptId": "214",
            "url": "https://www.googletagmanager.com/gtag/js?id=AW-788729857"
         }, "..." ]
      },
      "text": "Fetch API cannot load https://www.google.com/rmkt/collect/788729857/?random=1785845238218&cv=11&fst=1785845238218&fmt=8&bg=ffffff&guid=ON&async=1&en=gtag.config&gtm=45be67v1v9217137991za200zd921713...",
      "timestamp": 1.785845238357669e+12,
      "url": "data:text/javascript,%0A%20%20%20%20%20%20%20%20window.STICKY_CANARY%20%3D%20'false'%3B%0A%20%20%20%20%20%20%20%20window.PRE_PRODUCTION%20%3D%20'false'%3B%0A%20%20%20%20%20%20%20%20if(%22fetch%22in..."
   }
}
[25479:25479:0804/173718.429634:INFO:CONSOLE:4] "Connecting to 'https://www.google.com/rmkt/collect/788729857/?random=1785845238362&cv=11&fst=1785845238362&fmt=8&bg=ffffff&guid=ON&async=1&en=page_view&gtm=45be67v1v9217137991za200zd9217137991xec&gcd=13l3l3l3l1l1&dma=0&tag_exp=115938466~115938468~118395335~118897920~118897930~119896803&u_w=1396&u_h=785&url=https%3A%2F%2Fwww.reddit.com%2Fr%2FIsThisAScamIndia%2Fcomments%2F1urw06f%2Finstagram_fake_profile_gpay_upi_scam%2F&rcb=12&frm=0&tiba=Instagram%20fake%20profile%20-%20Gpay%20UPI%20Scam%20%3A%20r%2FIsThisAScamIndia&hn=www.googleadservices.com&npa=0&pscdl=noapi&auid=1384499798.1785831673&uaa=x86&uab=64&uafvl=Chromium%3B151.0.7922.71%7CNot%253DA%253FBrand%3B99.0.0.0&uamb=0&uam=&uap=Linux&uapv=&uaw=0&data=event%3Dpage_view%3Buser_status%3Dlogged_in&ept=68&gcp=5' violates the following Content Security Policy directive: "connect-src 'self' *.redditmedia.com *.redd.it *.reddit.com www.redditstatic.com vimeo.com accounts.google.com/gsi/ www.google.com/recaptcha/ reddit-uploaded-emoji.s3-accelerate.amazonaws.com reddit-uploaded-media.s3.amazonaws.com reddit-uploaded-media.s3-accelerate.amazonaws.com reddit-uploaded-video.s3.amazonaws.com reddit-uploaded-video.s3-accelerate.amazonaws.com reddit-subreddit-uploaded-media.s3-accelerate.amazonaws.com wss://*.wss.redditmedia.com wss://gql-realtime.reddit.com *.giphy.com js.stripe.com support.reddithelp.com matrix.redditspace.com www.google.com/ccm/ bridge.worldcoin.org". The action has been blocked.", source: data:text/javascript,%0A%20%20%20%20%20%20%20%20window.STICKY_CANARY%20%3D%20'false'%3B%0A%20%20%20%20%20%20%20%20window.PRE_PRODUCTION%20%3D%20'false'%3B%0A%20%20%20%20%20%20%20%20if(%22fetch%22in%20window)%7Bconst%20n%3Dwindow.fetch%3Bwindow.fetch%3Dfunction(e%2Ct)%7Bconst%20r%3Dnew%20Headers(t%3F.headers%3F%3F(e%20instanceof%20Request%3Fe.headers%3Avoid%200))%2Ca%3De%20instanceof%20Request%3Fe.url%3Ae%2Co%3D!new%20URLSearchParams(a).has(%22x_use_preprod%22)%3Breturn%22true%22%3D%3D%3Dwindow.PRE_PRODUCTION%26%26o%26%26function(n)%7Bif(%22string%22%3D%3Dtypeof%20n%26%26n.match(%2F%5E%5C%2F%2F))return!0%3Bconst%20e%3Dn%20instanceof%20URL%3Fn%3Anew%20URL(n)%3Breturn%20window.location.host%3D%3D%3De.host%7D(a)%26%26r.set(%22X-Use-Preprod%22%2C%22always%22)%2Cn(e%2C%7B...t%7C%7C%7B%7D%2Cheaders%3Ar%7D)%7D%7Dif(%22sendBeacon%22in%20navigator)%7Bconst%20n%3Dnavigator.sendBeacon.bind(navigator)%3Bnavigator.sendBeacon%3Dfunction(e%2Ct)%7Bconst%20r%3Dfunction(n)%7Bif(%22true%22!%3D%3Dwindow.PRE_PRODUCTION)return%20n%3Bconst%20e%3Dn%20instanceof%20URL%3Fn%3Anew%20URL(n%2Cdocument.baseURI)%3Bif(!e.searchParams.has(%22x_use_preprod%22))return%20e.searchParams.set(%22x_use_preprod%22%2C%22always%22)%2Ce.toString()%3Breturn%20n%7D(e)%3Breturn%20n.call(navigator%2Cr%2Ct)%7D%7Dvar%20n%3D%7B%7D%3Bexport%7Bn%20as%20default%7D%3B%0A%3B%0A%20%20%20%20%20%20 (4)
[1785845238.431][DEBUG]: DevTools WebSocket Event: Log.entryAdded (session_id=6B5F1EB51F18E17137D824F0EDF637C5) F1BCCB5B21A87D794D53A7AF1A5C5093 {
   "entry": {
      "level": "error",
      "lineNumber": 3,
      "source": "security",
      "stackTrace": {
         "callFrames": [ {
            "columnNumber": 440,
            "functionName": "window.fetch",
            "lineNumber": 3,
            "scriptId": "172",
            "url": ""
         }, {
            "columnNumber": 182385,
            "functionName": "apply",
            "lineNumber": 6,
            "scriptId": "22",
            "url": "https://www.redditstatic.com/js/concat?prefix=en-US/&chunks=CuwoqDoBPD,Dx0EaY5eE7,sef8IJAfJW"
         }, {
            "columnNumber": 33,
            "functionName": "",
            "lineNumber": 327,
            "scriptId": "214",
            "url": "https://www.googletagmanager.com/gtag/js?id=AW-788729857"
         }, {
            "columnNumber": 736,
            "functionName": "",
            "lineNumber": 325,
            "scriptId": "214",
            "url": "https://www.googletagmanager.com/gtag/js?id=AW-788729857"
         }, {
            "columnNumber": 466,
            "functionName": "t",
            "lineNumber": 452,
            "scriptId": "214",
            "url": "https://www.googletagmanager.com/gtag/js?id=AW-788729857"
         }, {
            "columnNumber": 125,
            "functionName": "",
            "lineNumber": 519,
            "scriptId": "214",
            "url": "https://www.googletagmanager.com/gtag/js?id=AW-788729857"
         }, {
            "columnNumber": 389,
            "functionName": "Vu",
            "lineNumber": 453,
            "scriptId": "214",
            "url": "https://www.googletagmanager.com/gtag/js?id=AW-788729857"
         }, {
            "columnNumber": 859,
            "functionName": "t",
            "lineNumber": 450,
            "scriptId": "214",
            "url": "https://www.googletagmanager.com/gtag/js?id=AW-788729857"
         }, {
            "columnNumber": 908,
            "functionName": "Uu",
            "lineNumber": 450,
            "scriptId": "214",
            "url": "https://www.googletagmanager.com/gtag/js?id=AW-788729857"
         }, {
            "columnNumber": 326,
            "functionName": "Yu",
            "lineNumber": 455,
            "scriptId": "214",
            "url": "https://www.googletagmanager.com/gtag/js?id=AW-788729857"
         }, {
            "columnNumber": 746,
            "functionName": "Zu",
            "lineNumber": 455,
            "scriptId": "214",
            "url": "https://www.googletagmanager.com/gtag/js?id=AW-788729857"
         }, {
            "columnNumber": 303,
            "functionName": "",
            "lineNumber": 541,
            "scriptId": "214",
            "url": "https://www.googletagmanager.com/gtag/js?id=AW-788729857"
         }, {
            "columnNumber": 137,
            "functionName": "e",
            "lineNumber": 499,
            "scriptId": "214",
            "url": "https://www.googletagmanager.com/gtag/js?id=AW-788729857"
         }, {
            "columnNumber": 478,
            "functionName": "fx",
            "lineNumber": 499,
            "scriptId": "214",
            "url": "https://www.googletagmanager.com/gtag/js?id=AW-788729857"
         }, {
            "columnNumber": 182,
            "functionName": "fA",
            "lineNumber": 541,
            "scriptId": "214",
            "url": "https://www.googletagmanager.com/gtag/js?id=AW-788729857"
         }, {
            "columnNumber": 102,
            "functionName": "XL",
            "lineNumber": 752,
            "scriptId": "214",
            "url": "https://www.googletagmanager.com/gtag/js?id=AW-788729857"
         }, {
            "columnNumber": 280,
            "functionName": "ON",
            "lineNumber": 778,
            "scriptId": "214",
            "url": "https://www.googletagmanager.com/gtag/js?id=AW-788729857"
         }, {
            "columnNumber": 441,
            "functionName": "f",
            "lineNumber": 779,
            "scriptId": "214",
            "url": "https://www.googletagmanager.com/gtag/js?id=AW-788729857"
         }, {
            "columnNumber": 428,
            "functionName": "",
            "lineNumber": 781,
            "scriptId": "214",
            "url": "https://www.googletagmanager.com/gtag/js?id=AW-788729857"
         }, "..." ]
      },
      "text": "Connecting to 'https://www.google.com/rmkt/collect/788729857/?random=1785845238362&cv=11&fst=1785845238362&fmt=8&bg=ffffff&guid=ON&async=1&en=page_view&gtm=45be67v1v9217137991za200zd9217137991xec&g...",
      "timestamp": 1.785845238426686e+12,
      "url": "data:text/javascript,%0A%20%20%20%20%20%20%20%20window.STICKY_CANARY%20%3D%20'false'%3B%0A%20%20%20%20%20%20%20%20window.PRE_PRODUCTION%20%3D%20'false'%3B%0A%20%20%20%20%20%20%20%20if(%22fetch%22in..."
   }
}
[25479:25479:0804/173718.434916:INFO:CONSOLE:4] "Fetch API cannot load https://www.google.com/rmkt/collect/788729857/?random=1785845238362&cv=11&fst=1785845238362&fmt=8&bg=ffffff&guid=ON&async=1&en=page_view&gtm=45be67v1v9217137991za200zd9217137991xec&gcd=13l3l3l3l1l1&dma=0&tag_exp=115938466~115938468~118395335~118897920~118897930~119896803&u_w=1396&u_h=785&url=https%3A%2F%2Fwww.reddit.com%2Fr%2FIsThisAScamIndia%2Fcomments%2F1urw06f%2Finstagram_fake_profile_gpay_upi_scam%2F&rcb=12&frm=0&tiba=Instagram%20fake%20profile%20-%20Gpay%20UPI%20Scam%20%3A%20r%2FIsThisAScamIndia&hn=www.googleadservices.com&npa=0&pscdl=noapi&auid=1384499798.1785831673&uaa=x86&uab=64&uafvl=Chromium%3B151.0.7922.71%7CNot%253DA%253FBrand%3B99.0.0.0&uamb=0&uam=&uap=Linux&uapv=&uaw=0&data=event%3Dpage_view%3Buser_status%3Dlogged_in&ept=68&gcp=5. Refused to connect because it violates the document's Content Security Policy.", source: data:text/javascript,%0A%20%20%20%20%20%20%20%20window.STICKY_CANARY%20%3D%20'false'%3B%0A%20%20%20%20%20%20%20%20window.PRE_PRODUCTION%20%3D%20'false'%3B%0A%20%20%20%20%20%20%20%20if(%22fetch%22in%20window)%7Bconst%20n%3Dwindow.fetch%3Bwindow.fetch%3Dfunction(e%2Ct)%7Bconst%20r%3Dnew%20Headers(t%3F.headers%3F%3F(e%20instanceof%20Request%3Fe.headers%3Avoid%200))%2Ca%3De%20instanceof%20Request%3Fe.url%3Ae%2Co%3D!new%20URLSearchParams(a).has(%22x_use_preprod%22)%3Breturn%22true%22%3D%3D%3Dwindow.PRE_PRODUCTION%26%26o%26%26function(n)%7Bif(%22string%22%3D%3Dtypeof%20n%26%26n.match(%2F%5E%5C%2F%2F))return!0%3Bconst%20e%3Dn%20instanceof%20URL%3Fn%3Anew%20URL(n)%3Breturn%20window.location.host%3D%3D%3De.host%7D(a)%26%26r.set(%22X-Use-Preprod%22%2C%22always%22)%2Cn(e%2C%7B...t%7C%7C%7B%7D%2Cheaders%3Ar%7D)%7D%7Dif(%22sendBeacon%22in%20navigator)%7Bconst%20n%3Dnavigator.sendBeacon.bind(navigator)%3Bnavigator.sendBeacon%3Dfunction(e%2Ct)%7Bconst%20r%3Dfunction(n)%7Bif(%22true%22!%3D%3Dwindow.PRE_PRODUCTION)return%20n%3Bconst%20e%3Dn%20instanceof%20URL%3Fn%3Anew%20URL(n%2Cdocument.baseURI)%3Bif(!e.searchParams.has(%22x_use_preprod%22))return%20e.searchParams.set(%22x_use_preprod%22%2C%22always%22)%2Ce.toString()%3Breturn%20n%7D(e)%3Breturn%20n.call(navigator%2Cr%2Ct)%7D%7Dvar%20n%3D%7B%7D%3Bexport%7Bn%20as%20default%7D%3B%0A%3B%0A%20%20%20%20%20%20 (4)
[1785845238.436][DEBUG]: DevTools WebSocket Event: Log.entryAdded (session_id=6B5F1EB51F18E17137D824F0EDF637C5) F1BCCB5B21A87D794D53A7AF1A5C5093 {
   "entry": {
      "level": "error",
      "lineNumber": 3,
      "source": "javascript",
      "stackTrace": {
         "callFrames": [ {
            "columnNumber": 440,
            "functionName": "window.fetch",
            "lineNumber": 3,
            "scriptId": "172",
            "url": ""
         }, {
            "columnNumber": 182385,
            "functionName": "apply",
            "lineNumber": 6,
            "scriptId": "22",
            "url": "https://www.redditstatic.com/js/concat?prefix=en-US/&chunks=CuwoqDoBPD,Dx0EaY5eE7,sef8IJAfJW"
         }, {
            "columnNumber": 33,
            "functionName": "",
            "lineNumber": 327,
            "scriptId": "214",
            "url": "https://www.googletagmanager.com/gtag/js?id=AW-788729857"
         }, {
            "columnNumber": 736,
            "functionName": "",
            "lineNumber": 325,
            "scriptId": "214",
            "url": "https://www.googletagmanager.com/gtag/js?id=AW-788729857"
         }, {
            "columnNumber": 466,
            "functionName": "t",
            "lineNumber": 452,
            "scriptId": "214",
            "url": "https://www.googletagmanager.com/gtag/js?id=AW-788729857"
         }, {
            "columnNumber": 125,
            "functionName": "",
            "lineNumber": 519,
            "scriptId": "214",
            "url": "https://www.googletagmanager.com/gtag/js?id=AW-788729857"
         }, {
            "columnNumber": 389,
            "functionName": "Vu",
            "lineNumber": 453,
            "scriptId": "214",
            "url": "https://www.googletagmanager.com/gtag/js?id=AW-788729857"
         }, {
            "columnNumber": 859,
            "functionName": "t",
            "lineNumber": 450,
            "scriptId": "214",
            "url": "https://www.googletagmanager.com/gtag/js?id=AW-788729857"
         }, {
            "columnNumber": 908,
            "functionName": "Uu",
            "lineNumber": 450,
            "scriptId": "214",
            "url": "https://www.googletagmanager.com/gtag/js?id=AW-788729857"
         }, {
            "columnNumber": 326,
            "functionName": "Yu",
            "lineNumber": 455,
            "scriptId": "214",
            "url": "https://www.googletagmanager.com/gtag/js?id=AW-788729857"
         }, {
            "columnNumber": 746,
            "functionName": "Zu",
            "lineNumber": 455,
            "scriptId": "214",
            "url": "https://www.googletagmanager.com/gtag/js?id=AW-788729857"
         }, {
            "columnNumber": 303,
            "functionName": "",
            "lineNumber": 541,
            "scriptId": "214",
            "url": "https://www.googletagmanager.com/gtag/js?id=AW-788729857"
         }, {
            "columnNumber": 137,
            "functionName": "e",
            "lineNumber": 499,
            "scriptId": "214",
            "url": "https://www.googletagmanager.com/gtag/js?id=AW-788729857"
         }, {
            "columnNumber": 478,
            "functionName": "fx",
            "lineNumber": 499,
            "scriptId": "214",
            "url": "https://www.googletagmanager.com/gtag/js?id=AW-788729857"
         }, {
            "columnNumber": 182,
            "functionName": "fA",
            "lineNumber": 541,
            "scriptId": "214",
            "url": "https://www.googletagmanager.com/gtag/js?id=AW-788729857"
         }, {
            "columnNumber": 102,
            "functionName": "XL",
            "lineNumber": 752,
            "scriptId": "214",
            "url": "https://www.googletagmanager.com/gtag/js?id=AW-788729857"
         }, {
            "columnNumber": 280,
            "functionName": "ON",
            "lineNumber": 778,
            "scriptId": "214",
            "url": "https://www.googletagmanager.com/gtag/js?id=AW-788729857"
         }, {
            "columnNumber": 441,
            "functionName": "f",
            "lineNumber": 779,
            "scriptId": "214",
            "url": "https://www.googletagmanager.com/gtag/js?id=AW-788729857"
         }, {
            "columnNumber": 428,
            "functionName": "",
            "lineNumber": 781,
            "scriptId": "214",
            "url": "https://www.googletagmanager.com/gtag/js?id=AW-788729857"
         }, "..." ]
      },
      "text": "Fetch API cannot load https://www.google.com/rmkt/collect/788729857/?random=1785845238362&cv=11&fst=1785845238362&fmt=8&bg=ffffff&guid=ON&async=1&en=page_view&gtm=45be67v1v9217137991za200zd92171379...",
      "timestamp": 1.785845238427574e+12,
      "url": "data:text/javascript,%0A%20%20%20%20%20%20%20%20window.STICKY_CANARY%20%3D%20'false'%3B%0A%20%20%20%20%20%20%20%20window.PRE_PRODUCTION%20%3D%20'false'%3B%0A%20%20%20%20%20%20%20%20if(%22fetch%22in..."
   }
}
[1785845238.746][DEBUG]: DevTools WebSocket Response: Runtime.evaluate (id=71) (session_id=6B5F1EB51F18E17137D824F0EDF637C5) F1BCCB5B21A87D794D53A7AF1A5C5093 {
   "result": {
      "description": "1",
      "type": "number",
      "value": 1
   }
}
[1785845238.872][DEBUG]: DevTools WebSocket Event: Page.frameAttached (session_id=6B5F1EB51F18E17137D824F0EDF637C5) F1BCCB5B21A87D794D53A7AF1A5C5093 {
   "frameId": "BAA9258BD67A2FFF8CD510F29B7DE9DB",
   "parentFrameId": "F1BCCB5B21A87D794D53A7AF1A5C5093",
   "stack": {
      "callFrames": [ {
         "columnNumber": 52736,
         "functionName": "",
         "lineNumber": 0,
         "scriptId": "228",
         "url": "https://www.redditstatic.com/shreddit/sentry-DswLfAC_.js"
      }, {
         "columnNumber": 52974,
         "functionName": "e",
         "lineNumber": 0,
         "scriptId": "228",
         "url": "https://www.redditstatic.com/shreddit/sentry-DswLfAC_.js"
      }, {
         "columnNumber": 55381,
         "functionName": "r.Ot",
         "lineNumber": 0,
         "scriptId": "228",
         "url": "https://www.redditstatic.com/shreddit/sentry-DswLfAC_.js"
      }, {
         "columnNumber": 40835,
         "functionName": "t",
         "lineNumber": 0,
         "scriptId": "228",
         "url": "https://www.redditstatic.com/shreddit/sentry-DswLfAC_.js"
      }, {
         "columnNumber": 54943,
         "functionName": "r",
         "lineNumber": 0,
         "scriptId": "228",
         "url": "https://www.redditstatic.com/shreddit/sentry-DswLfAC_.js"
      }, {
         "columnNumber": 34640,
         "functionName": "t",
         "lineNumber": 0,
         "scriptId": "228",
         "url": "https://www.redditstatic.com/shreddit/sentry-DswLfAC_.js"
      }, {
         "columnNumber": 67418,
         "functionName": "e",
         "lineNumber": 0,
         "scriptId": "228",
         "url": "https://www.redditstatic.com/shreddit/sentry-DswLfAC_.js"
      }, {
         "columnNumber": 69417,
         "functionName": "",
         "lineNumber": 0,
         "scriptId": "228",
         "url": "https://www.redditstatic.com/shreddit/sentry-DswLfAC_.js"
      }, {
         "columnNumber": 69442,
         "functionName": "t.init",
         "lineNumber": 0,
         "scriptId": "228",
         "url": "https://www.redditstatic.com/shreddit/sentry-DswLfAC_.js"
      }, {
         "columnNumber": 2535,
         "functionName": "r.init",
         "lineNumber": 0,
         "scriptId": "177",
         "url": ""
      }, {
         "columnNumber": 2779,
         "functionName": "",
         "lineNumber": 0,
         "scriptId": "177",
         "url": ""
      }, {
         "columnNumber": 2976,
         "functionName": "",
         "lineNumber": 0,
         "scriptId": "177",
         "url": ""
      } ]
   }
}
[1785845238.872][DEBUG]: DevTools WebSocket Event: Page.frameRequestedNavigation (session_id=6B5F1EB51F18E17137D824F0EDF637C5) F1BCCB5B21A87D794D53A7AF1A5C5093 {
   "disposition": "currentTab",
   "frameId": "BAA9258BD67A2FFF8CD510F29B7DE9DB",
   "reason": "initialFrameNavigation",
   "url": "about:blank"
}
[1785845238.872][DEBUG]: DevTools WebSocket Event: Page.frameNavigated (session_id=6B5F1EB51F18E17137D824F0EDF637C5) F1BCCB5B21A87D794D53A7AF1A5C5093 {
   "frame": {
      "adFrameStatus": {
         "adFrameType": "none",
         "explanations": [  ]
      },
      "crossOriginIsolatedContextType": "NotIsolated",
      "domainAndRegistry": "",
      "gatedAPIFeatures": [  ],
      "id": "BAA9258BD67A2FFF8CD510F29B7DE9DB",
      "loaderId": "0F5C31EE2FFB6B83697706BA0957679E",
      "mimeType": "text/html",
      "name": "",
      "parentId": "F1BCCB5B21A87D794D53A7AF1A5C5093",
      "secureContextType": "Secure",
      "securityOrigin": "://",
      "securityOriginDetails": {
         "isLocalhost": false
      },
      "url": "about:blank"
   },
   "type": "Navigation"
}
[1785845238.872][DEBUG]: DevTools WebSocket Event: Page.frameStartedLoading (session_id=6B5F1EB51F18E17137D824F0EDF637C5) F1BCCB5B21A87D794D53A7AF1A5C5093 {
   "frameId": "BAA9258BD67A2FFF8CD510F29B7DE9DB"
}
[1785845238.873][DEBUG]: DevTools WebSocket Command: Runtime.evaluate (id=72) (session_id=6B5F1EB51F18E17137D824F0EDF637C5) F1BCCB5B21A87D794D53A7AF1A5C5093 {
   "expression": "1"
}
[1785845238.913][DEBUG]: DevTools WebSocket Event: Runtime.executionContextCreated (session_id=6B5F1EB51F18E17137D824F0EDF637C5) F1BCCB5B21A87D794D53A7AF1A5C5093 {
   "context": {
      "auxData": {
         "frameId": "BAA9258BD67A2FFF8CD510F29B7DE9DB",
         "isDefault": true,
         "type": "default"
      },
      "id": 14,
      "name": "",
      "origin": "https://www.reddit.com",
      "uniqueId": "-6658013182410265983.-3305527152579982112"
   }
}
[1785845238.916][DEBUG]: DevTools WebSocket Event: Page.frameStoppedLoading (session_id=6B5F1EB51F18E17137D824F0EDF637C5) F1BCCB5B21A87D794D53A7AF1A5C5093 {
   "frameId": "BAA9258BD67A2FFF8CD510F29B7DE9DB"
}
[1785845238.916][DEBUG]: DevTools WebSocket Event: Page.frameSubtreeWillBeDetached (session_id=6B5F1EB51F18E17137D824F0EDF637C5) F1BCCB5B21A87D794D53A7AF1A5C5093 {
   "frameId": "BAA9258BD67A2FFF8CD510F29B7DE9DB"
}
[1785845238.928][DEBUG]: DevTools WebSocket Event: Page.frameDetached (session_id=6B5F1EB51F18E17137D824F0EDF637C5) F1BCCB5B21A87D794D53A7AF1A5C5093 {
   "frameId": "BAA9258BD67A2FFF8CD510F29B7DE9DB",
   "reason": "remove"
}
[1785845238.928][DEBUG]: DevTools WebSocket Event: Runtime.executionContextDestroyed (session_id=6B5F1EB51F18E17137D824F0EDF637C5) F1BCCB5B21A87D794D53A7AF1A5C5093 {
   "executionContextId": 14,
   "executionContextUniqueId": "-6658013182410265983.-3305527152579982112"
}
[1785845238.929][DEBUG]: DevTools WebSocket Event: Page.frameAttached (session_id=6B5F1EB51F18E17137D824F0EDF637C5) F1BCCB5B21A87D794D53A7AF1A5C5093 {
   "frameId": "035F9A9403A0954023BE86F1240DCCF7",
   "parentFrameId": "F1BCCB5B21A87D794D53A7AF1A5C5093",
   "stack": {
      "callFrames": [ {
         "columnNumber": 15070,
         "functionName": "",
         "lineNumber": 0,
         "scriptId": "228",
         "url": "https://www.redditstatic.com/shreddit/sentry-DswLfAC_.js"
      }, {
         "columnNumber": 15288,
         "functionName": "",
         "lineNumber": 0,
         "scriptId": "228",
         "url": "https://www.redditstatic.com/shreddit/sentry-DswLfAC_.js"
      }, {
         "columnNumber": 16679,
         "functionName": "ct",
         "lineNumber": 0,
         "scriptId": "228",
         "url": "https://www.redditstatic.com/shreddit/sentry-DswLfAC_.js"
      }, {
         "columnNumber": 62664,
         "functionName": "e.setupOnce",
         "lineNumber": 0,
         "scriptId": "228",
         "url": "https://www.redditstatic.com/shreddit/sentry-DswLfAC_.js"
      }, {
         "columnNumber": 36397,
         "functionName": "",
         "lineNumber": 0,
         "scriptId": "228",
         "url": "https://www.redditstatic.com/shreddit/sentry-DswLfAC_.js"
      }, {
         "columnNumber": 36471,
         "functionName": "",
         "lineNumber": 0,
         "scriptId": "228",
         "url": "https://www.redditstatic.com/shreddit/sentry-DswLfAC_.js"
      }, {
         "columnNumber": 36325,
         "functionName": "",
         "lineNumber": 0,
         "scriptId": "228",
         "url": "https://www.redditstatic.com/shreddit/sentry-DswLfAC_.js"
      }, {
         "columnNumber": 36529,
         "functionName": "t.setupIntegrations",
         "lineNumber": 0,
         "scriptId": "228",
         "url": "https://www.redditstatic.com/shreddit/sentry-DswLfAC_.js"
      }, {
         "columnNumber": 27335,
         "functionName": "t.bindClient",
         "lineNumber": 0,
         "scriptId": "228",
         "url": "https://www.redditstatic.com/shreddit/sentry-DswLfAC_.js"
      }, {
         "columnNumber": 69428,
         "functionName": "",
         "lineNumber": 0,
         "scriptId": "228",
         "url": "https://www.redditstatic.com/shreddit/sentry-DswLfAC_.js"
      }, {
         "columnNumber": 69442,
         "functionName": "t.init",
         "lineNumber": 0,
         "scriptId": "228",
         "url": "https://www.redditstatic.com/shreddit/sentry-DswLfAC_.js"
      }, {
         "columnNumber": 2535,
         "functionName": "r.init",
         "lineNumber": 0,
         "scriptId": "177",
         "url": ""
      }, {
         "columnNumber": 2779,
         "functionName": "",
         "lineNumber": 0,
         "scriptId": "177",
         "url": ""
      }, {
         "columnNumber": 2976,
         "functionName": "",
         "lineNumber": 0,
         "scriptId": "177",
         "url": ""
      } ]
   }
}
[1785845238.930][DEBUG]: DevTools WebSocket Event: Page.frameRequestedNavigation (session_id=6B5F1EB51F18E17137D824F0EDF637C5) F1BCCB5B21A87D794D53A7AF1A5C5093 {
   "disposition": "currentTab",
   "frameId": "035F9A9403A0954023BE86F1240DCCF7",
   "reason": "initialFrameNavigation",
   "url": "about:blank"
}
[1785845238.930][DEBUG]: DevTools WebSocket Event: Page.frameNavigated (session_id=6B5F1EB51F18E17137D824F0EDF637C5) F1BCCB5B21A87D794D53A7AF1A5C5093 {
   "frame": {
      "adFrameStatus": {
         "adFrameType": "none",
         "explanations": [  ]
      },
      "crossOriginIsolatedContextType": "NotIsolated",
      "domainAndRegistry": "",
      "gatedAPIFeatures": [  ],
      "id": "035F9A9403A0954023BE86F1240DCCF7",
      "loaderId": "B8C99658E5C853B8772DCD4162415725",
      "mimeType": "text/html",
      "name": "",
      "parentId": "F1BCCB5B21A87D794D53A7AF1A5C5093",
      "secureContextType": "Secure",
      "securityOrigin": "://",
      "securityOriginDetails": {
         "isLocalhost": false
      },
      "url": "about:blank"
   },
   "type": "Navigation"
}
[1785845238.930][DEBUG]: DevTools WebSocket Event: Page.frameStartedLoading (session_id=6B5F1EB51F18E17137D824F0EDF637C5) F1BCCB5B21A87D794D53A7AF1A5C5093 {
   "frameId": "035F9A9403A0954023BE86F1240DCCF7"
}
[1785845238.946][DEBUG]: DevTools WebSocket Event: Runtime.executionContextCreated (session_id=6B5F1EB51F18E17137D824F0EDF637C5) F1BCCB5B21A87D794D53A7AF1A5C5093 {
   "context": {
      "auxData": {
         "frameId": "035F9A9403A0954023BE86F1240DCCF7",
         "isDefault": true,
         "type": "default"
      },
      "id": 15,
      "name": "",
      "origin": "https://www.reddit.com",
      "uniqueId": "3821596965946949801.-7188740745996086360"
   }
}
[1785845238.946][DEBUG]: DevTools WebSocket Event: Page.frameStoppedLoading (session_id=6B5F1EB51F18E17137D824F0EDF637C5) F1BCCB5B21A87D794D53A7AF1A5C5093 {
   "frameId": "035F9A9403A0954023BE86F1240DCCF7"
}
[1785845238.947][DEBUG]: DevTools WebSocket Event: Page.frameSubtreeWillBeDetached (session_id=6B5F1EB51F18E17137D824F0EDF637C5) F1BCCB5B21A87D794D53A7AF1A5C5093 {
   "frameId": "035F9A9403A0954023BE86F1240DCCF7"
}
[1785845238.963][DEBUG]: DevTools WebSocket Event: Page.frameDetached (session_id=6B5F1EB51F18E17137D824F0EDF637C5) F1BCCB5B21A87D794D53A7AF1A5C5093 {
   "frameId": "035F9A9403A0954023BE86F1240DCCF7",
   "reason": "remove"
}
[1785845238.963][DEBUG]: DevTools WebSocket Event: Runtime.executionContextDestroyed (session_id=6B5F1EB51F18E17137D824F0EDF637C5) F1BCCB5B21A87D794D53A7AF1A5C5093 {
   "executionContextId": 15,
   "executionContextUniqueId": "3821596965946949801.-7188740745996086360"
}
[1785845240.676][DEBUG]: DevTools WebSocket Response: Runtime.evaluate (id=72) (session_id=6B5F1EB51F18E17137D824F0EDF637C5) F1BCCB5B21A87D794D53A7AF1A5C5093 {
   "result": {
      "description": "1",
      "type": "number",
      "value": 1
   }
}
[1785845241.388][DEBUG]: DevTools WebSocket Command: Runtime.evaluate (id=73) (session_id=6B5F1EB51F18E17137D824F0EDF637C5) F1BCCB5B21A87D794D53A7AF1A5C5093 {
   "expression": "1"
}
[1785845241.535][DEBUG]: DevTools WebSocket Event: Page.frameAttached (session_id=6B5F1EB51F18E17137D824F0EDF637C5) F1BCCB5B21A87D794D53A7AF1A5C5093 {
   "frameId": "443D947B0A0A660A54DED3024DD5529C",
   "parentFrameId": "F1BCCB5B21A87D794D53A7AF1A5C5093",
   "stack": {
      "callFrames": [ {
         "columnNumber": 281,
         "functionName": "",
         "lineNumber": 216,
         "scriptId": "236",
         "url": "https://www.gstatic.com/recaptcha/releases/w_Yb7dGGXaKesJ7BMiqFJqBG/recaptcha__en.js"
      }, {
         "columnNumber": 42,
         "functionName": "iG.render",
         "lineNumber": 1561,
         "scriptId": "236",
         "url": "https://www.gstatic.com/recaptcha/releases/w_Yb7dGGXaKesJ7BMiqFJqBG/recaptcha__en.js"
      }, {
         "columnNumber": 295,
         "functionName": "",
         "lineNumber": 531,
         "scriptId": "236",
         "url": "https://www.gstatic.com/recaptcha/releases/w_Yb7dGGXaKesJ7BMiqFJqBG/recaptcha__en.js"
      }, {
         "columnNumber": 320,
         "functionName": "",
         "lineNumber": 444,
         "scriptId": "236",
         "url": "https://www.gstatic.com/recaptcha/releases/w_Yb7dGGXaKesJ7BMiqFJqBG/recaptcha__en.js"
      }, {
         "columnNumber": 159,
         "functionName": "",
         "lineNumber": 686,
         "scriptId": "236",
         "url": "https://www.gstatic.com/recaptcha/releases/w_Yb7dGGXaKesJ7BMiqFJqBG/recaptcha__en.js"
      }, {
         "columnNumber": 139,
         "functionName": "kM",
         "lineNumber": 827,
         "scriptId": "236",
         "url": "https://www.gstatic.com/recaptcha/releases/w_Yb7dGGXaKesJ7BMiqFJqBG/recaptcha__en.js"
      }, {
         "columnNumber": 43,
         "functionName": "",
         "lineNumber": 64,
         "scriptId": "236",
         "url": "https://www.gstatic.com/recaptcha/releases/w_Yb7dGGXaKesJ7BMiqFJqBG/recaptcha__en.js"
      }, {
         "columnNumber": 263,
         "functionName": "",
         "lineNumber": 375,
         "scriptId": "236",
         "url": "https://www.gstatic.com/recaptcha/releases/w_Yb7dGGXaKesJ7BMiqFJqBG/recaptcha__en.js"
      }, {
         "columnNumber": 204,
         "functionName": "Wo.\u003Ccomputed>.\u003Ccomputed>.\u003Ccomputed>.Wo.\u003Ccomputed>.\u003Ccomputed>.\u003Ccomputed>",
         "lineNumber": 624,
         "scriptId": "236",
         "url": "https://www.gstatic.com/recaptcha/releases/w_Yb7dGGXaKesJ7BMiqFJqBG/recaptcha__en.js"
      }, {
         "columnNumber": 138,
         "functionName": "",
         "lineNumber": 625,
         "scriptId": "236",
         "url": "https://www.gstatic.com/recaptcha/releases/w_Yb7dGGXaKesJ7BMiqFJqBG/recaptcha__en.js"
      }, {
         "columnNumber": 130,
         "functionName": "",
         "lineNumber": 515,
         "scriptId": "236",
         "url": "https://www.gstatic.com/recaptcha/releases/w_Yb7dGGXaKesJ7BMiqFJqBG/recaptcha__en.js"
      }, {
         "columnNumber": 84,
         "functionName": "",
         "lineNumber": 625,
         "scriptId": "236",
         "url": "https://www.gstatic.com/recaptcha/releases/w_Yb7dGGXaKesJ7BMiqFJqBG/recaptcha__en.js"
      }, {
         "columnNumber": 454,
         "functionName": "",
         "lineNumber": 1582,
         "scriptId": "236",
         "url": "https://www.gstatic.com/recaptcha/releases/w_Yb7dGGXaKesJ7BMiqFJqBG/recaptcha__en.js"
      }, {
         "columnNumber": 195,
         "functionName": "",
         "lineNumber": 1624,
         "scriptId": "236",
         "url": "https://www.gstatic.com/recaptcha/releases/w_Yb7dGGXaKesJ7BMiqFJqBG/recaptcha__en.js"
      } ]
   }
}
[1785845241.559][DEBUG]: DevTools WebSocket Event: Page.frameRequestedNavigation (session_id=6B5F1EB51F18E17137D824F0EDF637C5) F1BCCB5B21A87D794D53A7AF1A5C5093 {
   "disposition": "currentTab",
   "frameId": "443D947B0A0A660A54DED3024DD5529C",
   "reason": "initialFrameNavigation",
   "url": "https://www.google.com/recaptcha/enterprise/anchor?ar=1&k=6LfirrMoAAAAAHZOipvza4kpp_VtTwLNuXVwURNQ&co=aHR0cHM6Ly93d3cucmVkZGl0LmNvbTo0NDM.&hl=en&v=w_Yb7dGGXaKesJ7BMiqFJqBG&size=invisible&anchor-ms=..."
}
[1785845241.818][DEBUG]: DevTools WebSocket Event: Page.frameStartedNavigating (session_id=6B5F1EB51F18E17137D824F0EDF637C5) F1BCCB5B21A87D794D53A7AF1A5C5093 {
   "frameId": "443D947B0A0A660A54DED3024DD5529C",
   "loaderId": "67BA656F4C5C54125CCAC39292EAA213",
   "navigationType": "differentDocument",
   "url": "https://www.google.com/recaptcha/enterprise/anchor?ar=1&k=6LfirrMoAAAAAHZOipvza4kpp_VtTwLNuXVwURNQ&co=aHR0cHM6Ly93d3cucmVkZGl0LmNvbTo0NDM.&hl=en&v=w_Yb7dGGXaKesJ7BMiqFJqBG&size=invisible&anchor-ms=..."
}
[1785845241.827][DEBUG]: DevTools WebSocket Event: Page.frameStartedLoading (session_id=6B5F1EB51F18E17137D824F0EDF637C5) F1BCCB5B21A87D794D53A7AF1A5C5093 {
   "frameId": "443D947B0A0A660A54DED3024DD5529C"
}
[1785845241.889][DEBUG]: DevTools WebSocket Response: Runtime.evaluate (id=73) (session_id=6B5F1EB51F18E17137D824F0EDF637C5) F1BCCB5B21A87D794D53A7AF1A5C5093 {
   "result": {
      "description": "1",
      "type": "number",
      "value": 1
   }
}
[1785845241.905][DEBUG]: DevTools WebSocket Event: Runtime.executionContextCreated (session_id=6B5F1EB51F18E17137D824F0EDF637C5) F1BCCB5B21A87D794D53A7AF1A5C5093 {
   "context": {
      "auxData": {
         "frameId": "443D947B0A0A660A54DED3024DD5529C",
         "isDefault": true,
         "type": "default"
      },
      "id": 16,
      "name": "",
      "origin": "https://www.reddit.com",
      "uniqueId": "-2668007472392479892.6656533613395974656"
   }
}
[1785845241.905][DEBUG]: DevTools WebSocket Command: Runtime.evaluate (id=74) (session_id=6B5F1EB51F18E17137D824F0EDF637C5) F1BCCB5B21A87D794D53A7AF1A5C5093 {
   "expression": "1"
}
[1785845241.928][DEBUG]: DevTools WebSocket Response: Runtime.evaluate (id=74) (session_id=6B5F1EB51F18E17137D824F0EDF637C5) F1BCCB5B21A87D794D53A7AF1A5C5093 {
   "result": {
      "description": "1",
      "type": "number",
      "value": 1
   }
}
[1785845242.208][DEBUG]: DevTools WebSocket Event: Target.attachedToTarget (session_id=6B5F1EB51F18E17137D824F0EDF637C5) F1BCCB5B21A87D794D53A7AF1A5C5093 {
   "sessionId": "B6DE76EDD39CD636DF8B7F2C74B226B6",
   "targetInfo": {
      "attached": true,
      "browserContextId": "848280274A9631CFC501307315014F8D",
      "canAccessOpener": false,
      "parentFrameId": "F1BCCB5B21A87D794D53A7AF1A5C5093",
      "parentId": "F1BCCB5B21A87D794D53A7AF1A5C5093",
      "targetId": "443D947B0A0A660A54DED3024DD5529C",
      "title": "",
      "type": "iframe",
      "url": ""
   },
   "waitingForDebugger": false
}
[1785845242.297][DEBUG]: DevTools WebSocket Command: Page.enable (id=75) (session_id=B6DE76EDD39CD636DF8B7F2C74B226B6) B6DE76EDD39CD636DF8B7F2C74B226B6 {
}
[1785845242.299][DEBUG]: DevTools WebSocket Command: Page.addScriptToEvaluateOnNewDocument (id=76) (session_id=B6DE76EDD39CD636DF8B7F2C74B226B6) B6DE76EDD39CD636DF8B7F2C74B226B6 {
   "source": "(function () {window.cdc_adoQpoasnfa76pfcZLmcfl_Array = window.Array;window.cdc_adoQpoasnfa76pfcZLmcfl_Object = window.Object;window.cdc_adoQpoasnfa76pfcZLmcfl_Promise = window.Promise;window.cdc_a..."
}
[1785845242.302][DEBUG]: DevTools WebSocket Command: Runtime.evaluate (id=77) (session_id=B6DE76EDD39CD636DF8B7F2C74B226B6) B6DE76EDD39CD636DF8B7F2C74B226B6 {
   "expression": "(function () {window.cdc_adoQpoasnfa76pfcZLmcfl_Array = window.Array;window.cdc_adoQpoasnfa76pfcZLmcfl_Object = window.Object;window.cdc_adoQpoasnfa76pfcZLmcfl_Promise = window.Promise;window.cdc_a..."
}
[1785845242.302][DEBUG]: DevTools WebSocket Command: Target.setAutoAttach (id=78) (session_id=B6DE76EDD39CD636DF8B7F2C74B226B6) B6DE76EDD39CD636DF8B7F2C74B226B6 {
   "autoAttach": true,
   "flatten": true,
   "waitForDebuggerOnStart": false
}
[1785845242.492][DEBUG]: DevTools WebSocket Event: Target.targetInfoChanged (session_id=6B5F1EB51F18E17137D824F0EDF637C5) F1BCCB5B21A87D794D53A7AF1A5C5093 {
   "targetInfo": {
      "attached": true,
      "browserContextId": "848280274A9631CFC501307315014F8D",
      "canAccessOpener": false,
      "parentFrameId": "F1BCCB5B21A87D794D53A7AF1A5C5093",
      "parentId": "F1BCCB5B21A87D794D53A7AF1A5C5093",
      "targetId": "443D947B0A0A660A54DED3024DD5529C",
      "title": "https://www.google.com/recaptcha/enterprise/anchor?ar=1&k=6LfirrMoAAAAAHZOipvza4kpp_VtTwLNuXVwURNQ&co=aHR0cHM6Ly93d3cucmVkZGl0LmNvbTo0NDM.&hl=en&v=w_Yb7dGGXaKesJ7BMiqFJqBG&size=invisible&anchor-ms=...",
      "type": "iframe",
      "url": "https://www.google.com/recaptcha/enterprise/anchor?ar=1&k=6LfirrMoAAAAAHZOipvza4kpp_VtTwLNuXVwURNQ&co=aHR0cHM6Ly93d3cucmVkZGl0LmNvbTo0NDM.&hl=en&v=w_Yb7dGGXaKesJ7BMiqFJqBG&size=invisible&anchor-ms=..."
   }
}
[1785845242.504][DEBUG]: DevTools WebSocket Event: Page.frameDetached (session_id=6B5F1EB51F18E17137D824F0EDF637C5) F1BCCB5B21A87D794D53A7AF1A5C5093 {
   "frameId": "443D947B0A0A660A54DED3024DD5529C",
   "reason": "swap"
}
[1785845242.505][DEBUG]: DevTools WebSocket Event: Runtime.executionContextDestroyed (session_id=6B5F1EB51F18E17137D824F0EDF637C5) F1BCCB5B21A87D794D53A7AF1A5C5093 {
   "executionContextId": 16,
   "executionContextUniqueId": "-2668007472392479892.6656533613395974656"
}
[1785845242.546][DEBUG]: DevTools WebSocket Response: Page.enable (id=75) (session_id=B6DE76EDD39CD636DF8B7F2C74B226B6) B6DE76EDD39CD636DF8B7F2C74B226B6 {
}
[1785845242.562][DEBUG]: DevTools WebSocket Response: Page.addScriptToEvaluateOnNewDocument (id=76) (session_id=B6DE76EDD39CD636DF8B7F2C74B226B6) B6DE76EDD39CD636DF8B7F2C74B226B6 {
   "identifier": "1"
}
[1785845242.564][DEBUG]: DevTools WebSocket Response: Runtime.evaluate (id=77) (session_id=B6DE76EDD39CD636DF8B7F2C74B226B6) B6DE76EDD39CD636DF8B7F2C74B226B6 {
   "result": {
      "type": "undefined"
   }
}
[1785845242.569][DEBUG]: DevTools WebSocket Response: Target.setAutoAttach (id=78) (session_id=B6DE76EDD39CD636DF8B7F2C74B226B6) B6DE76EDD39CD636DF8B7F2C74B226B6 {
}
[1785845242.569][DEBUG]: DevTools WebSocket Command: Runtime.enable (id=79) (session_id=B6DE76EDD39CD636DF8B7F2C74B226B6) B6DE76EDD39CD636DF8B7F2C74B226B6 {
}
[1785845242.678][DEBUG]: DevTools WebSocket Event: Runtime.executionContextCreated (session_id=B6DE76EDD39CD636DF8B7F2C74B226B6) B6DE76EDD39CD636DF8B7F2C74B226B6 {
   "context": {
      "auxData": {
         "frameId": "443D947B0A0A660A54DED3024DD5529C",
         "isDefault": true,
         "type": "default"
      },
      "id": 1,
      "name": "",
      "origin": "https://www.google.com",
      "uniqueId": "-8140511204005984056.-7910560286366153632"
   }
}
[1785845242.682][DEBUG]: DevTools WebSocket Response: Runtime.enable (id=79) (session_id=B6DE76EDD39CD636DF8B7F2C74B226B6) B6DE76EDD39CD636DF8B7F2C74B226B6 {
}
[1785845242.682][DEBUG]: DevTools WebSocket Command: Runtime.evaluate (id=80) (session_id=6B5F1EB51F18E17137D824F0EDF637C5) F1BCCB5B21A87D794D53A7AF1A5C5093 {
   "expression": "1"
}
[1785845242.741][DEBUG]: DevTools WebSocket Response: Runtime.evaluate (id=80) (session_id=6B5F1EB51F18E17137D824F0EDF637C5) F1BCCB5B21A87D794D53A7AF1A5C5093 {
   "result": {
      "description": "1",
      "type": "number",
      "value": 1
   }
}
[1785845242.741][DEBUG]: DevTools WebSocket Command: Runtime.evaluate (id=81) (session_id=6B5F1EB51F18E17137D824F0EDF637C5) F1BCCB5B21A87D794D53A7AF1A5C5093 {
   "expression": "document",
   "objectGroup": "ae0f0bb4-e3da-44df-9ece-5940a1ba8718"
}
[1785845242.770][DEBUG]: DevTools WebSocket Response: Runtime.evaluate (id=81) (session_id=6B5F1EB51F18E17137D824F0EDF637C5) F1BCCB5B21A87D794D53A7AF1A5C5093 {
   "result": {
      "className": "HTMLDocument",
      "description": "#document",
      "objectId": "3280294668383185029.13.2",
      "subtype": "node",
      "type": "object"
   }
}
[1785845242.770][DEBUG]: DevTools WebSocket Command: DOM.describeNode (id=82) (session_id=6B5F1EB51F18E17137D824F0EDF637C5) F1BCCB5B21A87D794D53A7AF1A5C5093 {
   "objectId": "3280294668383185029.13.2"
}
[1785845242.778][DEBUG]: DevTools WebSocket Response: DOM.describeNode (id=82) (session_id=6B5F1EB51F18E17137D824F0EDF637C5) F1BCCB5B21A87D794D53A7AF1A5C5093 {
   "node": {
      "backendNodeId": 128,
      "baseURL": "https://www.reddit.com/r/IsThisAScamIndia/comments/1urw06f/instagram_fake_profile_gpay_upi_scam/",
      "childNodeCount": 2,
      "compatibilityMode": "NoQuirksMode",
      "documentURL": "https://www.reddit.com/r/IsThisAScamIndia/comments/1urw06f/instagram_fake_profile_gpay_upi_scam/",
      "isScrollable": true,
      "localName": "",
      "nodeId": 0,
      "nodeName": "#document",
      "nodeType": 9,
      "nodeValue": "",
      "xmlVersion": ""
   }
}
[1785845242.778][DEBUG]: DevTools WebSocket Command: Runtime.releaseObjectGroup (id=83) (session_id=6B5F1EB51F18E17137D824F0EDF637C5) F1BCCB5B21A87D794D53A7AF1A5C5093 {
   "objectGroup": "ae0f0bb4-e3da-44df-9ece-5940a1ba8718"
}
[1785845242.783][DEBUG]: DevTools WebSocket Command: Runtime.evaluate (id=84) (session_id=6B5F1EB51F18E17137D824F0EDF637C5) F1BCCB5B21A87D794D53A7AF1A5C5093 {
   "awaitPromise": false,
   "expression": "document.readyState",
   "returnByValue": true,
   "uniqueContextId": "6705386645285171645.3821749218210673423"
}
[1785845242.791][DEBUG]: DevTools WebSocket Response: Runtime.releaseObjectGroup (id=83) (session_id=6B5F1EB51F18E17137D824F0EDF637C5) F1BCCB5B21A87D794D53A7AF1A5C5093 {
}
[1785845242.796][DEBUG]: DevTools WebSocket Response: Runtime.evaluate (id=84) (session_id=6B5F1EB51F18E17137D824F0EDF637C5) F1BCCB5B21A87D794D53A7AF1A5C5093 {
   "result": {
      "type": "string",
      "value": "interactive"
   }
}
[1785845243.271][DEBUG]: DevTools WebSocket Event: Page.frameAttached (session_id=6B5F1EB51F18E17137D824F0EDF637C5) F1BCCB5B21A87D794D53A7AF1A5C5093 {
   "frameId": "78610B1D45F4EC0E997FD1F84AD29AAA",
   "parentFrameId": "F1BCCB5B21A87D794D53A7AF1A5C5093",
   "stack": {
      "callFrames": [ {
         "columnNumber": 183,
         "functionName": "",
         "lineNumber": 282,
         "scriptId": "236",
         "url": "https://www.gstatic.com/recaptcha/releases/w_Yb7dGGXaKesJ7BMiqFJqBG/recaptcha__en.js"
      }, {
         "columnNumber": 253,
         "functionName": "",
         "lineNumber": 165,
         "scriptId": "236",
         "url": "https://www.gstatic.com/recaptcha/releases/w_Yb7dGGXaKesJ7BMiqFJqBG/recaptcha__en.js"
      }, {
         "columnNumber": 260,
         "functionName": "",
         "lineNumber": 214,
         "scriptId": "236",
         "url": "https://www.gstatic.com/recaptcha/releases/w_Yb7dGGXaKesJ7BMiqFJqBG/recaptcha__en.js"
      }, {
         "columnNumber": 257,
         "functionName": "",
         "lineNumber": 127,
         "scriptId": "236",
         "url": "https://www.gstatic.com/recaptcha/releases/w_Yb7dGGXaKesJ7BMiqFJqBG/recaptcha__en.js"
      }, {
         "columnNumber": 239,
         "functionName": "r.next",
         "lineNumber": 679,
         "scriptId": "236",
         "url": "https://www.gstatic.com/recaptcha/releases/w_Yb7dGGXaKesJ7BMiqFJqBG/recaptcha__en.js"
      }, {
         "columnNumber": 371,
         "functionName": "",
         "lineNumber": 138,
         "scriptId": "236",
         "url": "https://www.gstatic.com/recaptcha/releases/w_Yb7dGGXaKesJ7BMiqFJqBG/recaptcha__en.js"
      }, {
         "columnNumber": 264,
         "functionName": "",
         "lineNumber": 138,
         "scriptId": "236",
         "url": "https://www.gstatic.com/recaptcha/releases/w_Yb7dGGXaKesJ7BMiqFJqBG/recaptcha__en.js"
      }, {
         "columnNumber": 69,
         "functionName": "",
         "lineNumber": 722,
         "scriptId": "236",
         "url": "https://www.gstatic.com/recaptcha/releases/w_Yb7dGGXaKesJ7BMiqFJqBG/recaptcha__en.js"
      }, {
         "columnNumber": 178,
         "functionName": "",
         "lineNumber": 214,
         "scriptId": "236",
         "url": "https://www.gstatic.com/recaptcha/releases/w_Yb7dGGXaKesJ7BMiqFJqBG/recaptcha__en.js"
      }, {
         "columnNumber": 433,
         "functionName": "",
         "lineNumber": 504,
         "scriptId": "236",
         "url": "https://www.gstatic.com/recaptcha/releases/w_Yb7dGGXaKesJ7BMiqFJqBG/recaptcha__en.js"
      }, {
         "columnNumber": 257,
         "functionName": "",
         "lineNumber": 127,
         "scriptId": "236",
         "url": "https://www.gstatic.com/recaptcha/releases/w_Yb7dGGXaKesJ7BMiqFJqBG/recaptcha__en.js"
      }, {
         "columnNumber": 239,
         "functionName": "r.next",
         "lineNumber": 679,
         "scriptId": "236",
         "url": "https://www.gstatic.com/recaptcha/releases/w_Yb7dGGXaKesJ7BMiqFJqBG/recaptcha__en.js"
      }, {
         "columnNumber": 371,
         "functionName": "",
         "lineNumber": 138,
         "scriptId": "236",
         "url": "https://www.gstatic.com/recaptcha/releases/w_Yb7dGGXaKesJ7BMiqFJqBG/recaptcha__en.js"
      }, {
         "columnNumber": 264,
         "functionName": "",
         "lineNumber": 138,
         "scriptId": "236",
         "url": "https://www.gstatic.com/recaptcha/releases/w_Yb7dGGXaKesJ7BMiqFJqBG/recaptcha__en.js"
      }, {
         "columnNumber": 69,
         "functionName": "",
         "lineNumber": 722,
         "scriptId": "236",
         "url": "https://www.gstatic.com/recaptcha/releases/w_Yb7dGGXaKesJ7BMiqFJqBG/recaptcha__en.js"
      }, {
         "columnNumber": 369,
         "functionName": "",
         "lineNumber": 504,
         "scriptId": "236",
         "url": "https://www.gstatic.com/recaptcha/releases/w_Yb7dGGXaKesJ7BMiqFJqBG/recaptcha__en.js"
      }, {
         "columnNumber": 456,
         "functionName": "",
         "lineNumber": 1422,
         "scriptId": "236",
         "url": "https://www.gstatic.com/recaptcha/releases/w_Yb7dGGXaKesJ7BMiqFJqBG/recaptcha__en.js"
      }, {
         "columnNumber": 257,
         "functionName": "",
         "lineNumber": 127,
         "scriptId": "236",
         "url": "https://www.gstatic.com/recaptcha/releases/w_Yb7dGGXaKesJ7BMiqFJqBG/recaptcha__en.js"
      }, {
         "columnNumber": 239,
         "functionName": "r.next",
         "lineNumber": 679,
         "scriptId": "236",
         "url": "https://www.gstatic.com/recaptcha/releases/w_Yb7dGGXaKesJ7BMiqFJqBG/recaptcha__en.js"
      }, "..." ]
   }
}
[1785845243.271][DEBUG]: DevTools WebSocket Command: Runtime.evaluate (id=85) (session_id=6B5F1EB51F18E17137D824F0EDF637C5) F1BCCB5B21A87D794D53A7AF1A5C5093 {
   "expression": "1"
}
[1785845243.282][DEBUG]: DevTools WebSocket Event: Page.frameRequestedNavigation (session_id=6B5F1EB51F18E17137D824F0EDF637C5) F1BCCB5B21A87D794D53A7AF1A5C5093 {
   "disposition": "currentTab",
   "frameId": "78610B1D45F4EC0E997FD1F84AD29AAA",
   "reason": "initialFrameNavigation",
   "url": "about:blank"
}
[1785845243.284][DEBUG]: DevTools WebSocket Event: Page.frameNavigated (session_id=6B5F1EB51F18E17137D824F0EDF637C5) F1BCCB5B21A87D794D53A7AF1A5C5093 {
   "frame": {
      "adFrameStatus": {
         "adFrameType": "none",
         "explanations": [  ]
      },
      "crossOriginIsolatedContextType": "NotIsolated",
      "domainAndRegistry": "",
      "gatedAPIFeatures": [  ],
      "id": "78610B1D45F4EC0E997FD1F84AD29AAA",
      "loaderId": "8D559367F2B53565EB07382DE2B09FF7",
      "mimeType": "text/html",
      "name": "",
      "parentId": "F1BCCB5B21A87D794D53A7AF1A5C5093",
      "secureContextType": "Secure",
      "securityOrigin": "://",
      "securityOriginDetails": {
         "isLocalhost": false
      },
      "url": "about:blank"
   },
   "type": "Navigation"
}
[1785845243.285][DEBUG]: DevTools WebSocket Event: Page.frameStartedLoading (session_id=6B5F1EB51F18E17137D824F0EDF637C5) F1BCCB5B21A87D794D53A7AF1A5C5093 {
   "frameId": "78610B1D45F4EC0E997FD1F84AD29AAA"
}
[1785845243.316][DEBUG]: DevTools WebSocket Event: Runtime.executionContextCreated (session_id=6B5F1EB51F18E17137D824F0EDF637C5) F1BCCB5B21A87D794D53A7AF1A5C5093 {
   "context": {
      "auxData": {
         "frameId": "78610B1D45F4EC0E997FD1F84AD29AAA",
         "isDefault": true,
         "type": "default"
      },
      "id": 17,
      "name": "",
      "origin": "https://www.reddit.com",
      "uniqueId": "-8972595171791834056.1278152600759726622"
   }
}
[1785845243.318][DEBUG]: DevTools WebSocket Event: Page.frameStoppedLoading (session_id=6B5F1EB51F18E17137D824F0EDF637C5) F1BCCB5B21A87D794D53A7AF1A5C5093 {
   "frameId": "78610B1D45F4EC0E997FD1F84AD29AAA"
}
[1785845243.383][DEBUG]: DevTools WebSocket Response: Runtime.evaluate (id=85) (session_id=6B5F1EB51F18E17137D824F0EDF637C5) F1BCCB5B21A87D794D53A7AF1A5C5093 {
   "result": {
      "description": "1",
      "type": "number",
      "value": 1
   }
}
[1785845243.522][DEBUG]: DevTools WebSocket Event: Target.attachedToTarget (session_id=B6DE76EDD39CD636DF8B7F2C74B226B6) B6DE76EDD39CD636DF8B7F2C74B226B6 {
   "sessionId": "019A585322F24221B9521F3BED233659",
   "targetInfo": {
      "attached": true,
      "browserContextId": "848280274A9631CFC501307315014F8D",
      "canAccessOpener": false,
      "parentFrameId": "443D947B0A0A660A54DED3024DD5529C",
      "parentId": "443D947B0A0A660A54DED3024DD5529C",
      "targetId": "BB80744E1B0DFE8BE9F0D37D1596E9B0",
      "title": "https://www.google.com/recaptcha/enterprise/webworker.js?hl=en&v=w_Yb7dGGXaKesJ7BMiqFJqBG",
      "type": "worker",
      "url": "https://www.google.com/recaptcha/enterprise/webworker.js?hl=en&v=w_Yb7dGGXaKesJ7BMiqFJqBG"
   },
   "waitingForDebugger": false
}
[1785845243.529][DEBUG]: DevTools WebSocket Command: Runtime.evaluate (id=86) (session_id=6B5F1EB51F18E17137D824F0EDF637C5) F1BCCB5B21A87D794D53A7AF1A5C5093 {
   "expression": "1"
}
[1785845243.541][DEBUG]: DevTools WebSocket Response: Runtime.evaluate (id=86) (session_id=6B5F1EB51F18E17137D824F0EDF637C5) F1BCCB5B21A87D794D53A7AF1A5C5093 {
   "result": {
      "description": "1",
      "type": "number",
      "value": 1
   }
}
[1785845243.585][DEBUG]: DevTools WebSocket Event: Page.domContentEventFired (session_id=B6DE76EDD39CD636DF8B7F2C74B226B6) B6DE76EDD39CD636DF8B7F2C74B226B6 {
   "timestamp": 70559.781931
}
[1785845243.586][DEBUG]: DevTools WebSocket Command: Runtime.evaluate (id=87) (session_id=6B5F1EB51F18E17137D824F0EDF637C5) F1BCCB5B21A87D794D53A7AF1A5C5093 {
   "expression": "1"
}
[1785845243.592][DEBUG]: DevTools WebSocket Event: Page.loadEventFired (session_id=B6DE76EDD39CD636DF8B7F2C74B226B6) B6DE76EDD39CD636DF8B7F2C74B226B6 {
   "timestamp": 70559.782782
}
[1785845243.594][DEBUG]: DevTools WebSocket Event: Page.frameStoppedLoading (session_id=B6DE76EDD39CD636DF8B7F2C74B226B6) B6DE76EDD39CD636DF8B7F2C74B226B6 {
   "frameId": "443D947B0A0A660A54DED3024DD5529C"
}
[25479:25479:0804/173723.596386:INFO:CONSOLE:4] "A preload for 'https://www.reddit.com/svc/events/preload-head?renderId=19818feb-96f9-4d1f-af67-6be80cde2081&pageType=post_detail' is found, but is not used because the request credentials mode does not match. Consider taking a look at crossorigin attribute.", source: data:text/javascript,%0A%20%20%20%20%20%20%20%20window.STICKY_CANARY%20%3D%20'false'%3B%0A%20%20%20%20%20%20%20%20window.PRE_PRODUCTION%20%3D%20'false'%3B%0A%20%20%20%20%20%20%20%20if(%22fetch%22in%20window)%7Bconst%20n%3Dwindow.fetch%3Bwindow.fetch%3Dfunction(e%2Ct)%7Bconst%20r%3Dnew%20Headers(t%3F.headers%3F%3F(e%20instanceof%20Request%3Fe.headers%3Avoid%200))%2Ca%3De%20instanceof%20Request%3Fe.url%3Ae%2Co%3D!new%20URLSearchParams(a).has(%22x_use_preprod%22)%3Breturn%22true%22%3D%3D%3Dwindow.PRE_PRODUCTION%26%26o%26%26function(n)%7Bif(%22string%22%3D%3Dtypeof%20n%26%26n.match(%2F%5E%5C%2F%2F))return!0%3Bconst%20e%3Dn%20instanceof%20URL%3Fn%3Anew%20URL(n)%3Breturn%20window.location.host%3D%3D%3De.host%7D(a)%26%26r.set(%22X-Use-Preprod%22%2C%22always%22)%2Cn(e%2C%7B...t%7C%7C%7B%7D%2Cheaders%3Ar%7D)%7D%7Dif(%22sendBeacon%22in%20navigator)%7Bconst%20n%3Dnavigator.sendBeacon.bind(navigator)%3Bnavigator.sendBeacon%3Dfunction(e%2Ct)%7Bconst%20r%3Dfunction(n)%7Bif(%22true%22!%3D%3Dwindow.PRE_PRODUCTION)return%20n%3Bconst%20e%3Dn%20instanceof%20URL%3Fn%3Anew%20URL(n%2Cdocument.baseURI)%3Bif(!e.searchParams.has(%22x_use_preprod%22))return%20e.searchParams.set(%22x_use_preprod%22%2C%22always%22)%2Ce.toString()%3Breturn%20n%7D(e)%3Breturn%20n.call(navigator%2Cr%2Ct)%7D%7Dvar%20n%3D%7B%7D%3Bexport%7Bn%20as%20default%7D%3B%0A%3B%0A%20%20%20%20%20%20 (4)
[1785845243.607][DEBUG]: DevTools WebSocket Event: Log.entryAdded (session_id=6B5F1EB51F18E17137D824F0EDF637C5) F1BCCB5B21A87D794D53A7AF1A5C5093 {
   "entry": {
      "level": "warning",
      "lineNumber": 3,
      "source": "other",
      "stackTrace": {
         "callFrames": [ {
            "columnNumber": 440,
            "functionName": "window.fetch",
            "lineNumber": 3,
            "scriptId": "172",
            "url": ""
         }, {
            "columnNumber": 182385,
            "functionName": "apply",
            "lineNumber": 6,
            "scriptId": "22",
            "url": "https://www.redditstatic.com/js/concat?prefix=en-US/&chunks=CuwoqDoBPD,Dx0EaY5eE7,sef8IJAfJW"
         }, {
            "columnNumber": 15498,
            "functionName": "",
            "lineNumber": 0,
            "scriptId": "228",
            "url": "https://www.redditstatic.com/shreddit/sentry-DswLfAC_.js"
         }, {
            "columnNumber": 87,
            "functionName": "",
            "lineNumber": 19,
            "scriptId": "168",
            "url": "https://www.reddit.com/r/IsThisAScamIndia/comments/1urw06f/instagram_fake_profile_gpay_upi_scam/"
         } ]
      },
      "text": "A preload for 'https://www.reddit.com/svc/events/preload-head?renderId=19818feb-96f9-4d1f-af67-6be80cde2081&pageType=post_detail' is found, but is not used because the request credentials mode does...",
      "timestamp": 1.78584524359435e+12,
      "url": "data:text/javascript,%0A%20%20%20%20%20%20%20%20window.STICKY_CANARY%20%3D%20'false'%3B%0A%20%20%20%20%20%20%20%20window.PRE_PRODUCTION%20%3D%20'false'%3B%0A%20%20%20%20%20%20%20%20if(%22fetch%22in..."
   }
}
[1785845243.647][DEBUG]: DevTools WebSocket Event: Page.loadEventFired (session_id=6B5F1EB51F18E17137D824F0EDF637C5) F1BCCB5B21A87D794D53A7AF1A5C5093 {
   "timestamp": 70559.834512
}
[1785845243.647][DEBUG]: DevTools WebSocket Command: Runtime.evaluate (id=88) (session_id=6B5F1EB51F18E17137D824F0EDF637C5) F1BCCB5B21A87D794D53A7AF1A5C5093 {
   "awaitPromise": false,
   "expression": "document.readyState",
   "returnByValue": true,
   "uniqueContextId": "6705386645285171645.3821749218210673423"
}
[1785845243.694][DEBUG]: DevTools WebSocket Event: Page.frameStoppedLoading (session_id=6B5F1EB51F18E17137D824F0EDF637C5) F1BCCB5B21A87D794D53A7AF1A5C5093 {
   "frameId": "F1BCCB5B21A87D794D53A7AF1A5C5093"
}
[1785845243.694][DEBUG]: DevTools WebSocket Response: Runtime.evaluate (id=87) (session_id=6B5F1EB51F18E17137D824F0EDF637C5) F1BCCB5B21A87D794D53A7AF1A5C5093 {
   "result": {
      "description": "1",
      "type": "number",
      "value": 1
   }
}
[25479:25479:0804/173723.709867:INFO:CONSOLE:0] "<meta name="apple-mobile-web-app-capable" content="yes"> is deprecated. Please include <meta name="mobile-web-app-capable" content="yes">", source: https://www.reddit.com/r/IsThisAScamIndia/comments/1urw06f/instagram_fake_profile_gpay_upi_scam/ (0)
[1785845243.723][DEBUG]: DevTools WebSocket Event: Log.entryAdded (session_id=6B5F1EB51F18E17137D824F0EDF637C5) F1BCCB5B21A87D794D53A7AF1A5C5093 {
   "entry": {
      "level": "warning",
      "source": "other",
      "text": "\u003Cmeta name=\"apple-mobile-web-app-capable\" content=\"yes\"> is deprecated. Please include \u003Cmeta name=\"mobile-web-app-capable\" content=\"yes\">",
      "timestamp": 1.785845243677047e+12,
      "url": "https://www.reddit.com/r/IsThisAScamIndia/comments/1urw06f/instagram_fake_profile_gpay_upi_scam/"
   }
}
[1785845243.727][DEBUG]: DevTools WebSocket Response: Runtime.evaluate (id=88) (session_id=6B5F1EB51F18E17137D824F0EDF637C5) F1BCCB5B21A87D794D53A7AF1A5C5093 {
   "result": {
      "type": "string",
      "value": "complete"
   }
}
[1785845243.727][INFO]: Done waiting for pending navigations. Status: ok
[1785845243.727][INFO]: [a90c3b2f4a48d5352240843ed6bac79e] RESPONSE Navigate
[25479:25479:0804/173723.801571:INFO:CONSOLE:0] "Banner not shown: beforeinstallpromptevent.preventDefault() called. The page must call beforeinstallpromptevent.prompt() to show the banner.", source: https://www.reddit.com/r/IsThisAScamIndia/comments/1urw06f/instagram_fake_profile_gpay_upi_scam/ (0)
[1785845248.871][INFO]: [a90c3b2f4a48d5352240843ed6bac79e] COMMAND Screenshot {
}
[1785845248.875][DEBUG]: DevTools WebSocket Event: Log.entryAdded (session_id=6B5F1EB51F18E17137D824F0EDF637C5) F1BCCB5B21A87D794D53A7AF1A5C5093 {
   "entry": {
      "level": "info",
      "source": "other",
      "text": "Banner not shown: beforeinstallpromptevent.preventDefault() called. The page must call beforeinstallpromptevent.prompt() to show the banner.",
      "timestamp": 1.785845243799132e+12,
      "url": "https://www.reddit.com/r/IsThisAScamIndia/comments/1urw06f/instagram_fake_profile_gpay_upi_scam/"
   }
}
[1785845248.879][DEBUG]: DevTools WebSocket Event: Page.frameAttached (session_id=6B5F1EB51F18E17137D824F0EDF637C5) F1BCCB5B21A87D794D53A7AF1A5C5093 {
   "frameId": "F8431B1FF9091C939DB1BA9978E7681B",
   "parentFrameId": "F1BCCB5B21A87D794D53A7AF1A5C5093",
   "stack": {
      "callFrames": [ {
         "columnNumber": 307,
         "functionName": "",
         "lineNumber": 305,
         "scriptId": "236",
         "url": "https://www.gstatic.com/recaptcha/releases/w_Yb7dGGXaKesJ7BMiqFJqBG/recaptcha__en.js"
      }, {
         "columnNumber": 54,
         "functionName": "jk.l.Y.dh",
         "lineNumber": 1571,
         "scriptId": "236",
         "url": "https://www.gstatic.com/recaptcha/releases/w_Yb7dGGXaKesJ7BMiqFJqBG/recaptcha__en.js"
      }, {
         "columnNumber": 101,
         "functionName": "",
         "lineNumber": 218,
         "scriptId": "236",
         "url": "https://www.gstatic.com/recaptcha/releases/w_Yb7dGGXaKesJ7BMiqFJqBG/recaptcha__en.js"
      }, {
         "columnNumber": 110,
         "functionName": "jk.l.Y.r3",
         "lineNumber": 1570,
         "scriptId": "236",
         "url": "https://www.gstatic.com/recaptcha/releases/w_Yb7dGGXaKesJ7BMiqFJqBG/recaptcha__en.js"
      }, {
         "columnNumber": 109,
         "functionName": "",
         "lineNumber": 669,
         "scriptId": "236",
         "url": "https://www.gstatic.com/recaptcha/releases/w_Yb7dGGXaKesJ7BMiqFJqBG/recaptcha__en.js"
      }, {
         "columnNumber": 290,
         "functionName": "S1",
         "lineNumber": 981,
         "scriptId": "236",
         "url": "https://www.gstatic.com/recaptcha/releases/w_Yb7dGGXaKesJ7BMiqFJqBG/recaptcha__en.js"
      }, {
         "columnNumber": 386,
         "functionName": "",
         "lineNumber": 399,
         "scriptId": "236",
         "url": "https://www.gstatic.com/recaptcha/releases/w_Yb7dGGXaKesJ7BMiqFJqBG/recaptcha__en.js"
      }, {
         "columnNumber": 463,
         "functionName": "jk.l.Y.ec",
         "lineNumber": 1571,
         "scriptId": "236",
         "url": "https://www.gstatic.com/recaptcha/releases/w_Yb7dGGXaKesJ7BMiqFJqBG/recaptcha__en.js"
      } ]
   }
}
[1785845248.880][DEBUG]: DevTools WebSocket Event: Page.frameAttached (session_id=B6DE76EDD39CD636DF8B7F2C74B226B6) B6DE76EDD39CD636DF8B7F2C74B226B6 {
   "frameId": "25D746B94641C749C8D900E70ED7B556",
   "parentFrameId": "443D947B0A0A660A54DED3024DD5529C",
   "stack": {
      "callFrames": [ {
         "columnNumber": 183,
         "functionName": "",
         "lineNumber": 282,
         "scriptId": "6",
         "url": "https://www.gstatic.com/recaptcha/releases/w_Yb7dGGXaKesJ7BMiqFJqBG/recaptcha__en.js"
      }, {
         "columnNumber": 326,
         "functionName": "",
         "lineNumber": 1198,
         "scriptId": "6",
         "url": "https://www.gstatic.com/recaptcha/releases/w_Yb7dGGXaKesJ7BMiqFJqBG/recaptcha__en.js"
      }, {
         "columnNumber": 309,
         "functionName": "",
         "lineNumber": 1205,
         "scriptId": "6",
         "url": "https://www.gstatic.com/recaptcha/releases/w_Yb7dGGXaKesJ7BMiqFJqBG/recaptcha__en.js"
      }, {
         "columnNumber": 202,
         "functionName": "",
         "lineNumber": 352,
         "scriptId": "6",
         "url": "https://www.gstatic.com/recaptcha/releases/w_Yb7dGGXaKesJ7BMiqFJqBG/recaptcha__en.js"
      }, {
         "columnNumber": 194,
         "functionName": "",
         "lineNumber": 221,
         "scriptId": "6",
         "url": "https://www.gstatic.com/recaptcha/releases/w_Yb7dGGXaKesJ7BMiqFJqBG/recaptcha__en.js"
      }, {
         "columnNumber": 201,
         "functionName": "",
         "lineNumber": 575,
         "scriptId": "6",
         "url": "https://www.gstatic.com/recaptcha/releases/w_Yb7dGGXaKesJ7BMiqFJqBG/recaptcha__en.js"
      }, {
         "columnNumber": 94,
         "functionName": "",
         "lineNumber": 386,
         "scriptId": "6",
         "url": "https://www.gstatic.com/recaptcha/releases/w_Yb7dGGXaKesJ7BMiqFJqBG/recaptcha__en.js"
      }, {
         "columnNumber": 257,
         "functionName": "",
         "lineNumber": 127,
         "scriptId": "6",
         "url": "https://www.gstatic.com/recaptcha/releases/w_Yb7dGGXaKesJ7BMiqFJqBG/recaptcha__en.js"
      }, {
         "columnNumber": 239,
         "functionName": "r.next",
         "lineNumber": 679,
         "scriptId": "6",
         "url": "https://www.gstatic.com/recaptcha/releases/w_Yb7dGGXaKesJ7BMiqFJqBG/recaptcha__en.js"
      }, {
         "columnNumber": 371,
         "functionName": "",
         "lineNumber": 138,
         "scriptId": "6",
         "url": "https://www.gstatic.com/recaptcha/releases/w_Yb7dGGXaKesJ7BMiqFJqBG/recaptcha__en.js"
      }, {
         "columnNumber": 264,
         "functionName": "",
         "lineNumber": 138,
         "scriptId": "6",
         "url": "https://www.gstatic.com/recaptcha/releases/w_Yb7dGGXaKesJ7BMiqFJqBG/recaptcha__en.js"
      }, {
         "columnNumber": 69,
         "functionName": "",
         "lineNumber": 722,
         "scriptId": "6",
         "url": "https://www.gstatic.com/recaptcha/releases/w_Yb7dGGXaKesJ7BMiqFJqBG/recaptcha__en.js"
      }, {
         "columnNumber": 451,
         "functionName": "g.Y",
         "lineNumber": 385,
         "scriptId": "6",
         "url": "https://www.gstatic.com/recaptcha/releases/w_Yb7dGGXaKesJ7BMiqFJqBG/recaptcha__en.js"
      }, {
         "columnNumber": 217,
         "functionName": "",
         "lineNumber": 221,
         "scriptId": "6",
         "url": "https://www.gstatic.com/recaptcha/releases/w_Yb7dGGXaKesJ7BMiqFJqBG/recaptcha__en.js"
      }, {
         "columnNumber": 257,
         "functionName": "",
         "lineNumber": 127,
         "scriptId": "6",
         "url": "https://www.gstatic.com/recaptcha/releases/w_Yb7dGGXaKesJ7BMiqFJqBG/recaptcha__en.js"
      }, {
         "columnNumber": 239,
         "functionName": "r.next",
         "lineNumber": 679,
         "scriptId": "6",
         "url": "https://www.gstatic.com/recaptcha/releases/w_Yb7dGGXaKesJ7BMiqFJqBG/recaptcha__en.js"
      }, {
         "columnNumber": 371,
         "functionName": "",
         "lineNumber": 138,
         "scriptId": "6",
         "url": "https://www.gstatic.com/recaptcha/releases/w_Yb7dGGXaKesJ7BMiqFJqBG/recaptcha__en.js"
      }, {
         "columnNumber": 264,
         "functionName": "",
         "lineNumber": 138,
         "scriptId": "6",
         "url": "https://www.gstatic.com/recaptcha/releases/w_Yb7dGGXaKesJ7BMiqFJqBG/recaptcha__en.js"
      }, {
         "columnNumber": 69,
         "functionName": "",
         "lineNumber": 722,
         "scriptId": "6",
         "url": "https://www.gstatic.com/recaptcha/releases/w_Yb7dGGXaKesJ7BMiqFJqBG/recaptcha__en.js"
      }, "..." ]
   }
}
[1785845248.881][DEBUG]: DevTools WebSocket Event: Page.frameRequestedNavigation (session_id=B6DE76EDD39CD636DF8B7F2C74B226B6) B6DE76EDD39CD636DF8B7F2C74B226B6 {
   "disposition": "currentTab",
   "frameId": "25D746B94641C749C8D900E70ED7B556",
   "reason": "initialFrameNavigation",
   "url": "about:blank"
}
[1785845248.881][DEBUG]: DevTools WebSocket Event: Page.frameNavigated (session_id=B6DE76EDD39CD636DF8B7F2C74B226B6) B6DE76EDD39CD636DF8B7F2C74B226B6 {
   "frame": {
      "adFrameStatus": {
         "adFrameType": "none",
         "explanations": [  ]
      },
      "crossOriginIsolatedContextType": "NotIsolatedFeatureDisabled",
      "domainAndRegistry": "",
      "gatedAPIFeatures": [  ],
      "id": "25D746B94641C749C8D900E70ED7B556",
      "loaderId": "29992C169DA3E5FA7E2429D15EAE763E",
      "mimeType": "text/html",
      "name": "",
      "parentId": "443D947B0A0A660A54DED3024DD5529C",
      "secureContextType": "Secure",
      "securityOrigin": "://",
      "securityOriginDetails": {
         "isLocalhost": false
      },
      "url": "about:blank"
   },
   "type": "Navigation"
}
[1785845248.881][DEBUG]: DevTools WebSocket Event: Page.frameRequestedNavigation (session_id=6B5F1EB51F18E17137D824F0EDF637C5) F1BCCB5B21A87D794D53A7AF1A5C5093 {
   "disposition": "currentTab",
   "frameId": "F8431B1FF9091C939DB1BA9978E7681B",
   "reason": "initialFrameNavigation",
   "url": "about:blank"
}
[1785845248.881][DEBUG]: DevTools WebSocket Event: Page.frameNavigated (session_id=6B5F1EB51F18E17137D824F0EDF637C5) F1BCCB5B21A87D794D53A7AF1A5C5093 {
   "frame": {
      "adFrameStatus": {
         "adFrameType": "none",
         "explanations": [  ]
      },
      "crossOriginIsolatedContextType": "NotIsolated",
      "domainAndRegistry": "",
      "gatedAPIFeatures": [  ],
      "id": "F8431B1FF9091C939DB1BA9978E7681B",
      "loaderId": "4C281946157035069699A2DB58AF8135",
      "mimeType": "text/html",
      "name": "",
      "parentId": "F1BCCB5B21A87D794D53A7AF1A5C5093",
      "secureContextType": "Secure",
      "securityOrigin": "://",
      "securityOriginDetails": {
         "isLocalhost": false
      },
      "url": "about:blank"
   },
   "type": "Navigation"
}
[1785845248.881][DEBUG]: DevTools WebSocket Event: Page.frameStartedLoading (session_id=6B5F1EB51F18E17137D824F0EDF637C5) F1BCCB5B21A87D794D53A7AF1A5C5093 {
   "frameId": "F8431B1FF9091C939DB1BA9978E7681B"
}
[1785845248.881][DEBUG]: DevTools WebSocket Event: Page.frameStartedLoading (session_id=B6DE76EDD39CD636DF8B7F2C74B226B6) B6DE76EDD39CD636DF8B7F2C74B226B6 {
   "frameId": "25D746B94641C749C8D900E70ED7B556"
}
[1785845248.881][DEBUG]: DevTools WebSocket Event: Runtime.executionContextCreated (session_id=B6DE76EDD39CD636DF8B7F2C74B226B6) B6DE76EDD39CD636DF8B7F2C74B226B6 {
   "context": {
      "auxData": {
         "frameId": "25D746B94641C749C8D900E70ED7B556",
         "isDefault": true,
         "type": "default"
      },
      "id": 2,
      "name": "",
      "origin": "https://www.google.com",
      "uniqueId": "1485446804499902170.2915532333435330118"
   }
}
[1785845248.882][DEBUG]: DevTools WebSocket Event: Page.frameStoppedLoading (session_id=B6DE76EDD39CD636DF8B7F2C74B226B6) B6DE76EDD39CD636DF8B7F2C74B226B6 {
   "frameId": "25D746B94641C749C8D900E70ED7B556"
}
[1785845248.882][DEBUG]: DevTools WebSocket Event: Runtime.executionContextCreated (session_id=6B5F1EB51F18E17137D824F0EDF637C5) F1BCCB5B21A87D794D53A7AF1A5C5093 {
   "context": {
      "auxData": {
         "frameId": "F8431B1FF9091C939DB1BA9978E7681B",
         "isDefault": true,
         "type": "default"
      },
      "id": 18,
      "name": "",
      "origin": "https://www.reddit.com",
      "uniqueId": "-1582986176701327030.-8914161935736101401"
   }
}
[1785845248.882][DEBUG]: DevTools WebSocket Event: Page.frameStoppedLoading (session_id=6B5F1EB51F18E17137D824F0EDF637C5) F1BCCB5B21A87D794D53A7AF1A5C5093 {
   "frameId": "F8431B1FF9091C939DB1BA9978E7681B"
}
[1785845248.893][DEBUG]: DevTools WebSocket Event: Page.frameSubtreeWillBeDetached (session_id=6B5F1EB51F18E17137D824F0EDF637C5) F1BCCB5B21A87D794D53A7AF1A5C5093 {
   "frameId": "F8431B1FF9091C939DB1BA9978E7681B"
}
[1785845248.894][DEBUG]: DevTools WebSocket Event: Page.frameDetached (session_id=6B5F1EB51F18E17137D824F0EDF637C5) F1BCCB5B21A87D794D53A7AF1A5C5093 {
   "frameId": "F8431B1FF9091C939DB1BA9978E7681B",
   "reason": "remove"
}
[1785845248.894][DEBUG]: DevTools WebSocket Event: Runtime.executionContextDestroyed (session_id=6B5F1EB51F18E17137D824F0EDF637C5) F1BCCB5B21A87D794D53A7AF1A5C5093 {
   "executionContextId": 18,
   "executionContextUniqueId": "-1582986176701327030.-8914161935736101401"
}
[1785845248.894][INFO]: Waiting for pending navigations...
[1785845248.894][DEBUG]: DevTools WebSocket Command: Runtime.evaluate (id=89) (session_id=6B5F1EB51F18E17137D824F0EDF637C5) F1BCCB5B21A87D794D53A7AF1A5C5093 {
   "expression": "1"
}
[1785845248.950][DEBUG]: DevTools WebSocket Response: Runtime.evaluate (id=89) (session_id=6B5F1EB51F18E17137D824F0EDF637C5) F1BCCB5B21A87D794D53A7AF1A5C5093 {
   "result": {
      "description": "1",
      "type": "number",
      "value": 1
   }
}
[1785845248.950][INFO]: Done waiting for pending navigations. Status: ok
[1785845248.950][DEBUG]: DevTools WebSocket Command: Target.activateTarget (id=90) (session_id=) browser {
   "targetId": "F1BCCB5B21A87D794D53A7AF1A5C5093"
}
[1785845248.974][DEBUG]: DevTools WebSocket Response: Target.activateTarget (id=90) (session_id=) browser {
}
[1785845248.974][DEBUG]: DevTools WebSocket Command: Page.captureScreenshot (id=91) (session_id=6B5F1EB51F18E17137D824F0EDF637C5) F1BCCB5B21A87D794D53A7AF1A5C5093 {
}
[25579:25579:0804/173729.199711:ERROR:gpu/command_buffer/service/shared_image/shared_image_manager.cc:254] SharedImageManager::ProduceSkia: Trying to Produce a Skia representation from a non-existent mailbox.
[25479:25479:0804/173729.211185:WARNING:ui/ozone/platform/wayland/host/zwp_idle_inhibit_manager.cc:65] Cannot inhibit going idle when no window is focused
[25579:25579:0804/173729.229634:ERROR:gpu/command_buffer/service/shared_image/shared_image_manager.cc:254] SharedImageManager::ProduceSkia: Trying to Produce a Skia representation from a non-existent mailbox.
[25579:25579:0804/173729.244002:ERROR:gpu/command_buffer/service/shared_image/shared_image_manager.cc:254] SharedImageManager::ProduceSkia: Trying to Produce a Skia representation from a non-existent mailbox.
[25579:25579:0804/173729.262539:ERROR:gpu/command_buffer/service/shared_image/shared_image_manager.cc:254] SharedImageManager::ProduceSkia: Trying to Produce a Skia representation from a non-existent mailbox.
[25579:25579:0804/173729.270942:ERROR:gpu/command_buffer/service/shared_image/shared_image_manager.cc:254] SharedImageManager::ProduceSkia: Trying to Produce a Skia representation from a non-existent mailbox.
[25579:25579:0804/173729.280909:ERROR:gpu/command_buffer/service/shared_image/shared_image_manager.cc:254] SharedImageManager::ProduceSkia: Trying to Produce a Skia representation from a non-existent mailbox.
[25579:25579:0804/173729.282712:ERROR:gpu/command_buffer/service/shared_image/shared_image_manager.cc:254] SharedImageManager::ProduceSkia: Trying to Produce a Skia representation from a non-existent mailbox.
[25579:25579:0804/173729.284416:ERROR:gpu/command_buffer/service/shared_image/shared_image_manager.cc:254] SharedImageManager::ProduceSkia: Trying to Produce a Skia representation from a non-existent mailbox.
[25579:25579:0804/173729.284661:ERROR:gpu/command_buffer/service/shared_image/shared_image_manager.cc:254] SharedImageManager::ProduceSkia: Trying to Produce a Skia representation from a non-existent mailbox.
[1785845251.447][DEBUG]: DevTools WebSocket Event: Log.entryAdded (session_id=6B5F1EB51F18E17137D824F0EDF637C5) F1BCCB5B21A87D794D53A7AF1A5C5093 {
   "entry": {
      "level": "error",
      "networkRequestId": "25650.354",
      "source": "network",
      "text": "Failed to load resource: the server responded with a status of 404 ()",
      "timestamp": 1.785845251428897e+12,
      "url": "https://styles.redditmedia.com/t5_gwzkwu/styles/communityIcon_7o7voj315deh1.jpg?width=128&frame=1&auto=webp&s=ce3fc3b36a225f08b10e2c47dc078d499c73a1ca"
   }
}
[1785845252.621][DEBUG]: DevTools WebSocket Response: Page.captureScreenshot (id=91) (session_id=6B5F1EB51F18E17137D824F0EDF637C5) F1BCCB5B21A87D794D53A7AF1A5C5093 {
   "data": "iVBORw0KGgoAAAANSUhEUgAAB1QAAALJCAIAAACMVYahAAAQAElEQVR4nOzdBXzT6BsH8Ddt5+5usA0ZsDHc3d3dnUMO1/9xh8PhcLi7uzMYDsPH8Lkyd1/l/yRpu847ZRvP99PbpWmSpmlpk1/ePC9PJBIRhBD6DbHffpT4vywjWRR7l/4f81DmRJlTUFlnQQgVi..."
}
[1785845252.624][INFO]: Waiting for pending navigations...
[1785845252.627][DEBUG]: DevTools WebSocket Command: Runtime.evaluate (id=92) (session_id=6B5F1EB51F18E17137D824F0EDF637C5) F1BCCB5B21A87D794D53A7AF1A5C5093 {
   "expression": "1"
}
[1785845253.083][DEBUG]: DevTools WebSocket Response: Runtime.evaluate (id=92) (session_id=6B5F1EB51F18E17137D824F0EDF637C5) F1BCCB5B21A87D794D53A7AF1A5C5093 {
   "result": {
      "description": "1",
      "type": "number",
      "value": 1
   }
}
[1785845253.083][INFO]: Done waiting for pending navigations. Status: ok
[1785845253.084][INFO]: [a90c3b2f4a48d5352240843ed6bac79e] RESPONSE Screenshot "iVBORw0KGgoAAAANSUhEUgAAB1QAAALJCAIAAACMVYahAAAQAElEQVR4nOzdBXzT6BsH8Ddt5+5usA0ZsDHc3d3dnUMO1/9xh8PhcLi7uzMYDsPH8Lkyd1/l/yRpu847ZRvP99PbpWmSpmlpk1/ePC9PJBIRhBD6DbHffpT4vywjWRR7l/4f81DmRJlTUFlnQQgVi..."
[25479:25479:0804/173740.956606:INFO:CONSOLE:0] "The resource https://www.reddit.com/svc/events/preload-head?renderId=19818feb-96f9-4d1f-af67-6be80cde2081&pageType=post_detail was preloaded using link preload but not used within a few seconds from the window's load event. Please make sure it has an appropriate `as` value and it is preloaded intentionally.", source: https://www.reddit.com/r/IsThisAScamIndia/comments/1urw06f/instagram_fake_profile_gpay_upi_scam/ (0)
[1785845263.753][INFO]: [a90c3b2f4a48d5352240843ed6bac79e] COMMAND Quit {
}
[1785845263.796][DEBUG]: DevTools WebSocket Command: Browser.close (id=93) (session_id=) browser {
}
[25581:25645:0804/173752.103519:WARNING:net/extras/sqlite/sqlite_persistent_store_backend_base.cc:181] Failed to post task from FlushAndNotifyInBackground@net/extras/sqlite/sqlite_persistent_store_backend_base.cc:231 to client_task_runner_.
[25581:25645:0804/173752.904100:WARNING:net/extras/sqlite/sqlite_persistent_store_backend_base.cc:181] Failed to post task from FlushAndNotifyInBackground@net/extras/sqlite/sqlite_persistent_store_backend_base.cc:231 to client_task_runner_.
No valid task runner, exiting ungracefully.
[1785845273.922][INFO]: [a90c3b2f4a48d5352240843ed6bac79e] RESPONSE Quit
[1785845273.978][DEBUG]: Log type 'driver' lost 0 entries on destruction
[1785845273.978][DEBUG]: Log type 'browser' lost 30 entries on destruction
